# Generated from gaspra.tab
# Longitude/latitude radius grid archived by the NASA Planetary Data System.
v 0.000000 -4.700000 0.000000
v 0.406508 -4.646407 0.000000
v 0.808216 -4.583620 0.000000
v 1.221126 -4.557306 0.000000
v 1.641697 -4.510525 0.000000
v 2.070829 -4.440908 0.000000
v 2.500000 -4.330127 0.000000
v 2.934838 -4.191383 0.000000
v 3.406774 -4.060036 0.000000
v 4.022019 -4.022019 0.000000
v 4.642455 -3.895482 0.000000
v 5.334193 -3.735042 0.000000
v 6.060461 -3.499009 0.000000
v 6.887939 -3.211899 0.000000
v 7.517541 -2.736161 0.000000
v 8.250100 -2.210608 0.000000
v 9.091368 -1.603053 0.000000
v 9.912137 -0.867200 0.000000
v 10.459560 0.000000 0.000000
v 10.659283 0.932566 0.000000
v 10.045039 1.771211 0.000000
v 8.916767 2.389240 0.000000
v 8.053606 2.931273 0.000000
v 7.200287 3.357549 0.000000
v 6.466584 3.733484 0.000000
v 5.635095 3.945736 0.000000
v 4.796852 4.025037 0.000000
v 3.945533 3.945533 0.000000
v 3.213938 3.830222 0.000000
v 2.667130 3.809057 0.000000
v 2.212729 3.832558 0.000000
v 1.810039 3.881642 0.000000
v 1.436485 3.946709 0.000000
v 1.066208 3.979143 0.000000
v 0.711082 4.032747 0.000000
v 0.360933 4.125486 0.000000
v 0.000000 4.250000 0.000000
v 0.000000 -4.700000 0.000000
v 0.405116 -4.648180 0.035443
v 0.805729 -4.586974 0.070492
v 1.212435 -4.542152 0.106074
v 1.636559 -4.513585 0.143180
v 2.042600 -4.397102 0.178704
v 2.470855 -4.295994 0.216172
v 2.900142 -4.157654 0.253730
v 3.329776 -3.983431 0.291318
v 3.900442 -3.915341 0.341244
v 4.495486 -3.786570 0.393304
v 5.173238 -3.636177 0.452600
v 5.898080 -3.418265 0.516015
v 6.734388 -3.152292 0.589183
v 7.564447 -2.763751 0.661803
v 8.346059 -2.244862 0.730186
v 9.062432 -1.604055 0.792860
v 9.985181 -0.876927 0.873590
v 10.620312 0.000000 0.929157
v 10.142368 0.890732 0.887342
v 9.353513 1.655577 0.818326
v 8.313842 2.236197 0.727367
v 7.296995 2.666034 0.638404
v 6.793170 3.179807 0.594325
v 6.239988 3.616420 0.545928
v 5.450729 3.831220 0.476877
v 4.746025 3.997600 0.415223
v 3.897957 3.912847 0.341027
v 3.233725 3.868524 0.282914
v 2.685551 3.850015 0.234955
v 2.236441 3.888426 0.195663
v 1.832639 3.945120 0.160335
v 1.437687 3.965101 0.125781
v 1.062483 3.980387 0.092955
v 0.708543 4.033699 0.061990
v 0.359604 4.125991 0.031461
v 0.000000 4.250000 0.000000
v 0.000000 -4.700000 0.000000
v 0.400625 -4.649807 0.070641
v 0.797001 -4.589748 0.140533
v 1.194891 -4.528189 0.210692
v 1.611241 -4.495140 0.284105
v 2.003602 -4.363022 0.353289
v 2.415076 -4.247564 0.425843
v 2.800701 -4.061520 0.493839
v 3.228413 -3.906827 0.569256
v 3.737609 -3.795268 0.659041
v 4.241482 -3.613930 0.747888
v 4.854017 -3.451251 0.855894
v 5.595271 -3.280266 0.986597
v 6.443465 -3.050989 1.136157
v 7.242317 -2.676652 1.277016
v 8.083373 -2.199346 1.425317
v 8.856122 -1.585663 1.561573
v 9.774740 -0.868371 1.723550
v 9.848078 0.000000 1.736482
v 9.320072 0.827980 1.643380
v 8.457060 1.514212 1.491208
v 7.667085 2.086082 1.351914
v 6.801812 2.513848 1.199343
v 6.260763 2.964479 1.103942
v 5.883323 3.449138 1.037389
v 5.211329 3.705304 0.918898
v 4.537783 3.866391 0.800134
v 3.795185 3.853732 0.669194
v 3.244018 3.925710 0.572008
v 2.685979 3.895152 0.473611
v 2.229689 3.921512 0.393154
v 1.818784 3.960565 0.320701
v 1.431502 3.993694 0.252412
v 1.051143 3.983438 0.185345
v 0.700859 4.036087 0.123580
v 0.355604 4.127274 0.062703
v 0.000000 4.250000 0.000000
v 0.000000 -4.700000 0.000000
v 0.393070 -4.651298 0.105323
v 0.782099 -4.591970 0.209563
v 1.168655 -4.515335 0.313140
v 1.574280 -4.477879 0.421827
v 1.954351 -4.338965 0.523667
v 2.348793 -4.211740 0.629357
v 2.721724 -4.024144 0.729284
v 3.088344 -3.810381 0.827519
v 3.525967 -3.650350 0.944780
v 3.956153 -3.436710 1.060048
v 4.507754 -3.267708 1.207849
v 5.161367 -3.085037 1.382984
v 5.839092 -2.818864 1.564580
v 6.607862 -2.489907 1.770571
v 7.464102 -2.070552 2.000000
v 8.390036 -1.531577 2.248103
v 8.885444 -0.804798 2.380848
v 8.789925 0.000000 2.355253
v 8.371577 0.758255 2.243157
v 7.737455 1.412450 2.073245
v 7.065125 1.959876 1.893094
v 6.297652 2.373016 1.687451
v 5.811062 2.805332 1.557069
v 5.470005 3.269515 1.465683
v 4.889864 3.544702 1.310235
v 4.217670 3.663889 1.130121
v 3.660948 3.790092 0.980948
v 3.124343 3.854795 0.837165
v 2.637767 3.900011 0.706787
v 2.176975 3.903644 0.583319
v 1.768804 3.927022 0.473950
v 1.396692 3.972749 0.374243
v 1.032241 3.988273 0.276588
v 0.688070 4.039892 0.184368
v 0.348959 4.129326 0.093503
v 0.000000 4.250000 0.000000
v 0.000000 -4.700000 0.000000
v 0.382507 -4.652662 0.139221
v 0.761143 -4.593687 0.277033
v 1.143089 -4.539851 0.416050
v 1.525955 -4.461594 0.555402
v 1.895010 -4.324672 0.689727
v 2.272448 -4.188599 0.827103
v 2.609475 -3.965889 0.949771
v 2.953937 -3.746294 1.075145
v 3.307947 -3.520244 1.203994
v 3.676026 -3.282512 1.337964
v 4.106250 -3.059753 1.494553
v 4.621170 -2.839262 1.681968
v 5.195070 -2.577971 1.890851
v 5.916249 -2.291535 2.153338
v 6.671399 -1.902320 2.428191
v 7.458858 -1.399604 2.714802
v 7.897944 -0.735326 2.874616
v 7.987387 0.000000 2.907171
v 7.657435 0.712934 2.787079
v 7.264520 1.363138 2.644069
v 6.737787 1.921250 2.452354
v 6.009628 2.327704 2.187326
v 5.500958 2.729764 2.002185
v 5.078954 3.120526 1.848588
v 4.506795 3.358217 1.640339
v 3.919652 3.500058 1.426637
v 3.408695 3.627458 1.240664
v 2.911390 3.692334 1.059659
v 2.477833 3.765819 0.901857
v 2.104407 3.878864 0.765941
v 1.713813 3.911156 0.623777
v 1.357275 3.968406 0.494008
v 1.005864 3.994856 0.366105
v 0.670243 4.045086 0.243949
v 0.339712 4.132128 0.123645
v 0.000000 4.250000 0.000000
v 0.000000 -4.700000 0.000000
v 0.369017 -4.653915 0.172075
v 0.734304 -4.594957 0.342412
v 1.093095 -4.501214 0.509719
v 1.466601 -4.446009 0.683887
v 1.825441 -4.319361 0.851217
v 2.185232 -4.176212 1.018991
v 2.481998 -3.911100 1.157375
v 2.780293 -3.655959 1.296472
v 3.101021 -3.421598 1.446030
v 3.409194 -3.156382 1.589733
v 3.737239 -2.887367 1.742703
v 4.138301 -2.636245 1.929722
v 4.649089 -2.392019 2.167906
v 5.237652 -2.103424 2.442357
v 5.865355 -1.734088 2.735060
v 6.522782 -1.269042 3.041623
v 6.818539 -0.658214 3.179537
v 6.866623 0.000000 3.201959
v 6.681157 0.644952 3.115475
v 6.515534 1.267632 3.038244
v 6.220936 1.839215 2.900870
v 5.586829 2.243652 2.605181
v 5.102750 2.625434 2.379451
v 4.644224 2.958536 2.165637
v 4.054435 3.132430 1.890614
v 3.573565 3.308564 1.666381
v 3.110727 3.432308 1.450556
v 2.650664 3.485502 1.236025
v 2.315429 3.648624 1.079702
v 1.988538 3.800308 0.927271
v 1.639638 3.879714 0.764576
v 1.303445 3.951400 0.607806
v 0.972139 4.003133 0.453316
v 0.647476 4.051625 0.301923
v 0.327924 4.135662 0.152913
v 0.000000 4.250000 0.000000
v 0.000000 -4.700000 0.000000
v 0.352703 -4.655074 0.203633
v 0.701804 -4.595856 0.405187
v 1.048993 -4.520533 0.605637
v 1.396625 -4.430810 0.806342
v 1.745280 -4.321772 1.007638
v 2.083367 -4.166734 1.202832
v 2.334166 -3.849235 1.347632
v 2.583968 -3.555846 1.491854
v 2.864981 -3.308195 1.654097
v 3.147146 -3.049297 1.817005
v 3.423907 -2.768332 1.976794
v 3.787500 -2.525000 2.186714
v 4.243266 -2.284769 2.449851
v 4.703229 -1.976657 2.715411
v 5.080424 -1.571889 2.933184
v 5.463681 -1.112432 3.154457
v 5.751531 -0.581038 3.320648
v 5.880247 0.000000 3.394962
v 5.856700 0.591663 3.381367
v 5.710977 1.162783 3.297234
v 5.521093 1.708232 3.187604
v 5.138013 2.159387 2.966433
v 4.699983 2.530685 2.713536
v 4.200000 2.800000 2.424871
v 3.680073 2.975450 2.124691
v 3.237152 3.136505 1.868970
v 2.768622 3.196929 1.598465
v 2.418378 3.327974 1.396251
v 2.124586 3.503619 1.226630
v 1.861941 3.723882 1.074992
v 1.553884 3.847826 0.897135
v 1.239231 3.931477 0.715470
v 0.931228 4.013035 0.537645
v 0.619893 4.059454 0.357896
v 0.313669 4.139898 0.181097
v 0.000000 4.250000 0.000000
v 0.000000 -4.700000 0.000000
v 0.333691 -4.656160 0.233653
v 0.663907 -4.596467 0.464873
v 0.992217 -4.520533 0.694758
v 1.316081 -4.414203 0.921530
v 1.653391 -4.328511 1.157717
v 1.962312 -4.149199 1.374026
v 2.185931 -3.811054 1.530605
v 2.414679 -3.513025 1.690776
v 2.676530 -3.267439 1.874126
v 2.948034 -3.019823 2.064235
v 3.220848 -2.753167 2.255262
v 3.476092 -2.450000 2.433986
v 3.860500 -2.197615 2.703151
v 4.172051 -1.853749 2.921302
v 4.510069 -1.475269 3.157984
v 4.859033 -1.045934 3.402331
v 5.009276 -0.535010 3.507533
v 5.136083 0.000000 3.596324
v 5.089119 0.543538 3.563440
v 5.058055 1.088774 3.541688
v 4.906510 1.604947 3.435575
v 4.637279 2.060462 3.247058
v 4.214776 2.399289 2.951218
v 3.753123 2.645255 2.627965
v 3.306722 2.826571 2.315392
v 2.933319 3.004750 2.053932
v 2.522328 3.079194 1.766153
v 2.222002 3.232708 1.555863
v 1.972596 3.439116 1.381227
v 1.737637 3.674134 1.216706
v 1.460152 3.822620 1.022410
v 1.168020 3.917597 0.817856
v 0.883092 4.023359 0.618347
v 0.587539 4.067743 0.411399
v 0.297016 4.144418 0.207973
v 0.000000 4.250000 0.000000
v 0.000000 -4.700000 0.000000
v 0.312126 -4.657198 0.261905
v 0.620921 -4.596886 0.521015
v 0.925906 -4.510874 0.776928
v 1.223813 -4.389300 1.026901
v 1.533723 -4.293589 1.286946
v 1.823186 -4.122281 1.529835
v 2.043140 -3.809057 1.714398
v 2.271519 -3.533856 1.906031
v 2.491706 -3.252691 2.090790
v 2.679219 -2.934727 2.248131
v 2.918056 -2.667266 2.448539
v 3.173608 -2.391876 2.662973
v 3.471360 -2.113091 2.912817
v 3.743201 -1.778505 3.140918
v 4.069682 -1.423505 3.414868
v 4.300117 -0.989795 3.608227
v 4.387994 -0.501146 3.681964
v 4.381774 0.000000 3.676745
v 4.326944 0.494173 3.630737
v 4.301520 0.990117 3.609403
v 4.277774 1.496292 3.589479
v 4.101422 1.948706 3.441501
v 3.743848 2.278961 3.141462
v 3.340609 2.517741 2.803104
v 3.024896 2.764924 2.538189
v 2.678988 2.934474 2.247937
v 2.312582 3.018861 1.940486
v 2.048400 3.186745 1.718812
v 1.818091 3.389495 1.525560
v 1.612326 3.645521 1.352902
v 1.360372 3.808299 1.141487
v 1.090946 3.912763 0.915413
v 0.828256 4.035137 0.694989
v 0.550723 4.077183 0.462111
v 0.278105 4.149568 0.233358
v 0.000000 4.250000 0.000000
v 0.000000 -4.700000 0.000000
v 0.288175 -4.658209 0.288175
v 0.573189 -4.597210 0.573189
v 0.851009 -4.491555 0.851009
v 1.120633 -4.354241 1.120633
v 1.402568 -4.253697 1.402568
v 1.671296 -4.093822 1.671296
v 1.894058 -3.825440 1.894058
v 2.090790 -3.523804 2.090790
v 2.260000 -3.196123 2.260000
v 2.448372 -2.905400 2.448372
v 2.630118 -2.604456 2.630118
v 2.884277 -2.355002 2.884277
v 3.076111 -2.028568 3.076111
v 3.322315 -1.710101 3.322315
v 3.585817 -1.358800 3.585817
v 3.760367 -0.937700 3.760367
v 3.822149 -0.472906 3.822149
v 3.802716 0.000000 3.802716
v 3.708316 0.458821 3.708316
v 3.678862 0.917376 3.678862
v 3.694549 1.400003 3.694549
v 3.585266 1.845450 3.585266
v 3.301214 2.177014 3.301214
v 3.012645 2.459814 3.012645
v 2.742054 2.715299 2.742054
v 2.446090 2.902693 2.446090
v 2.123897 3.003644 2.123897
v 1.877165 3.163764 1.877165
v 1.675306 3.383626 1.675306
v 1.487774 3.644286 1.487774
v 1.255112 3.806493 1.255112
v 1.008347 3.917952 1.008347
v 0.767020 4.048268 0.767020
v 0.509662 4.087693 0.509662
v 0.257063 4.155308 0.257063
v 0.000000 4.250000 0.000000
v 0.000000 -4.700000 0.000000
v 0.262019 -4.659224 0.312262
v 0.521089 -4.597542 0.621010
v 0.771937 -4.481896 0.919958
v 1.010524 -4.319301 1.204296
v 1.263569 -4.215594 1.505862
v 1.510551 -4.070319 1.800204
v 1.725459 -3.833632 2.056322
v 1.900609 -3.523804 2.265058
v 2.054428 -3.196123 2.448372
v 2.215817 -2.892544 2.640708
v 2.385230 -2.598301 2.842606
v 2.560797 -2.300101 3.051839
v 2.714746 -1.969401 3.235308
v 2.899309 -1.641697 3.455262
v 3.104426 -1.294095 3.699711
v 3.251419 -0.891917 3.874891
v 3.240923 -0.441116 3.862381
v 3.232440 0.000000 3.852272
v 3.201708 0.435779 3.815647
v 3.223401 0.884231 3.841500
v 3.238114 1.349824 3.859034
v 3.119050 1.766122 3.717139
v 2.910875 2.111682 3.469046
v 2.677148 2.404608 3.190501
v 2.438682 2.656528 2.906307
v 2.197973 2.869250 2.619442
v 1.959505 3.048449 2.335247
v 1.730142 3.207751 2.061903
v 1.543547 3.429459 1.839528
v 1.354875 3.650836 1.614677
v 1.144344 3.817829 1.363776
v 0.921240 3.937669 1.097891
v 0.700648 4.067992 0.835000
v 0.464606 4.099196 0.553696
v 0.234034 4.161589 0.278911
v 0.000000 4.250000 0.000000
v 0.000000 -4.700000 0.000000
v 0.233859 -4.660262 0.333985
v 0.465026 -4.597982 0.664126
v 0.687335 -4.472237 0.981616
v 0.894530 -4.284869 1.277521
v 1.116484 -4.174349 1.594505
v 1.362244 -4.113621 1.945486
v 1.546253 -3.850015 2.208278
v 1.710712 -3.554446 2.443149
v 1.873779 -3.266833 2.676033
v 1.990414 -2.911828 2.842606
v 2.128404 -2.598301 3.039676
v 2.260130 -2.275000 3.227799
v 2.364562 -1.922348 3.376945
v 2.511673 -1.593814 3.587040
v 2.662098 -1.243613 3.801870
v 2.766139 -0.850357 3.950455
v 2.750966 -0.419610 3.928786
v 2.743355 0.000000 3.917917
v 2.752693 0.419873 3.931252
v 2.796358 0.859647 3.993613
v 2.784975 1.301016 3.977357
v 2.696488 1.711091 3.850983
v 2.522119 2.050439 3.601959
v 2.329559 2.344886 3.326955
v 2.138813 2.611009 3.054542
v 1.952082 2.855750 2.787862
v 1.775070 3.094741 2.535063
v 1.569872 3.261815 2.242009
v 1.397619 3.479932 1.996007
v 1.211666 3.658914 1.730438
v 1.026100 3.836416 1.465422
v 0.829133 3.971615 1.184125
v 0.628596 4.090043 0.897728
v 0.416261 4.115809 0.594482
v 0.209174 4.168361 0.298732
v 0.000000 4.250000 0.000000
v 0.000000 -4.700000 0.000000
v 0.203908 -4.661349 0.353178
v 0.405431 -4.598627 0.702227
v 0.599166 -4.472237 1.037786
v 0.773675 -4.251307 1.340044
v 0.978361 -4.196205 1.694571
v 1.195000 -4.139601 2.069801
v 1.347905 -3.850015 2.334639
v 1.504123 -3.585088 2.605217
v 1.626346 -3.252691 2.816913
v 1.742751 -2.924684 3.018533
v 1.834901 -2.569622 3.178141
v 1.913916 -2.210000 3.315000
v 2.001432 -1.866566 3.466582
v 2.135535 -1.554542 3.698855
v 2.260266 -1.211273 3.914896
v 2.318124 -0.817496 4.015108
v 2.356685 -0.412366 4.081898
v 2.361704 0.000000 4.090590
v 2.358060 0.412607 4.084279
v 2.343288 0.826370 4.058694
v 2.322630 1.244694 4.022914
v 2.239072 1.629911 3.878186
v 2.127006 1.983678 3.684082
v 1.991858 2.300000 3.450000
v 1.856683 2.600126 3.215869
v 1.713325 2.875301 2.967566
v 1.559617 3.119233 2.701335
v 1.397196 3.330227 2.420015
v 1.229424 3.511600 2.129425
v 1.064551 3.687712 1.843856
v 0.899710 3.858870 1.558344
v 0.730549 4.014335 1.265348
v 0.551019 4.112858 0.954392
v 0.364379 4.132990 0.631123
v 0.182657 4.175567 0.316372
v 0.000000 4.250000 0.000000
v 0.000000 -4.700000 0.000000
v 0.172393 -4.662512 0.369698
v 0.342755 -4.599564 0.735040
v 0.506437 -4.472237 1.086058
v 0.658548 -4.281274 1.412260
v 0.830519 -4.214331 1.781053
v 1.014284 -4.156922 2.175139
v 1.148994 -3.882781 2.464026
v 1.282206 -3.615730 2.749699
v 1.379627 -3.264476 2.958620
v 1.479512 -2.937539 3.172823
v 1.550925 -2.569622 3.325969
v 1.603072 -2.190000 3.437799
v 1.681831 -1.855695 3.606698
v 1.798521 -1.548935 3.856941
v 1.880520 -1.192291 4.032788
v 1.937431 -0.808345 4.154834
v 1.975620 -0.408985 4.236731
v 1.986306 0.000000 4.259647
v 1.997421 0.413498 4.283484
v 1.959841 0.817695 4.202892
v 1.928980 1.223015 4.136710
v 1.859416 1.601379 3.987530
v 1.772289 1.955505 3.800687
v 1.699837 2.322193 3.645312
v 1.594228 2.641369 3.418834
v 1.468726 2.916124 3.149692
v 1.337756 3.165400 2.868826
v 1.205770 3.400185 2.585781
v 1.059786 3.581320 2.272719
v 0.920259 3.771573 1.973502
v 0.775495 3.935123 1.663055
v 0.627856 4.081744 1.346441
v 0.471089 4.160083 1.010253
v 0.310507 4.166810 0.665883
v 0.154973 4.191370 0.332341
v 0.000000 4.250000 0.000000
v 0.000000 -4.700000 0.000000
v 0.139553 -4.663767 0.383420
v 0.277467 -4.600878 0.762334
v 0.411624 -4.491555 1.130928
v 0.538772 -4.328000 1.480263
v 0.679357 -4.259647 1.866517
v 0.834529 -4.226204 2.292850
v 0.941639 -3.931930 2.587131
v 1.042072 -3.631051 2.863068
v 1.138139 -3.327696 3.127011
v 1.210452 -2.969679 3.325690
v 1.260749 -2.581094 3.463880
v 1.303272 -2.200000 3.580710
v 1.368619 -1.865965 3.760251
v 1.462054 -1.555885 4.016959
v 1.513077 -1.185391 4.157144
v 1.549391 -0.798782 4.256916
v 1.574120 -0.402660 4.324860
v 1.590394 0.000000 4.369571
v 1.592363 0.407326 4.374981
v 1.557216 0.802816 4.278416
v 1.546068 1.211237 4.247786
v 1.502047 1.598446 4.126841
v 1.440114 1.963440 3.956680
v 1.392040 2.349845 3.824598
v 1.293414 2.647968 3.553626
v 1.191756 2.923811 3.274324
v 1.089802 3.186367 2.994206
v 0.980985 3.418196 2.695233
v 0.873901 3.649085 2.401024
v 0.756413 3.830610 2.078228
v 0.637599 3.997819 1.751788
v 0.515817 4.143601 1.417195
v 0.385248 4.203743 1.058460
v 0.253342 4.200852 0.696052
v 0.125900 4.207488 0.345908
v 0.000000 4.250000 0.000000
v 0.000000 -4.700000 0.000000
v 0.105636 -4.665134 0.394239
v 0.210049 -4.602634 0.783915
v 0.312831 -4.510874 1.167500
v 0.413539 -4.389893 1.543347
v 0.517951 -4.291607 1.933019
v 0.634107 -4.243524 2.366518
v 0.721479 -3.981079 2.692597
v 0.803546 -3.699995 2.998875
v 0.875830 -3.383949 3.268643
v 0.922447 -2.990603 3.442619
v 0.954334 -2.581849 3.561622
v 0.994597 -2.218657 3.711886
v 1.052564 -1.896377 3.928222
v 1.105955 -1.555274 4.127479
v 1.138875 -1.179050 4.250340
v 1.172480 -0.798782 4.375756
v 1.200149 -0.405687 4.479016
v 1.206097 0.000000 4.501214
v 1.206798 0.407934 4.503832
v 1.186143 0.808090 4.426745
v 1.173785 1.215191 4.380623
v 1.142552 1.606741 4.264063
v 1.111096 2.001833 4.146667
v 1.056046 2.355733 3.941219
v 0.982597 2.658313 3.667103
v 0.908651 2.945876 3.391132
v 0.829990 3.206834 3.097564
v 0.745940 3.434744 2.783888
v 0.666154 3.675797 2.486120
v 0.577910 3.867452 2.156791
v 0.485053 4.019019 1.810241
v 0.394509 4.187886 1.472328
v 0.293858 4.237290 1.096691
v 0.193269 4.234944 0.721291
v 0.095644 4.223863 0.356948
v 0.000000 4.250000 0.000000
v 0.000000 -4.700000 0.000000
v 0.070897 -4.666627 0.402074
v 0.140996 -4.604890 0.799631
v 0.211234 -4.539851 1.197969
v 0.281381 -4.452038 1.595792
v 0.353514 -4.365794 2.004875
v 0.428911 -4.278165 2.432475
v 0.494018 -4.062994 2.801718
v 0.544700 -3.738297 3.089148
v 0.591549 -3.406594 3.354840
v 0.621208 -3.001788 3.523043
v 0.636895 -2.568174 3.612011
v 0.664318 -2.208743 3.767536
v 0.704907 -1.892928 3.997727
v 0.730455 -1.531050 4.142619
v 0.757614 -1.169042 4.296643
v 0.784841 -0.796949 4.451055
v 0.813041 -0.409632 4.610983
v 0.821356 0.000000 4.658141
v 0.825150 0.415733 4.679657
v 0.810588 0.823092 4.597072
v 0.804963 1.242104 4.565171
v 0.786655 1.648845 4.461340
v 0.765127 2.054641 4.339251
v 0.715927 2.380335 4.060226
v 0.665532 2.683648 3.774420
v 0.615874 2.976015 3.492794
v 0.560838 3.229740 3.180673
v 0.505306 3.467930 2.865730
v 0.449003 3.692770 2.546423
v 0.392379 3.913776 2.225291
v 0.327890 4.049351 1.859557
v 0.266996 4.224429 1.514207
v 0.198721 4.270910 1.127001
v 0.130396 4.258685 0.739513
v 0.064422 4.240430 0.365353
v 0.000000 4.250000 0.000000
v 0.000000 -4.700000 0.000000
v 0.035596 -4.668256 0.406865
v 0.070810 -4.607685 0.809368
v 0.106472 -4.559170 1.216977
v 0.142189 -4.482334 1.625228
v 0.178643 -4.395593 2.041899
v 0.215710 -4.286826 2.465582
v 0.248453 -4.071186 2.839827
v 0.274511 -3.753618 3.137674
v 0.292244 -3.353124 3.340364
v 0.308289 -2.968080 3.523760
v 0.317702 -2.552415 3.631355
v 0.330355 -2.188385 3.775971
v 0.352974 -1.888511 4.034514
v 0.371005 -1.549351 4.240609
v 0.384612 -1.182440 4.396134
v 0.406559 -0.822521 4.646995
v 0.425206 -0.426830 4.860125
v 0.429678 0.000000 4.911240
v 0.432384 0.434036 4.942171
v 0.420575 0.850876 4.807195
v 0.425811 1.309102 4.867043
v 0.413101 1.725145 4.721761
v 0.393084 2.103109 4.492970
v 0.366563 2.428240 4.189831
v 0.341590 2.744324 3.904387
v 0.314147 3.024475 3.590713
v 0.285854 3.279809 3.267328
v 0.257305 3.518352 2.941013
v 0.228854 3.750045 2.615818
v 0.199664 3.967925 2.282165
v 0.166243 4.090493 1.900170
v 0.135184 4.261495 1.545155
v 0.100524 4.304477 1.148992
v 0.065769 4.279603 0.751738
v 0.032441 4.254539 0.370808
v 0.000000 4.250000 0.000000
v 0.000000 -4.700000 0.000000
v 0.000000 -4.670028 0.408575
v 0.000000 -4.611045 0.813052
v 0.000000 -4.573934 1.225582
v 0.000000 -4.508795 1.641067
v 0.000000 -4.410623 2.056707
v 0.000000 -4.278165 2.470000
v 0.000000 -4.054803 2.839203
v 0.000000 -3.753618 3.149659
v 0.000000 -3.360779 3.360779
v 0.000000 -2.926647 3.487842
v 0.000000 -2.535986 3.621764
v 0.000000 -2.218344 3.842285
v 0.000000 -1.921345 4.120338
v 0.000000 -1.552705 4.266023
v 0.000000 -1.209145 4.512590
v 0.000000 -0.841127 4.770266
v 0.000000 -0.447695 5.117177
v 0.000000 0.000000 5.200000
v 0.000000 0.457568 5.230022
v 0.000000 0.921013 5.223324
v 0.000000 1.362057 5.083265
v 0.000000 1.781535 4.894726
v 0.000000 2.134006 4.576390
v 0.000000 2.445898 4.236420
v 0.000000 2.787771 3.981349
v 0.000000 3.085744 3.677446
v 0.000000 3.363410 3.363410
v 0.000000 3.633219 3.048632
v 0.000000 3.896523 2.728375
v 0.000000 4.082822 2.357219
v 0.000000 4.152431 1.936311
v 0.000000 4.298635 1.564575
v 0.000000 4.337854 1.162324
v 0.000000 4.300536 0.758301
v 0.000000 4.264524 0.373098
v 0.000000 4.250000 0.000000
v -0.000000 -4.700000 0.000000
v -0.035624 -4.671946 0.407187
v -0.070923 -4.614980 0.810649
v -0.107152 -4.588320 1.224758
v -0.142908 -4.505004 1.633448
v -0.178413 -4.389939 2.039273
v -0.213467 -4.242243 2.439940
v -0.247953 -4.062994 2.834113
v -0.274511 -3.753618 3.137674
v -0.291502 -3.344615 3.331888
v -0.305541 -2.941627 3.492354
v -0.320652 -2.576113 3.665071
v -0.341589 -2.262802 3.904375
v -0.360315 -1.927788 4.118423
v -0.379859 -1.586327 4.341813
v -0.402872 -1.238579 4.604849
v -0.441043 -0.892286 5.041147
v -0.490556 -0.492430 5.607082
v -0.509861 0.000000 5.827739
v -0.500107 0.502017 5.716246
v -0.478334 0.967730 5.467383
v -0.459622 1.413050 5.253506
v -0.438878 1.832793 5.016394
v -0.407065 2.177914 4.652778
v -0.378194 2.505290 4.322777
v -0.354874 2.851053 4.056232
v -0.329299 3.170355 3.763905
v -0.298441 3.424228 3.411198
v -0.273694 3.742450 3.128339
v -0.243607 3.991783 2.784440
v -0.209993 4.173208 2.400234
v -0.171006 4.207669 1.954602
v -0.136963 4.317583 1.565492
v -0.101646 4.352552 1.161825
v -0.066181 4.306434 0.756451
v -0.032537 4.267057 0.371898
v -0.000000 4.250000 0.000000
v -0.000000 -4.700000 0.000000
v -0.071009 -4.674006 0.402710
v -0.141443 -4.619479 0.802164
v -0.214217 -4.603951 1.214883
v -0.284625 -4.503362 1.614188
v -0.354055 -4.372483 2.007946
v -0.422151 -4.210738 2.394137
v -0.495014 -4.071186 2.807367
v -0.546933 -3.753618 3.101809
v -0.580739 -3.344345 3.293537
v -0.607912 -2.937539 3.447638
v -0.635167 -2.561205 3.602210
v -0.675632 -2.246359 3.831698
v -0.724450 -1.945409 4.108561
v -0.775627 -1.625730 4.398798
v -0.831985 -1.283801 4.718420
v -0.936505 -0.950952 5.311181
v -1.046790 -0.527401 5.936640
v -1.100528 0.000000 6.241405
v -1.079318 0.543790 6.121116
v -1.032451 1.048378 5.855321
v -0.964179 1.487785 5.468133
v -0.902036 1.890686 5.115700
v -0.836039 2.245064 4.741411
v -0.772007 2.566791 4.378271
v -0.719374 2.900757 4.079773
v -0.662816 3.202850 3.759019
v -0.605521 3.487057 3.434081
v -0.554653 3.806606 3.145596
v -0.494150 4.064075 2.802464
v -0.425438 4.243524 2.412779
v -0.345644 4.268605 1.960243
v -0.274343 4.340685 1.555878
v -0.203393 4.371324 1.153498
v -0.132036 4.312240 0.748813
v -0.064855 4.268931 0.367809
v -0.000000 4.250000 0.000000
v -0.000000 -4.700000 0.000000
v -0.105887 -4.676203 0.395174
v -0.211048 -4.624518 0.787642
v -0.320452 -4.620776 1.195945
v -0.424268 -4.503786 1.583388
v -0.525981 -4.358138 1.962986
v -0.625139 -4.183511 2.333050
v -0.734840 -4.054803 2.742460
v -0.818519 -3.768939 3.054755
v -0.868478 -3.355540 3.241203
v -0.905685 -2.936260 3.380062
v -0.955150 -2.584057 3.564668
v -1.016547 -2.267621 3.793805
v -1.107174 -1.994767 4.132030
v -1.207075 -1.697477 4.504866
v -1.312950 -1.359266 4.899997
v -1.495688 -1.018975 5.581983
v -1.624355 -0.549081 6.062176
v -1.708206 0.000000 6.375110
v -1.666761 0.563416 6.220436
v -1.581211 1.077240 5.901160
v -1.452626 1.503869 5.421272
v -1.380895 1.941916 5.153572
v -1.291073 2.326094 4.818351
v -1.186577 2.646909 4.428365
v -1.097757 2.969864 4.096883
v -1.005320 3.259280 3.751905
v -0.919558 3.552900 3.431838
v -0.843468 3.883820 3.147867
v -0.754192 4.161585 2.814682
v -0.643871 4.308870 2.402960
v -0.521649 4.322245 1.946820
v -0.411432 4.367532 1.535485
v -0.304355 4.388654 1.135867
v -0.197055 4.317898 0.735419
v -0.096584 4.265394 0.360458
v -0.000000 4.250000 0.000000
v -0.000000 -4.700000 0.000000
v -0.139995 -4.678525 0.384633
v -0.279227 -4.630057 0.767169
v -0.425110 -4.638706 1.167979
v -0.560947 -4.506135 1.541189
v -0.693243 -4.346715 1.904669
v -0.821521 -4.160331 2.257112
v -0.965179 -4.030228 2.651809
v -1.081644 -3.768939 2.971792
v -1.148763 -3.358757 3.156199
v -1.199972 -2.943967 3.296896
v -1.280280 -2.621079 3.517541
v -1.375744 -2.322337 3.779825
v -1.528037 -2.083314 4.198247
v -1.685475 -1.793645 4.630805
v -1.836791 -1.438999 5.046541
v -2.031902 -1.047538 5.582605
v -2.180599 -0.557797 5.991148
v -2.293173 0.000000 6.300442
v -2.239339 0.572822 6.152533
v -2.117919 1.091884 5.818934
v -1.965678 1.539973 5.400657
v -1.864805 1.984484 5.123509
v -1.747502 2.382531 4.801223
v -1.619697 2.734144 4.450081
v -1.496171 3.063065 4.110695
v -1.364180 3.346830 3.748055
v -1.246916 3.645739 3.425874
v -1.138804 3.968110 3.128838
v -1.000491 4.177675 2.748826
v -0.860069 4.355543 2.363021
v -0.696274 4.365722 1.912998
v -0.547417 4.397449 1.504016
v -0.403619 4.404208 1.108935
v -0.260595 4.321116 0.715979
v -0.127529 4.261906 0.350382
v -0.000000 4.250000 0.000000
v -0.000000 -4.700000 0.000000
v -0.173075 -4.680959 0.371161
v -0.345473 -4.636039 0.740869
v -0.527431 -4.657627 1.131079
v -0.693764 -4.510218 1.487781
v -0.854880 -4.337946 1.833295
v -1.010367 -4.140868 2.166739
v -1.182931 -3.997462 2.536804
v -1.331104 -3.753618 2.854561
v -1.424353 -3.370306 3.054535
v -1.490940 -2.960230 3.197332
v -1.619198 -2.682740 3.472382
v -1.752142 -2.393649 3.757481
v -1.968884 -2.172423 4.222285
v -2.185042 -1.881817 4.685839
v -2.367664 -1.501150 5.077471
v -2.601236 -1.085301 5.578368
v -2.778666 -0.575228 5.958869
v -2.823063 0.000000 6.054078
v -2.760062 0.571376 5.918972
v -2.633620 1.098813 5.647817
v -2.490016 1.578724 5.339856
v -2.348442 2.022542 5.036251
v -2.201281 2.428845 4.720663
v -2.043864 2.792177 4.383080
v -1.901975 3.151254 4.078800
v -1.732989 3.440814 3.716408
v -1.575444 3.727819 3.378551
v -1.412600 3.983431 3.029330
v -1.260500 4.259591 2.703151
v -1.069198 4.381982 2.292903
v -0.864373 4.386117 1.853653
v -0.681351 4.429524 1.461163
v -0.500260 4.417689 1.072811
v -0.321501 4.314345 0.689460
v -0.157455 4.258498 0.337663
v -0.000000 4.250000 0.000000
v -0.000000 -4.700000 0.000000
v -0.204876 -4.683488 0.354856
v -0.409290 -4.642396 0.708911
v -0.615262 -4.592378 1.065665
v -0.821807 -4.515791 1.423411
v -1.009903 -4.331490 1.749204
v -1.190697 -4.124697 2.062349
v -1.390923 -3.972887 2.409149
v -1.571761 -3.746303 2.722369
v -1.695009 -3.390018 2.935841
v -1.815469 -3.046719 3.144485
v -1.951545 -2.732973 3.380175
v -2.127272 -2.456362 3.684544
v -2.416540 -2.253702 4.185570
v -2.654632 -1.932414 4.597957
v -2.907437 -1.558091 5.035828
v -3.126765 -1.102666 5.415715
v -3.377100 -0.590916 5.849309
v -3.384682 0.000000 5.862441
v -3.308145 0.578850 5.729875
v -3.150742 1.111122 5.457245
v -3.001568 1.608536 5.198869
v -2.837218 2.065326 4.914205
v -2.651212 2.472561 4.592034
v -2.459666 2.840177 4.260266
v -2.281518 3.195072 3.951705
v -2.093054 3.512562 3.625277
v -1.863226 3.726453 3.227203
v -1.682497 4.010243 2.914170
v -1.502519 4.291640 2.602440
v -1.271236 4.403691 2.201845
v -1.025586 4.398753 1.776367
v -0.812135 4.462643 1.406659
v -0.593108 4.427020 1.027293
v -0.379731 4.307128 0.657714
v -0.186141 4.255200 0.322405
v -0.000000 4.250000 0.000000
v -0.000000 -4.700000 0.000000
v -0.235155 -4.686089 0.335836
v -0.470191 -4.649046 0.671502
v -0.705787 -4.592298 1.007969
v -0.941700 -4.510820 1.344887
v -1.155040 -4.318503 1.649568
v -1.354744 -4.090973 1.934775
v -1.586956 -3.951361 2.266408
v -1.780762 -3.699995 2.543192
v -1.946783 -3.394113 2.780294
v -2.098551 -3.070024 2.997042
v -2.273627 -2.775586 3.247075
v -2.499053 -2.515495 3.569017
v -2.855071 -2.321123 4.077464
v -3.188134 -2.023071 4.553127
v -3.473782 -1.622795 4.961076
v -3.784579 -1.163443 5.404939
v -4.019564 -0.613111 5.740532
v -3.957476 0.000000 5.651862
v -3.858733 0.588580 5.510841
v -3.675691 1.129969 5.249431
v -3.451324 1.612304 4.929001
v -3.263941 2.071175 4.661390
v -3.058316 2.486358 4.367728
v -2.840190 2.858877 4.056212
v -2.641628 3.224833 3.772636
v -2.402219 3.514267 3.430724
v -2.129294 3.712311 3.040947
v -1.917177 3.983431 2.738012
v -1.722516 4.288893 2.460008
v -1.471224 4.442710 2.101125
v -1.197162 4.475989 1.709724
v -0.937715 4.491731 1.339196
v -0.682915 4.443475 0.975303
v -0.436487 4.315797 0.623368
v -0.213786 4.260262 0.305318
v -0.000000 4.250000 0.000000
v -0.000000 -4.700000 0.000000
v -0.263679 -4.688740 0.314240
v -0.527704 -4.655901 0.628893
v -0.791019 -4.592690 0.942700
v -1.054372 -4.506720 1.256552
v -1.285241 -4.287899 1.531691
v -1.511120 -4.071854 1.800883
v -1.749503 -3.887053 2.084976
v -1.983244 -3.677013 2.363539
v -2.198963 -3.420978 2.620621
v -2.380754 -3.107853 2.837272
v -2.627548 -2.862265 3.131389
v -2.911918 -2.615478 3.470289
v -3.233720 -2.345889 3.853798
v -3.609650 -2.043918 4.301813
v -4.035753 -1.682324 4.809624
v -4.367853 -1.198172 5.205405
v -4.601331 -0.626279 5.483653
v -4.499513 0.000000 5.362311
v -4.392817 0.597898 5.235156
v -4.192359 1.150031 4.996259
v -3.919230 1.633750 4.670757
v -3.726821 2.110264 4.441452
v -3.478890 2.523747 4.145980
v -3.228912 2.900200 3.848067
v -2.991359 3.258576 3.564963
v -2.665579 3.479666 3.176714
v -2.385946 3.711874 2.843460
v -2.157588 4.000253 2.571313
v -1.945026 4.321465 2.317991
v -1.663183 4.481602 1.982105
v -1.364362 4.551868 1.625984
v -1.057461 4.519922 1.260233
v -0.767674 4.457145 0.914878
v -0.490110 4.324216 0.584090
v -0.239877 4.265500 0.285875
v -0.000000 4.250000 0.000000
v -0.000000 -4.700000 0.000000
v -0.290229 -4.691417 0.290229
v -0.581375 -4.662864 0.581375
v -0.870295 -4.593343 0.870295
v -1.158951 -4.503128 1.158951
v -1.406108 -4.264432 1.406108
v -1.664791 -4.077888 1.664791
v -1.903021 -3.843542 1.903021
v -2.186239 -3.684674 2.186239
v -2.387383 -3.376269 2.387383
v -2.650988 -3.145837 2.650988
v -2.950665 -2.921876 2.950665
v -3.327321 -2.716746 3.327321
v -3.669711 -2.420022 3.669711
v -4.089612 -2.105053 4.089612
v -4.551567 -1.724759 4.551567
v -5.013823 -1.250267 5.013823
v -5.071795 -0.627521 5.071795
v -5.002709 0.000000 5.002709
v -4.873016 0.602927 4.873016
v -4.664594 1.163182 4.664594
v -4.439583 1.682324 4.439583
v -4.192762 2.158147 4.192762
v -3.900064 2.571930 3.900064
v -3.615786 2.952277 3.615786
v -3.335904 3.303356 3.335904
v -2.940820 3.489772 2.940820
v -2.628201 3.716837 2.628201
v -2.379755 4.010825 2.379755
v -2.156172 4.354833 2.156172
v -1.849084 4.529313 1.849084
v -1.517321 4.601717 1.517321
v -1.170529 4.548112 1.170529
v -0.846589 4.468225 0.846589
v -0.540185 4.332500 0.540185
v -0.264217 4.270941 0.264217
v -0.000000 4.250000 0.000000
v -0.000000 -4.700000 0.000000
v -0.314599 -4.694094 0.263980
v -0.630775 -4.669834 0.529283
v -0.942976 -4.594034 0.791251
v -1.254582 -4.499653 1.052719
v -1.530862 -4.285578 1.284545
v -1.810390 -4.093350 1.519098
v -2.059111 -3.838832 1.727799
v -2.383235 -3.707655 1.999771
v -2.624572 -3.426136 2.202278
v -2.934120 -3.213938 2.462019
v -3.278020 -2.996294 2.750585
v -3.715118 -2.800000 3.117354
v -4.054395 -2.467997 3.402041
v -4.488754 -2.132739 3.766511
v -4.978662 -1.741450 4.177593
v -5.427719 -1.249344 4.554397
v -5.557607 -0.634725 4.663386
v -5.503705 0.000000 4.618157
v -5.342812 0.610194 4.483151
v -5.088657 1.171300 4.269891
v -4.883618 1.708206 4.097842
v -4.506238 2.141046 3.781183
v -4.269773 2.599102 3.582765
v -4.046825 3.050000 3.395689
v -3.639540 3.326743 3.053937
v -3.227532 3.535332 2.708221
v -2.898631 3.783895 2.432241
v -2.620742 4.077151 2.199064
v -2.360802 4.401279 1.980948
v -2.026188 4.581274 1.700173
v -1.658011 4.641528 1.391237
v -1.275953 4.576303 1.070652
v -0.918948 4.476975 0.771089
v -0.586327 4.340771 0.491986
v -0.286620 4.276617 0.240503
v -0.000000 4.250000 0.000000
v -0.000000 -4.700000 0.000000
v -0.336599 -4.696746 0.235689
v -0.675498 -4.676710 0.472988
v -1.008459 -4.594533 0.706131
v -1.340437 -4.495895 0.938584
v -1.641691 -4.297882 1.149525
v -1.927760 -4.076141 1.349832
v -2.200837 -3.837042 1.541042
v -2.559159 -3.723224 1.791942
v -2.879998 -3.515828 2.016596
v -3.235749 -3.314545 2.265696
v -3.583573 -3.063222 2.509245
v -3.997571 -2.817546 2.799130
v -4.345346 -2.473617 3.042644
v -4.814610 -2.139255 3.371226
v -5.319942 -1.740183 3.725063
v -5.758492 -1.239547 4.032139
v -5.910859 -0.631303 4.138828
v -5.897895 0.000000 4.129750
v -5.778201 0.617135 4.045940
v -5.561170 1.197072 3.893973
v -5.283696 1.728326 3.699684
v -4.849432 2.154727 3.395609
v -4.612946 2.625950 3.230019
v -4.384132 3.090000 3.069802
v -4.002676 3.421469 2.802704
v -3.576789 3.663889 2.504495
v -3.215404 3.925284 2.251450
v -2.903546 4.224260 2.033085
v -2.566035 4.473746 1.796757
v -2.184833 4.619707 1.529837
v -1.786612 4.677277 1.250999
v -1.372816 4.604494 0.961256
v -0.984138 4.483727 0.689101
v -0.628186 4.349155 0.439861
v -0.306916 4.282558 0.214905
v -0.000000 4.250000 0.000000
v -0.000000 -4.700000 0.000000
v -0.356057 -4.699349 0.205570
v -0.715171 -4.683393 0.412904
v -1.066185 -4.594618 0.615562
v -1.415737 -4.491445 0.817376
v -1.759222 -4.356297 1.015687
v -2.078461 -4.156922 1.200000
v -2.372710 -3.912796 1.369885
v -2.722118 -3.745957 1.571616
v -3.113698 -3.595389 1.797695
v -3.522601 -3.413079 2.033774
v -3.873359 -3.131727 2.236285
v -4.227341 -2.818227 2.440657
v -4.661263 -2.509837 2.691182
v -5.130141 -2.156078 2.961888
v -5.656440 -1.750109 3.265747
v -6.114802 -1.245003 3.530383
v -6.294357 -0.635876 3.634049
v -6.296094 0.000000 3.635051
v -6.210912 0.627446 3.585872
v -6.018437 1.225383 3.474746
v -5.562833 1.721147 3.211703
v -5.208305 2.188929 3.007016
v -4.912509 2.645119 2.836238
v -4.740000 3.160000 2.736640
v -4.314910 3.488734 2.491214
v -3.902223 3.780899 2.252950
v -3.529304 4.075290 2.037645
v -3.154765 4.341330 1.821404
v -2.751898 4.538110 1.588809
v -2.336207 4.672414 1.348810
v -1.897638 4.699051 1.095602
v -1.462267 4.639063 0.844240
v -1.041645 4.488864 0.601394
v -0.665450 4.357785 0.384198
v -0.324951 4.288791 0.187610
v -0.000000 4.250000 0.000000
v -0.000000 -4.700000 0.000000
v -0.372820 -4.701881 0.173849
v -0.749459 -4.689790 0.349479
v -1.112415 -4.580772 0.518728
v -1.488247 -4.511630 0.693981
v -1.862326 -4.406639 0.868417
v -2.214437 -4.232025 1.032609
v -2.538967 -4.000871 1.183940
v -2.927342 -3.849322 1.365042
v -3.338247 -3.683348 1.556650
v -3.777288 -3.497180 1.761379
v -4.161006 -3.214766 1.940309
v -4.520182 -2.879516 2.107795
v -4.969331 -2.556788 2.317237
v -5.462691 -2.193799 2.547295
v -5.952897 -1.759970 2.775882
v -6.529436 -1.270336 3.044726
v -6.634169 -0.640417 3.093564
v -6.606657 0.000000 3.080735
v -6.545389 0.631846 3.052165
v -6.387559 1.242734 2.978568
v -6.117396 1.808603 2.852589
v -5.732443 2.302130 2.673082
v -5.445628 2.801850 2.539338
v -5.083880 3.238612 2.370652
v -4.626627 3.574502 2.157432
v -4.171527 3.862183 1.945215
v -3.759955 4.148651 1.753296
v -3.349740 4.404756 1.562009
v -2.919683 4.600798 1.361470
v -2.476403 4.732669 1.154766
v -2.000196 4.732868 0.932707
v -1.537290 4.660304 0.716850
v -1.093995 4.504922 0.510138
v -0.699291 4.375861 0.326085
v -0.340773 4.297718 0.158905
v -0.000000 4.250000 0.000000
v -0.000000 -4.700000 0.000000
v -0.386753 -4.704317 0.140767
v -0.778065 -4.695815 0.283192
v -1.160713 -4.609848 0.422465
v -1.557329 -4.553327 0.566822
v -1.965249 -4.484966 0.715292
v -2.324138 -4.283874 0.845917
v -2.698350 -4.100961 0.982119
v -3.084985 -3.912495 1.122843
v -3.536414 -3.763374 1.287150
v -3.985038 -3.558444 1.450435
v -4.430432 -3.301316 1.612545
v -4.863770 -2.988316 1.770268
v -5.298572 -2.629333 1.928523
v -5.827947 -2.257333 2.121199
v -6.308330 -1.798792 2.296044
v -6.832079 -1.281994 2.486674
v -6.989417 -0.650739 2.543940
v -6.934932 0.000000 2.524109
v -6.868279 0.639461 2.499849
v -6.758046 1.268102 2.459728
v -6.556135 1.869453 2.386238
v -6.292652 2.437327 2.290338
v -5.862173 2.909011 2.133656
v -5.406278 3.321635 1.967724
v -4.903934 3.654143 1.784886
v -4.410643 3.938489 1.605343
v -3.980740 4.236215 1.448871
v -3.522821 4.467775 1.282202
v -3.056637 4.645487 1.112525
v -2.597590 4.787904 0.945445
v -2.087660 4.764325 0.759846
v -1.602801 4.686275 0.583372
v -1.139712 4.526440 0.414821
v -0.728142 4.394522 0.265022
v -0.354087 4.306981 0.128877
v -0.000000 4.250000 0.000000
v -0.000000 -4.700000 0.000000
v -0.397747 -4.706642 0.106576
v -0.800736 -4.701393 0.214556
v -1.201685 -4.642956 0.321991
v -1.617408 -4.600551 0.433383
v -2.053323 -4.558698 0.550186
v -2.443184 -4.380998 0.654649
v -2.848889 -4.212161 0.763357
v -3.265105 -4.028467 0.874882
v -3.716890 -3.848007 0.995938
v -4.150972 -3.605949 1.112250
v -4.679809 -3.392432 1.253951
v -5.102749 -3.050000 1.367278
v -5.602727 -2.704757 1.501246
v -6.079072 -2.290653 1.628882
v -6.618827 -1.836072 1.773509
v -7.213459 -1.316796 1.932841
v -7.304759 -0.661628 1.957304
v -7.292740 0.000000 1.954084
v -7.204792 0.652574 1.930518
v -7.104719 1.296946 1.903704
v -6.921858 1.920133 1.854706
v -6.611594 2.491313 1.771571
v -6.181531 2.984179 1.656336
v -5.722948 3.420703 1.533459
v -5.164880 3.744064 1.383925
v -4.678268 4.064011 1.253538
v -4.211398 4.359960 1.128441
v -3.716653 4.585585 0.995874
v -3.187143 4.712279 0.853992
v -2.702225 4.845497 0.724059
v -2.162354 4.800765 0.579401
v -1.657826 4.715516 0.444213
v -1.177029 4.547693 0.315384
v -0.751753 4.413797 0.201431
v -0.364785 4.316601 0.097744
v -0.000000 4.250000 0.000000
v -0.000000 -4.700000 0.000000
v -0.405711 -4.708841 0.071538
v -0.817269 -4.706465 0.144107
v -1.234842 -4.679586 0.217736
v -1.667612 -4.652408 0.294045
v -2.132446 -4.643591 0.376008
v -2.576145 -4.530847 0.454244
v -2.987929 -4.333033 0.526852
v -3.454581 -4.180521 0.609136
v -3.903727 -3.963949 0.688332
v -4.340335 -3.698157 0.765318
v -4.840244 -3.441459 0.853466
v -5.287785 -3.100000 0.932379
v -5.735823 -2.715919 1.011380
v -6.254821 -2.311688 1.102894
v -6.852509 -1.864449 1.208282
v -7.388606 -1.322909 1.302811
v -7.550893 -0.670809 1.331426
v -7.533779 0.000000 1.328409
v -7.515444 0.667659 1.325175
v -7.346935 1.315447 1.295463
v -7.108467 1.934091 1.253414
v -6.769690 2.501976 1.193679
v -6.445404 3.051907 1.136499
v -5.976556 3.503796 1.053828
v -5.442967 3.870001 0.959742
v -4.917547 4.189967 0.867096
v -4.397517 4.465356 0.775401
v -3.864425 4.676488 0.681402
v -3.316332 4.809277 0.584759
v -2.790724 4.908243 0.492080
v -2.227338 4.850228 0.392740
v -1.703337 4.752075 0.300344
v -1.207011 4.574119 0.212829
v -0.769908 4.433725 0.135756
v -0.372777 4.326590 0.065731
v -0.000000 4.250000 0.000000
v -0.000000 -4.700000 0.000000
v -0.410582 -4.710903 0.035921
v -0.827513 -4.710986 0.072398
v -1.259677 -4.719138 0.110207
v -1.706997 -4.707851 0.149343
v -2.189623 -4.713598 0.191567
v -2.691643 -4.679871 0.235488
v -3.152217 -4.519029 0.275783
v -3.675149 -4.396603 0.321534
v -4.141093 -4.156912 0.362299
v -4.591810 -3.867704 0.401731
v -5.112001 -3.593135 0.447242
v -5.564608 -3.225000 0.486840
v -6.073240 -2.842816 0.531340
v -6.672061 -2.437708 0.583730
v -7.123187 -1.915943 0.623198
v -7.437682 -1.316474 0.650713
v -7.539609 -0.662150 0.659630
v -7.571080 0.000000 0.662384
v -7.472742 0.656278 0.653780
v -7.323809 1.296318 0.640750
v -7.095180 1.908410 0.620748
v -6.858859 2.505956 0.600072
v -6.602224 3.090428 0.577620
v -6.183657 3.583773 0.541000
v -5.640662 3.964721 0.493494
v -5.077995 4.277220 0.444267
v -4.494174 4.511341 0.393189
v -3.938101 4.711173 0.344539
v -3.452946 4.950155 0.302094
v -2.893093 5.030125 0.253113
v -2.293510 4.937236 0.200656
v -1.740082 4.799097 0.152237
v -1.229193 4.604934 0.107540
v -0.782430 4.454332 0.068454
v -0.377991 4.336962 0.033070
v -0.000000 4.250000 0.000000
v -0.000000 -4.700000 0.000000
v -0.412318 -4.712821 0.000000
v -0.831369 -4.714928 0.000000
v -1.275691 -4.760944 0.000000
v -1.734590 -4.765746 0.000000
v -2.231520 -4.785511 0.000000
v -2.766803 -4.792243 0.000000
v -3.249251 -4.640411 0.000000
v -3.791159 -4.518127 0.000000
v -4.296027 -4.296027 0.000000
v -4.778040 -4.009251 0.000000
v -5.277212 -3.695143 0.000000
v -5.735019 -3.311115 0.000000
v -6.263606 -2.920768 0.000000
v -6.772766 -2.465085 0.000000
v -7.186873 -1.925717 0.000000
v -7.371725 -1.299834 0.000000
v -7.501346 -0.656283 0.000000
v -7.580000 0.000000 0.000000
v -7.501346 0.656283 0.000000
v -7.369028 1.299358 0.000000
v -7.147851 1.915261 0.000000
v -6.911965 2.515749 0.000000
v -6.670440 3.110477 0.000000
v -6.249539 3.608173 0.000000
v -5.743309 4.021508 0.000000
v -5.215905 4.376664 0.000000
v -4.519380 4.519380 0.000000
v -3.981269 4.744692 0.000000
v -3.538967 5.054168 0.000000
v -2.971832 5.147363 0.000000
v -2.349102 5.037665 0.000000
v -1.769398 4.861382 0.000000
v -1.242331 4.636444 0.000000
v -0.789176 4.475638 0.000000
v -0.380376 4.347720 0.000000
v -0.000000 4.250000 0.000000
v -0.000000 -4.700000 -0.000000
v -0.410582 -4.710903 -0.035921
v -0.827513 -4.710986 -0.072398
v -1.282590 -4.804977 -0.112212
v -1.749759 -4.825786 -0.153084
v -2.257018 -4.858680 -0.197464
v -2.817716 -4.899070 -0.246518
v -3.324569 -4.766112 -0.290862
v -3.850687 -4.606600 -0.336891
v -4.407971 -4.424809 -0.385648
v -4.930884 -4.153307 -0.431396
v -5.391726 -3.789748 -0.471715
v -5.780290 -3.350000 -0.505710
v -6.281587 -2.940341 -0.549568
v -6.789052 -2.480452 -0.593965
v -7.216876 -1.941143 -0.631395
v -7.414229 -1.312322 -0.648661
v -7.435274 -0.652987 -0.650502
v -7.471460 0.000000 -0.653668
v -7.495794 0.658302 -0.655797
v -7.379384 1.306155 -0.645612
v -7.164518 1.927060 -0.626814
v -6.953492 2.540531 -0.608352
v -6.651675 3.113575 -0.581946
v -6.244782 3.619198 -0.546348
v -5.742786 4.036502 -0.502429
v -5.199797 4.379814 -0.454923
v -4.549729 4.567109 -0.398050
v -4.011654 4.799166 -0.350974
v -3.525337 5.053935 -0.308427
v -2.962671 5.151097 -0.259200
v -2.342373 5.042424 -0.204931
v -1.763178 4.862797 -0.154258
v -1.231342 4.612984 -0.107728
v -0.783391 4.459804 -0.068538
v -0.378232 4.339729 -0.033091
v -0.000000 4.250000 -0.000000
v -0.000000 -4.700000 -0.000000
v -0.405711 -4.708841 -0.071538
v -0.817269 -4.706465 -0.144107
v -1.275102 -4.832158 -0.224835
v -1.751315 -4.885927 -0.308804
v -2.264161 -4.930412 -0.399233
v -2.829699 -4.976792 -0.498952
v -3.336016 -4.837823 -0.588230
v -3.857618 -4.668252 -0.680202
v -4.402783 -4.470703 -0.776329
v -4.914310 -4.187208 -0.866525
v -5.339218 -3.796234 -0.941448
v -5.739805 -3.365000 -1.012083
v -6.231535 -2.950639 -1.098788
v -6.649063 -2.457394 -1.172409
v -7.012201 -1.907899 -1.236440
v -7.199913 -1.289124 -1.269539
v -7.289278 -0.647567 -1.285296
v -7.336818 0.000000 -1.293679
v -7.372890 0.654995 -1.300039
v -7.334972 1.313306 -1.293353
v -7.084076 1.927455 -1.249114
v -6.828109 2.523567 -1.203980
v -6.511834 3.083361 -1.148212
v -6.140653 3.600000 -1.082763
v -5.642909 4.012161 -0.994997
v -5.144954 4.383728 -0.907194
v -4.575348 4.645931 -0.806757
v -4.012903 4.856167 -0.707583
v -3.452824 5.007215 -0.608826
v -2.921732 5.138656 -0.515180
v -2.312898 5.036542 -0.407826
v -1.740807 4.856610 -0.306951
v -1.211259 4.590217 -0.213578
v -0.771808 4.444667 -0.136091
v -0.373254 4.332125 -0.065815
v -0.000000 4.250000 -0.000000
v -0.000000 -4.700000 -0.000000
v -0.397747 -4.706642 -0.106576
v -0.800736 -4.701393 -0.214556
v -1.254071 -4.845357 -0.336027
v -1.731113 -4.923974 -0.463850
v -2.241824 -4.977200 -0.600695
v -2.788397 -5.000016 -0.747149
v -3.287269 -4.860317 -0.880821
v -3.804851 -4.694402 -1.019507
v -4.344109 -4.497353 -1.164000
v -4.790498 -4.161505 -1.283610
v -5.211486 -3.777849 -1.396414
v -5.628661 -3.364346 -1.508195
v -6.078206 -2.934298 -1.628650
v -6.448511 -2.429862 -1.727873
v -6.736243 -1.868643 -1.804971
v -6.872284 -1.254516 -1.841423
v -6.934859 -0.628124 -1.858190
v -6.979712 0.000000 -1.870208
v -7.073800 0.640709 -1.895419
v -7.064061 1.289524 -1.892809
v -6.893011 1.912131 -1.846977
v -6.667642 2.512432 -1.786589
v -6.360786 3.070715 -1.704367
v -6.039281 3.609781 -1.618221
v -5.540099 4.016063 -1.484465
v -5.052986 4.389528 -1.353944
v -4.496578 4.655200 -1.204854
v -3.934033 4.853787 -1.054121
v -3.337173 4.934103 -0.894193
v -2.849000 5.108686 -0.763387
v -2.260540 5.018753 -0.605710
v -1.702272 4.841939 -0.456122
v -1.182316 4.568120 -0.316801
v -0.754548 4.430211 -0.202181
v -0.365487 4.324903 -0.097932
v -0.000000 4.250000 -0.000000
v -0.000000 -4.700000 -0.000000
v -0.386753 -4.704317 -0.140767
v -0.778065 -4.695815 -0.283192
v -1.223047 -4.857413 -0.445153
v -1.688698 -4.937423 -0.614636
v -2.186744 -4.990449 -0.795910
v -2.718790 -5.011300 -0.989559
v -3.208635 -4.876495 -1.167848
v -3.715655 -4.712334 -1.352388
v -4.193468 -4.462595 -1.526298
v -4.613628 -4.119745 -1.679223
v -5.028736 -3.747139 -1.830310
v -5.484996 -3.370000 -1.996375
v -5.876187 -2.915965 -2.138757
v -6.217800 -2.408334 -2.263094
v -6.372202 -1.817005 -2.319292
v -6.523818 -1.224150 -2.374475
v -6.679555 -0.621890 -2.431159
v -6.643627 0.000000 -2.418082
v -6.665152 0.620549 -2.425917
v -6.664729 1.250591 -2.425763
v -6.543230 1.865773 -2.381541
v -6.426925 2.489335 -2.339210
v -6.176221 3.064853 -2.247961
v -5.887055 3.617026 -2.142713
v -5.410502 4.031610 -1.969262
v -4.881213 4.358685 -1.776616
v -4.352233 4.631549 -1.584083
v -3.738665 4.741516 -1.360763
v -3.241253 4.926067 -1.179720
v -2.745794 5.061074 -0.999387
v -2.185951 4.988640 -0.795621
v -1.648002 4.818436 -0.599824
v -1.144801 4.546653 -0.416674
v -0.731768 4.416407 -0.266342
v -0.354997 4.318050 -0.129209
v -0.000000 4.250000 -0.000000
v -0.000000 -4.700000 -0.000000
v -0.372820 -4.701881 -0.173849
v -0.749459 -4.689790 -0.349479
v -1.182280 -4.868466 -0.551306
v -1.632555 -4.949099 -0.761273
v -2.113490 -5.000944 -0.985537
v -2.626051 -5.018663 -1.224548
v -3.101583 -4.887435 -1.446292
v -3.592231 -4.723621 -1.675085
v -4.018106 -4.433490 -1.873674
v -4.433613 -4.104834 -2.067428
v -4.879872 -3.770157 -2.275522
v -5.263210 -3.352851 -2.454275
v -5.662797 -2.913586 -2.640606
v -5.943820 -2.387018 -2.771649
v -6.037933 -1.785110 -2.815534
v -6.153140 -1.197126 -2.869256
v -6.252247 -0.603549 -2.915471
v -6.208208 0.000000 -2.894935
v -6.237330 0.602109 -2.908515
v -6.292399 1.224220 -2.934194
v -6.093003 1.801392 -2.841214
v -5.889230 2.365096 -2.746193
v -5.792228 2.980180 -2.700960
v -5.606219 3.571361 -2.614223
v -5.190156 4.009881 -2.420209
v -4.709281 4.360060 -2.195974
v -4.204600 4.639263 -1.960637
v -3.554461 4.673955 -1.657472
v -3.130019 4.932243 -1.459552
v -2.614665 4.996904 -1.219238
v -2.090535 4.946627 -0.974832
v -1.578850 4.786292 -0.736230
v -1.099057 4.525766 -0.512499
v -0.703663 4.403216 -0.328123
v -0.341870 4.311554 -0.159417
v -0.000000 4.250000 -0.000000
v -0.000000 -4.700000 -0.000000
v -0.356057 -4.699349 -0.205570
v -0.715171 -4.683394 -0.412904
v -1.132104 -4.878691 -0.653621
v -1.563216 -4.959326 -0.902523
v -2.022898 -5.009227 -1.167921
v -2.511474 -5.022947 -1.450000
v -2.967938 -4.894377 -1.713540
v -3.437220 -4.730023 -1.984480
v -3.830382 -4.422944 -2.211472
v -4.194477 -4.064066 -2.421683
v -4.521565 -3.655821 -2.610527
v -4.853090 -3.235393 -2.801933
v -5.196038 -2.797784 -2.999934
v -5.615204 -2.359939 -3.241940
v -5.702810 -1.764456 -3.292519
v -5.781698 -1.177182 -3.338065
v -5.837512 -0.589724 -3.370289
v -5.906293 0.000000 -3.410000
v -5.832054 0.589173 -3.367138
v -5.756863 1.172125 -3.323726
v -5.565668 1.722024 -3.213340
v -5.395479 2.267594 -3.115081
v -5.319895 2.864474 -3.071443
v -5.261974 3.507982 -3.038002
v -4.915593 3.974405 -2.838019
v -4.493201 4.353501 -2.594151
v -4.017483 4.638990 -2.319495
v -3.379595 4.650723 -1.951210
v -2.980528 4.915139 -1.720809
v -2.460879 4.921757 -1.420789
v -1.976315 4.893875 -1.141026
v -1.496033 4.746186 -0.863735
v -1.045480 4.505393 -0.603608
v -0.670460 4.390596 -0.387090
v -0.326209 4.305394 -0.188337
v -0.000000 4.250000 -0.000000
v -0.000000 -4.700000 -0.000000
v -0.336599 -4.696746 -0.235689
v -0.675498 -4.676710 -0.472988
v -1.055020 -4.806665 -0.738733
v -1.449768 -4.862595 -1.015139
v -1.867203 -4.888262 -1.307430
v -2.307324 -4.878707 -1.615606
v -2.723061 -4.747513 -1.906708
v -3.148176 -4.580163 -2.204376
v -3.444015 -4.204366 -2.411526
v -3.727701 -3.818476 -2.610164
v -4.050776 -3.462586 -2.836384
v -4.348025 -3.064551 -3.044520
v -4.684957 -2.666943 -3.280443
v -5.084662 -2.259246 -3.560319
v -5.260906 -1.720872 -3.683726
v -5.358435 -1.153432 -3.752016
v -5.427919 -0.579723 -3.800670
v -5.521085 0.000000 -3.865905
v -5.451113 0.582200 -3.816911
v -5.243597 1.128713 -3.671606
v -5.195446 1.699459 -3.637890
v -5.057265 2.247072 -3.541135
v -4.951834 2.818864 -3.467311
v -4.894905 3.450000 -3.427449
v -4.580654 3.915522 -3.207408
v -4.201608 4.303923 -2.941997
v -3.754267 4.583113 -2.628766
v -3.209196 4.668939 -2.247103
v -2.787676 4.860165 -1.951952
v -2.284642 4.830746 -1.599723
v -1.840852 4.819277 -1.288979
v -1.399268 4.693215 -0.979778
v -0.982505 4.476287 -0.687958
v -0.631522 4.372253 -0.442197
v -0.307908 4.296395 -0.215599
v -0.000000 4.250000 -0.000000
v -0.000000 -4.700000 -0.000000
v -0.314599 -4.694094 -0.263980
v -0.630775 -4.669834 -0.529283
v -0.971751 -4.734223 -0.815396
v -1.328614 -4.765177 -1.114840
v -1.702588 -4.766318 -1.428641
v -2.093400 -4.733243 -1.756571
v -2.467014 -4.599291 -2.070070
v -2.846910 -4.429005 -2.388841
v -3.094251 -4.039258 -2.596385
v -3.332185 -3.649965 -2.796035
v -3.591947 -3.283241 -3.014002
v -3.891016 -2.932570 -3.264950
v -4.202394 -2.558087 -3.526227
v -4.571732 -2.172164 -3.836138
v -4.816383 -1.684688 -4.041425
v -4.989996 -1.148590 -4.187104
v -5.055789 -0.577413 -4.242311
v -5.132498 0.000000 -4.306677
v -4.983235 0.569127 -4.181431
v -4.858378 1.118294 -4.076663
v -4.757828 1.664206 -3.992292
v -4.679001 2.223131 -3.926148
v -4.597351 2.798506 -3.857636
v -4.480945 3.377186 -3.759960
v -4.194233 3.833764 -3.519379
v -3.863955 4.232448 -3.242243
v -3.456963 4.512745 -2.900736
v -3.016238 4.692434 -2.530924
v -2.558109 4.769120 -2.146508
v -2.091819 4.729670 -1.755245
v -1.692032 4.736766 -1.419783
v -1.294476 4.642737 -1.086194
v -0.912908 4.447548 -0.766021
v -0.588163 4.354368 -0.493528
v -0.287362 4.287688 -0.241125
v -0.000000 4.250000 -0.000000
v -0.000000 -4.700000 -0.000000
v -0.290229 -4.691417 -0.290229
v -0.581375 -4.662864 -0.581375
v -0.883226 -4.661592 -0.883226
v -1.201248 -4.667472 -1.201248
v -1.531275 -4.644037 -1.531275
v -1.872833 -4.587486 -1.872833
v -2.203774 -4.450976 -2.203774
v -2.538389 -4.278186 -2.538389
v -2.780868 -3.932741 -2.780867
v -2.991249 -3.549614 -2.991249
v -3.168639 -3.137722 -3.168639
v -3.478451 -2.840143 -3.478451
v -3.812677 -2.514303 -3.812677
v -4.151674 -2.136998 -4.151674
v -4.434077 -1.680238 -4.434077
v -4.648808 -1.159245 -4.648808
v -4.688766 -0.580130 -4.688766
v -4.737615 0.000000 -4.737615
v -4.578704 0.566512 -4.578704
v -4.477622 1.116558 -4.477622
v -4.439583 1.682324 -4.439583
v -4.385456 2.257333 -4.385456
v -4.280921 2.823090 -4.280921
v -4.009240 3.273531 -4.009240
v -3.769914 3.733131 -3.769914
v -3.466721 4.113841 -3.466721
v -3.107637 4.394862 -3.107637
v -2.709483 4.566547 -2.709483
v -2.298019 4.641323 -2.298019
v -1.886090 4.619958 -1.886090
v -1.532269 4.647051 -1.532269
v -1.180542 4.587019 -1.180542
v -0.837281 4.419101 -0.837281
v -0.540731 4.336880 -0.540731
v -0.264730 4.279243 -0.264730
v -0.000000 4.250000 -0.000000
v -0.000000 -4.700000 -0.000000
v -0.263679 -4.688740 -0.314240
v -0.527704 -4.655901 -0.628893
v -0.790383 -4.588997 -0.941942
v -1.069150 -4.569887 -1.274164
v -1.355423 -4.522043 -1.615330
v -1.648605 -4.442318 -1.964730
v -1.937048 -4.303740 -2.308484
v -2.227114 -4.129158 -2.654172
v -2.447077 -3.806976 -2.916313
v -2.659088 -3.471193 -3.168978
v -2.848554 -3.103014 -3.394775
v -3.033854 -2.725000 -3.615606
v -3.325883 -2.412748 -3.963633
v -3.619875 -2.049708 -4.313999
v -3.923843 -1.635673 -4.676254
v -4.215928 -1.156497 -5.024347
v -4.256226 -0.579307 -5.072373
v -4.332388 0.000000 -5.163140
v -4.228530 0.575538 -5.039366
v -4.173845 1.144953 -4.974194
v -4.060589 1.692677 -4.839221
v -3.986550 2.257333 -4.750986
v -3.798313 2.755471 -4.526654
v -3.527848 3.168704 -4.204326
v -3.307997 3.603499 -3.942318
v -3.042158 3.971256 -3.625503
v -2.728906 4.245425 -3.252184
v -2.384026 4.420079 -2.841172
v -2.020938 4.490129 -2.408461
v -1.671238 4.503304 -1.991703
v -1.364210 4.551359 -1.625802
v -1.058037 4.522384 -1.260919
v -0.756259 4.390871 -0.901274
v -0.489601 4.319724 -0.583484
v -0.240189 4.271034 -0.286246
v -0.000000 4.250000 -0.000000
v -0.000000 -4.700000 -0.000000
v -0.235155 -4.686089 -0.335836
v -0.470191 -4.649047 -0.671502
v -0.694163 -4.516663 -0.991368
v -0.933764 -4.472807 -1.333554
v -1.177086 -4.400927 -1.681052
v -1.423486 -4.298554 -2.032948
v -1.670196 -4.158621 -2.385287
v -1.917049 -3.983166 -2.737830
v -2.105947 -3.671607 -3.007604
v -2.261436 -3.308312 -3.229665
v -2.409885 -2.941926 -3.441672
v -2.578954 -2.595922 -3.683128
v -2.828319 -2.299374 -4.039258
v -3.110543 -1.973835 -4.442315
v -3.427788 -1.601309 -4.895388
v -3.750687 -1.153024 -5.356536
v -3.885478 -0.592659 -5.549037
v -3.934734 0.000000 -5.619383
v -3.868489 0.590068 -5.524775
v -3.812781 1.172113 -5.445216
v -3.712016 1.734088 -5.301309
v -3.560290 2.259227 -5.084621
v -3.325708 2.703743 -4.749604
v -3.074770 3.095000 -4.391226
v -2.836032 3.462156 -4.050274
v -2.606679 3.813378 -3.722724
v -2.339452 4.078709 -3.341083
v -2.051448 4.262415 -2.929771
v -1.735882 4.322174 -2.479097
v -1.450986 4.381598 -2.072223
v -1.190501 4.451085 -1.700212
v -0.926927 4.440056 -1.323789
v -0.670514 4.362789 -0.957594
v -0.435176 4.302839 -0.621496
v -0.213925 4.263031 -0.305517
v -0.000000 4.250000 -0.000000
v -0.000000 -4.700000 -0.000000
v -0.204876 -4.683488 -0.354856
v -0.409290 -4.642396 -0.708911
v -0.595490 -4.444801 -1.031420
v -0.796476 -4.376600 -1.379537
v -0.998185 -4.281229 -1.728907
v -1.200000 -4.156922 -2.078461
v -1.406199 -4.016521 -2.435608
v -1.611595 -3.841247 -2.791364
v -1.780684 -3.561368 -3.084235
v -1.897776 -3.184847 -3.287045
v -2.015807 -2.822967 -3.491481
v -2.150707 -2.483422 -3.725134
v -2.384503 -2.223824 -4.130080
v -2.649052 -1.928352 -4.588293
v -2.999200 -1.607266 -5.194766
v -3.235093 -1.140869 -5.603346
v -3.451815 -0.603989 -5.978718
v -3.510000 0.000000 -6.079498
v -3.441853 0.602246 -5.961464
v -3.348346 1.180808 -5.799506
v -3.235852 1.734088 -5.604659
v -3.068096 2.233392 -5.314099
v -2.867722 2.674482 -4.967041
v -2.622615 3.028335 -4.542502
v -2.395895 3.355247 -4.149812
v -2.181564 3.661100 -3.778580
v -1.959760 3.919520 -3.394404
v -1.713162 4.083335 -2.967284
v -1.470037 4.198860 -2.546178
v -1.228849 4.256858 -2.128429
v -1.013691 4.347735 -1.755764
v -0.792485 4.354668 -1.372624
v -0.580753 4.334797 -1.005893
v -0.377883 4.286167 -0.654513
v -0.186141 4.255200 -0.322405
v -0.000000 4.250000 -0.000000
v -0.000000 -4.700000 -0.000000
v -0.173075 -4.680959 -0.371161
v -0.345473 -4.636039 -0.740869
v -0.501621 -4.429709 -1.075730
v -0.669790 -4.354362 -1.436369
v -0.837777 -4.251160 -1.796618
v -1.004945 -4.118648 -2.155112
v -1.173162 -3.964450 -2.515854
v -1.339246 -3.776578 -2.872021
v -1.493082 -3.532934 -3.201925
v -1.585018 -3.147020 -3.399082
v -1.678467 -2.780938 -3.599484
v -1.800711 -2.460000 -3.861637
v -1.962584 -2.165472 -4.208775
v -2.137557 -1.840922 -4.584007
v -2.344647 -1.486557 -5.028111
v -2.584588 -1.078355 -5.542667
v -2.753406 -0.569999 -5.904698
v -2.844221 0.000000 -6.099451
v -2.862868 0.592659 -6.139441
v -2.771877 1.156497 -5.944309
v -2.665663 1.690088 -5.716532
v -2.521784 2.171828 -5.407982
v -2.337535 2.579184 -5.012860
v -2.126461 2.905016 -4.560210
v -1.948602 3.228506 -4.178789
v -1.761570 3.497560 -3.777699
v -1.575987 3.729102 -3.379714
v -1.390392 3.920808 -2.981706
v -1.199020 4.051832 -2.571307
v -1.007890 4.130716 -2.161426
v -0.836070 4.242502 -1.792959
v -0.659055 4.284573 -1.413348
v -0.486108 4.292716 -1.042462
v -0.318157 4.269478 -0.682290
v -0.157046 4.247429 -0.336786
v -0.000000 4.250000 -0.000000
v -0.000000 -4.700000 -0.000000
v -0.139995 -4.678526 -0.384633
v -0.279227 -4.630057 -0.767169
v -0.404650 -4.415458 -1.111768
v -0.539471 -4.333615 -1.482184
v -0.673576 -4.223403 -1.850636
v -0.806382 -4.083664 -2.215518
v -0.938008 -3.916770 -2.577156
v -1.066874 -3.717474 -2.931213
v -1.191827 -3.484670 -3.274519
v -1.281410 -3.143763 -3.520644
v -1.368257 -2.801192 -3.759256
v -1.472105 -2.485000 -4.044574
v -1.596374 -2.176484 -4.386001
v -1.703387 -1.812707 -4.680018
v -1.833532 -1.436446 -5.037587
v -1.943475 -1.001950 -5.339654
v -2.044312 -0.522934 -5.616701
v -2.137626 0.000000 -5.873079
v -2.173785 0.556054 -5.972425
v -2.158197 1.112649 -5.929598
v -2.081306 1.630560 -5.718342
v -1.970144 2.096583 -5.412926
v -1.827933 2.492190 -5.022205
v -1.652704 2.789861 -4.540766
v -1.512899 3.097313 -4.156656
v -1.377172 3.378703 -3.783749
v -1.230558 3.597911 -3.380930
v -1.081531 3.768544 -2.971481
v -0.936881 3.912065 -2.574060
v -0.790982 4.005675 -2.173206
v -0.661300 4.146431 -1.816907
v -0.526172 4.226782 -1.445644
v -0.389433 4.249411 -1.069959
v -0.256481 4.252892 -0.704675
v -0.126866 4.239769 -0.348562
v -0.000000 4.250000 -0.000000
v -0.000000 -4.700000 -0.000000
v -0.105887 -4.676203 -0.395174
v -0.211048 -4.624518 -0.787642
v -0.305294 -4.402194 -1.139372
v -0.406446 -4.314601 -1.516877
v -0.506690 -4.198301 -1.890993
v -0.605547 -4.052399 -2.259932
v -0.702068 -3.873967 -2.620152
v -0.795824 -3.664436 -2.970054
v -0.885987 -3.423192 -3.306549
v -0.960425 -3.113729 -3.584356
v -1.032499 -2.793317 -3.853339
v -1.098305 -2.450000 -4.098930
v -1.165811 -2.100413 -4.350868
v -1.228212 -1.727202 -4.583751
v -1.287500 -1.332918 -4.805015
v -1.363645 -0.929018 -5.089194
v -1.430980 -0.483714 -5.340489
v -1.501150 0.000000 -5.602370
v -1.554740 0.525549 -5.802369
v -1.554848 1.059280 -5.802773
v -1.500000 1.552914 -5.598076
v -1.434941 2.017919 -5.355273
v -1.317522 2.373745 -4.917058
v -1.212556 2.704861 -4.525321
v -1.114581 3.015380 -4.159672
v -1.007946 3.267792 -3.761704
v -0.904288 3.493902 -3.374850
v -0.798597 3.677203 -2.980403
v -0.692171 3.819357 -2.583217
v -0.586135 3.922495 -2.187487
v -0.492079 4.077239 -1.836464
v -0.392866 4.170445 -1.466196
v -0.291749 4.206882 -1.088821
v -0.192902 4.226895 -0.719920
v -0.095833 4.232188 -0.357652
v -0.000000 4.250000 -0.000000
v -0.000000 -4.700000 -0.000000
v -0.071009 -4.674006 -0.402710
v -0.141443 -4.619479 -0.802164
v -0.204264 -4.390039 -1.158437
v -0.271615 -4.297513 -1.540404
v -0.338155 -4.176120 -1.917772
v -0.403772 -4.027413 -2.289903
v -0.467125 -3.841815 -2.649200
v -0.527146 -3.617825 -2.989596
v -0.586926 -3.379970 -3.328621
v -0.631856 -3.053241 -3.583431
v -0.668548 -2.695809 -3.791524
v -0.699284 -2.325000 -3.965839
v -0.731811 -1.965175 -4.150306
v -0.766927 -1.607495 -4.349458
v -0.805110 -1.242331 -4.566006
v -0.837989 -0.850916 -4.752469
v -0.882236 -0.444494 -5.003407
v -0.923808 0.000000 -5.239177
v -0.968729 0.488072 -5.493937
v -0.991858 1.007159 -5.625109
v -0.972841 1.501150 -5.517257
v -0.932006 1.953504 -5.285669
v -0.876235 2.353006 -4.969377
v -0.799578 2.658458 -4.534630
v -0.735704 2.966604 -4.172384
v -0.663130 3.204366 -3.760798
v -0.591200 3.404584 -3.352861
v -0.523426 3.592290 -2.968496
v -0.454848 3.740838 -2.579569
v -0.386183 3.851975 -2.190152
v -0.324759 4.010681 -1.841799
v -0.260130 4.115795 -1.475269
v -0.193806 4.165278 -1.099127
v -0.128570 4.199053 -0.729158
v -0.064182 4.224656 -0.363994
v -0.000000 4.250000 -0.000000
v -0.000000 -4.700000 -0.000000
v -0.035624 -4.671946 -0.407187
v -0.070923 -4.614980 -0.810649
v -0.102266 -4.379077 -1.168905
v -0.135850 -4.282490 -1.552768
v -0.168948 -4.157053 -1.931089
v -0.201924 -4.012837 -2.307996
v -0.233100 -3.819609 -2.664341
v -0.261619 -3.577331 -2.990315
v -0.288421 -3.309260 -3.296667
v -0.312461 -3.008246 -3.571446
v -0.326984 -2.626980 -3.737440
v -0.339656 -2.250000 -3.882285
v -0.351505 -1.880651 -4.017723
v -0.366091 -1.528830 -4.184442
v -0.381262 -1.172142 -4.357847
v -0.396206 -0.801574 -4.528652
v -0.416756 -0.418348 -4.763539
v -0.437522 0.000000 -5.000897
v -0.457563 0.459311 -5.229968
v -0.476366 0.963747 -5.444884
v -0.468703 1.440968 -5.357301
v -0.452762 1.890776 -5.175096
v -0.426342 2.281050 -4.873113
v -0.393814 2.608764 -4.501317
v -0.362751 2.914334 -4.146262
v -0.327011 3.148332 -3.737758
v -0.289617 3.322988 -3.310343
v -0.256991 3.514049 -2.937417
v -0.223836 3.667812 -2.558457
v -0.190496 3.785734 -2.177377
v -0.160411 3.946989 -1.833507
v -0.128887 4.063014 -1.473189
v -0.096326 4.124724 -1.101011
v -0.064110 4.171661 -0.732777
v -0.032115 4.211713 -0.367075
v -0.000000 4.250000 -0.000000
v -0.000000 -4.700000 -0.000000
v -0.000000 -4.670028 -0.408575
v -0.000000 -4.611045 -0.813052
v -0.000000 -4.369360 -1.170766
v -0.000000 -4.269617 -1.554013
v -0.000000 -4.141211 -1.931078
v -0.000000 -4.000048 -2.309429
v -0.000000 -3.800033 -2.660812
v -0.000000 -3.558702 -2.986105
v -0.000000 -3.252691 -3.252691
v -0.000000 -2.918256 -3.477842
v -0.000000 -2.552415 -3.645227
v -0.000000 -2.190000 -3.793191
v -0.000000 -1.838389 -3.942439
v -0.000000 -1.477527 -4.059472
v -0.000000 -1.125863 -4.201777
v -0.000000 -0.769261 -4.362698
v -0.000000 -0.400916 -4.582496
v -0.000000 0.000000 -4.800000
v -0.000000 0.440137 -5.030783
v -0.000000 0.929018 -5.268721
v -0.000000 1.371741 -5.119407
v -0.000000 1.812707 -4.980371
v -0.000000 2.202500 -4.723277
v -0.000000 2.550000 -4.416730
v -0.000000 2.852212 -4.073381
v -0.000000 3.083686 -3.674994
v -0.000000 3.249229 -3.249229
v -0.000000 3.442621 -2.888702
v -0.000000 3.600427 -2.521046
v -0.000000 3.723909 -2.150000
v -0.000000 3.886323 -1.812222
v -0.000000 4.012226 -1.460331
v -0.000000 4.085311 -1.094656
v -0.000000 4.144775 -0.730836
v -0.000000 4.198112 -0.367287
v -0.000000 4.250000 -0.000000
v 0.000000 -4.700000 -0.000000
v 0.035596 -4.668256 -0.406865
v 0.070810 -4.607685 -0.809368
v 0.101890 -4.362978 -1.164608
v 0.135187 -4.261608 -1.545196
v 0.167925 -4.131877 -1.919394
v 0.200862 -3.991744 -2.295865
v 0.230956 -3.784482 -2.639839
v 0.257704 -3.523804 -2.945571
v 0.278560 -3.196123 -3.183960
v 0.297105 -2.860405 -3.395926
v 0.312705 -2.512265 -3.574233
v 0.324560 -2.150000 -3.709739
v 0.341236 -1.825711 -3.900351
v 0.348073 -1.453586 -3.978496
v 0.359474 -1.105157 -4.108808
v 0.370793 -0.750160 -4.238180
v 0.390708 -0.392201 -4.465817
v 0.406146 0.000000 -4.642267
v 0.431199 0.432846 -4.928630
v 0.446325 0.902971 -5.101513
v 0.441331 1.356817 -5.044440
v 0.426372 1.780570 -4.873459
v 0.407033 2.177743 -4.652414
v 0.381234 2.525430 -4.357529
v 0.351844 2.826705 -4.021591
v 0.317739 3.059056 -3.631769
v 0.281914 3.234599 -3.222291
v 0.250766 3.428933 -2.866268
v 0.218976 3.588173 -2.502905
v 0.186864 3.713565 -2.135869
v 0.157273 3.869777 -1.797640
v 0.126810 3.997523 -1.449443
v 0.095125 4.073317 -1.087289
v 0.063566 4.136256 -0.726558
v 0.031977 4.193661 -0.365502
v 0.000000 4.250000 -0.000000
v 0.000000 -4.700000 -0.000000
v 0.070897 -4.666627 -0.402074
v 0.140996 -4.604890 -0.799631
v 0.202766 -4.357841 -1.149940
v 0.268975 -4.255749 -1.525434
v 0.334078 -4.125770 -1.894650
v 0.399397 -3.983777 -2.265092
v 0.456170 -3.751716 -2.587070
v 0.504517 -3.462521 -2.861260
v 0.546406 -3.146625 -3.098821
v 0.582637 -2.815410 -3.304300
v 0.617340 -2.489322 -3.501110
v 0.640635 -2.130000 -3.633220
v 0.670433 -1.800354 -3.802216
v 0.686624 -1.439179 -3.894039
v 0.709503 -1.094805 -4.023793
v 0.735343 -0.746687 -4.170339
v 0.761145 -0.383485 -4.316665
v 0.794118 0.000000 -4.503668
v 0.843774 0.425116 -4.785282
v 0.868313 0.881708 -4.924445
v 0.873687 1.348150 -4.954925
v 0.837155 1.754694 -4.747741
v 0.799294 2.146392 -4.533024
v 0.749450 2.491791 -4.250340
v 0.687040 2.770374 -3.896396
v 0.622544 3.008246 -3.530622
v 0.560503 3.227807 -3.178770
v 0.498622 3.422058 -2.827824
v 0.435481 3.581559 -2.469735
v 0.370968 3.700218 -2.103866
v 0.310401 3.833361 -1.760369
v 0.250777 3.967810 -1.422225
v 0.189026 4.062549 -1.072019
v 0.126404 4.128301 -0.716872
v 0.063581 4.185086 -0.360585
v 0.000000 4.250000 -0.000000
v 0.000000 -4.700000 -0.000000
v 0.105636 -4.665134 -0.394239
v 0.210049 -4.602634 -0.783915
v 0.301944 -4.353898 -1.126872
v 0.400545 -4.251956 -1.494853
v 0.497575 -4.122776 -1.856975
v 0.590397 -3.951012 -2.203391
v 0.676943 -3.735333 -2.526387
v 0.748646 -3.447200 -2.793983
v 0.808916 -3.125412 -3.018916
v 0.862461 -2.796126 -3.218748
v 0.915892 -2.477850 -3.418157
v 0.954853 -2.130000 -3.563559
v 0.997100 -1.796449 -3.721227
v 1.023933 -1.439929 -3.821369
v 1.060000 -1.097393 -3.955974
v 1.086825 -0.740427 -4.056086
v 1.147362 -0.387843 -4.282013
v 1.178329 0.000000 -4.397584
v 1.242987 0.420167 -4.638889
v 1.291677 0.879988 -4.820606
v 1.300000 1.345859 -4.851666
v 1.239402 1.742938 -4.625513
v 1.173177 2.113683 -4.378357
v 1.100484 2.454861 -4.107063
v 1.000731 2.707373 -3.734781
v 0.900050 2.917991 -3.359032
v 0.816385 3.154270 -3.046791
v 0.740228 3.408443 -2.762570
v 0.646423 3.566922 -2.412483
v 0.545159 3.648276 -2.034561
v 0.456664 3.783798 -1.704293
v 0.369754 3.925105 -1.379942
v 0.280407 4.043343 -1.046494
v 0.187934 4.118034 -0.701378
v 0.094516 4.174055 -0.352739
v 0.000000 4.250000 -0.000000
v 0.000000 -4.700000 -0.000000
v 0.139553 -4.663767 -0.383420
v 0.277467 -4.600878 -0.762334
v 0.398749 -4.351062 -1.095553
v 0.529073 -4.250087 -1.453615
v 0.657516 -4.122702 -1.806510
v 0.784022 -3.970427 -2.154083
v 0.889967 -3.716168 -2.445163
v 0.993705 -3.462521 -2.730183
v 1.078628 -3.153696 -2.963505
v 1.147572 -2.815410 -3.152927
v 1.218724 -2.495057 -3.348417
v 1.279576 -2.160000 -3.515606
v 1.339626 -1.826436 -3.680593
v 1.372352 -1.460426 -3.770505
v 1.421646 -1.113761 -3.905939
v 1.471921 -0.758843 -4.044070
v 1.532847 -0.392102 -4.211461
v 1.560990 0.000000 -4.288784
v 1.638007 0.419002 -4.500388
v 1.702937 0.877942 -4.678780
v 1.709061 1.338931 -4.695607
v 1.635170 1.740112 -4.492593
v 1.547940 2.110450 -4.252930
v 1.426689 2.408335 -3.919795
v 1.286696 2.634214 -3.535168
v 1.162636 2.852369 -3.194317
v 1.056173 3.088044 -2.901812
v 0.959945 3.344884 -2.637427
v 0.845140 3.528989 -2.322004
v 0.711204 3.601664 -1.954017
v 0.596313 3.738954 -1.638357
v 0.483782 3.886261 -1.329180
v 0.367816 4.013528 -1.010566
v 0.247132 4.097880 -0.678991
v 0.124575 4.163214 -0.342268
v 0.000000 4.250000 -0.000000
v 0.000000 -4.700000 -0.000000
v 0.172393 -4.662512 -0.369698
v 0.342755 -4.599564 -0.735040
v 0.492506 -4.349215 -1.056183
v 0.653730 -4.249952 -1.401928
v 0.812970 -4.125283 -1.743420
v 0.969727 -3.974310 -2.079586
v 1.107786 -3.743525 -2.375654
v 1.236025 -3.485502 -2.650664
v 1.335798 -3.160767 -2.864628
v 1.434188 -2.847549 -3.075625
v 1.526692 -2.529472 -3.274001
v 1.610392 -2.200000 -3.453496
v 1.674099 -1.847163 -3.590116
v 1.715172 -1.477152 -3.678198
v 1.787034 -1.133019 -3.832307
v 1.866152 -0.778606 -4.001977
v 1.917620 -0.396978 -4.112350
v 1.986306 0.000000 -4.259647
v 2.054529 0.425320 -4.405952
v 2.111098 0.880803 -4.527264
v 2.111649 1.338831 -4.528445
v 2.026742 1.745485 -4.346363
v 1.924340 2.123274 -4.126760
v 1.760451 2.405000 -3.775300
v 1.582082 2.621244 -3.392786
v 1.427713 2.834693 -3.061740
v 1.296949 3.068843 -2.781317
v 1.168111 3.293991 -2.505023
v 1.035223 3.498315 -2.220043
v 0.870594 3.568025 -1.866994
v 0.729146 3.699930 -1.563658
v 0.592526 3.852062 -1.270676
v 0.449885 3.972837 -0.964781
v 0.303902 4.078180 -0.651720
v 0.153541 4.152629 -0.329269
v 0.000000 4.250000 -0.000000
v 0.000000 -4.700000 -0.000000
v 0.203908 -4.661349 -0.353178
v 0.405431 -4.598627 -0.702227
v 0.582550 -4.348209 -1.009005
v 0.773675 -4.251307 -1.340044
v 0.962967 -4.130177 -1.667907
v 1.150000 -3.983717 -1.991858
v 1.320163 -3.770776 -2.286589
v 1.468770 -3.500823 -2.543984
v 1.605132 -3.210265 -2.780171
v 1.723600 -2.892544 -2.985363
v 1.843092 -2.581094 -3.192329
v 1.957217 -2.260000 -3.390000
v 2.039967 -1.902505 -3.533327
v 2.103154 -1.530971 -3.642770
v 2.201957 -1.180025 -3.813902
v 2.257607 -0.796154 -3.910290
v 2.321711 -0.406247 -4.021322
v 2.415000 0.000000 -4.182903
v 2.490487 0.435779 -4.313650
v 2.520433 0.888841 -4.365518
v 2.511407 1.345859 -4.349885
v 2.416826 1.759306 -4.186066
v 2.300193 2.145196 -3.984052
v 2.088497 2.411588 -3.617383
v 1.872205 2.621864 -3.242754
v 1.692958 2.841121 -2.932290
v 1.534422 3.068843 -2.657696
v 1.372352 3.271010 -2.376983
v 1.198775 3.424056 -2.076339
v 1.025000 3.550704 -1.775352
v 0.855135 3.667686 -1.481137
v 0.694929 3.818603 -1.203652
v 0.526673 3.931138 -0.912224
v 0.357860 4.059049 -0.619832
v 0.181205 4.142360 -0.313856
v 0.000000 4.250000 -0.000000
v 0.000000 -4.700000 -0.000000
v 0.233859 -4.660262 -0.333985
v 0.465026 -4.597982 -0.664126
v 0.669421 -4.355675 -0.956032
v 0.890170 -4.263987 -1.271295
v 1.109751 -4.149174 -1.584889
v 1.327889 -4.009879 -1.896423
v 1.529461 -3.808206 -2.184297
v 1.724512 -3.583121 -2.462859
v 1.898113 -3.309260 -2.710787
v 2.056322 -3.008246 -2.936732
v 2.203579 -2.690073 -3.147037
v 2.334639 -2.350000 -3.334210
v 2.422439 -1.969401 -3.459602
v 2.504168 -1.589052 -3.576323
v 2.603952 -1.216450 -3.718829
v 2.709124 -0.832830 -3.869030
v 2.788402 -0.425320 -3.982250
v 2.867882 0.000000 -4.095760
v 2.936964 0.447981 -4.194420
v 2.950793 0.907123 -4.214169
v 2.925400 1.366616 -4.177904
v 2.793230 1.772479 -3.989145
v 2.635941 2.142974 -3.764514
v 2.384050 2.399736 -3.404777
v 2.165991 2.644187 -3.093356
v 1.968445 2.879688 -2.811231
v 1.773112 3.091326 -2.532266
v 1.581438 3.285847 -2.258527
v 1.405704 3.500061 -2.007553
v 1.175460 3.549583 -1.678731
v 0.984363 3.680368 -1.405816
v 0.794136 3.803974 -1.134143
v 0.602059 3.917379 -0.859830
v 0.410297 4.056840 -0.585964
v 0.207786 4.140688 -0.296749
v 0.000000 4.250000 -0.000000
v 0.000000 -4.700000 -0.000000
v 0.262019 -4.659224 -0.312262
v 0.521089 -4.597542 -0.621010
v 0.751565 -4.363614 -0.895680
v 1.000754 -4.277537 -1.192652
v 1.249780 -4.169590 -1.489429
v 1.498620 -4.038172 -1.785986
v 1.732221 -3.848656 -2.064381
v 1.960845 -3.635485 -2.336844
v 2.183357 -3.396700 -2.602023
v 2.388159 -3.117520 -2.846097
v 2.580050 -2.810525 -3.074784
v 2.732740 -2.454540 -3.256753
v 2.860386 -2.075056 -3.408876
v 2.965783 -1.679337 -3.534483
v 3.088917 -1.287630 -3.681228
v 3.190881 -0.875310 -3.802744
v 3.286774 -0.447357 -3.917024
v 3.336068 0.000000 -3.975771
v 3.348987 0.455825 -3.991167
v 3.331697 0.913938 -3.970561
v 3.295740 1.373846 -3.927710
v 3.155059 1.786511 -3.760052
v 2.963371 2.149766 -3.531608
v 2.694453 2.420151 -3.211125
v 2.461425 2.681303 -2.933412
v 2.255559 2.944423 -2.688070
v 2.043951 3.179824 -2.435886
v 1.804719 3.346020 -2.150780
v 1.576319 3.502271 -1.878583
v 1.325125 3.570673 -1.579223
v 1.105766 3.689125 -1.317801
v 0.887979 3.795505 -1.058253
v 0.673118 3.908151 -0.802191
v 0.459643 4.055411 -0.547782
v 0.232789 4.139452 -0.277427
v 0.000000 4.250000 -0.000000
v 0.000000 -4.700000 -0.000000
v 0.288175 -4.658209 -0.288175
v 0.573189 -4.597210 -0.573189
v 0.828322 -4.371813 -0.828322
v 1.104510 -4.291595 -1.104510
v 1.381857 -4.190883 -1.381857
v 1.660701 -4.067869 -1.660701
v 1.926628 -3.891223 -1.926628
v 2.189924 -3.690886 -2.189924
v 2.449578 -3.464227 -2.449579
v 2.703614 -3.208287 -2.703614
v 2.965922 -2.936984 -2.965922
v 3.161409 -2.581280 -3.161409
v 3.334912 -2.199237 -3.334912
v 3.487432 -1.795092 -3.487432
v 3.682546 -1.395454 -3.682546
v 3.830003 -0.955065 -3.830003
v 3.767056 -0.466089 -3.767056
v 3.733524 0.000000 -3.733524
v 3.698184 0.457568 -3.698184
v 3.655912 0.911653 -3.655912
v 3.613137 1.369153 -3.613137
v 3.508365 1.805866 -3.508365
v 3.300410 2.176484 -3.300410
v 3.000625 2.450000 -3.000625
v 2.785590 2.758411 -2.785590
v 2.572464 3.052656 -2.572464
v 2.302614 3.256388 -2.302614
v 2.012234 3.391407 -2.012234
v 1.722110 3.478156 -1.722110
v 1.451170 3.554626 -1.451170
v 1.216930 3.690693 -1.216930
v 0.976389 3.793780 -0.976389
v 0.739660 3.903864 -0.739660
v 0.505569 4.054864 -0.505569
v 0.256036 4.138704 -0.256036
v 0.000000 4.250000 -0.000000
v 0.000000 -4.700000 -0.000000
v 0.312126 -4.657198 -0.261905
v 0.620921 -4.596886 -0.521015
v 0.899054 -4.380051 -0.754395
v 1.200524 -4.305771 -1.007359
v 1.504744 -4.212463 -1.262630
v 1.812517 -4.098158 -1.520882
v 2.110624 -3.934867 -1.771024
v 2.409217 -3.748077 -2.021573
v 2.707593 -3.534511 -2.271940
v 3.029382 -3.318284 -2.541953
v 3.332061 -3.045691 -2.795932
v 3.648777 -2.750000 -3.061687
v 3.922637 -2.387793 -3.291483
v 4.148548 -1.971097 -3.481045
v 4.313863 -1.508915 -3.619760
v 4.375558 -1.007159 -3.671529
v 4.197212 -0.479357 -3.521879
v 4.136640 0.000000 -3.471053
v 4.067480 0.464540 -3.413021
v 4.013443 0.923808 -3.367678
v 3.936492 1.376917 -3.303109
v 3.851178 1.829808 -3.231522
v 3.714355 2.261008 -3.116714
v 3.444466 2.596016 -2.890251
v 3.175185 2.902297 -2.664296
v 2.875438 3.149659 -2.412779
v 2.540457 3.316331 -2.131696
v 2.186337 3.401337 -1.834555
v 1.861226 3.469911 -1.561754
v 1.566271 3.541389 -1.314258
v 1.309086 3.664727 -1.098454
v 1.059281 3.799191 -0.888842
v 0.801505 3.904808 -0.672542
v 0.547767 4.055298 -0.459631
v 0.277363 4.138500 -0.232735
v 0.000000 4.250000 -0.000000
v 0.000000 -4.700000 -0.000000
v 0.333691 -4.656160 -0.233653
v 0.663907 -4.596467 -0.464873
v 0.963148 -4.388097 -0.674404
v 1.284952 -4.309794 -0.899733
v 1.615642 -4.229686 -1.131285
v 1.952358 -4.128152 -1.367056
v 2.281928 -3.978420 -1.597823
v 2.615785 -3.805607 -1.831592
v 2.953739 -3.605849 -2.068230
v 3.347694 -3.429215 -2.344081
v 3.791207 -3.240707 -2.654632
v 4.185498 -2.950000 -2.930717
v 4.506392 -2.565293 -3.155409
v 4.723273 -2.098671 -3.307271
v 4.861159 -1.590112 -3.403820
v 4.880579 -1.050571 -3.417418
v 4.789415 -0.511528 -3.353585
v 4.669167 0.000000 -3.269386
v 4.586116 0.489815 -3.211233
v 4.517561 0.972430 -3.163230
v 4.399295 1.439034 -3.080420
v 4.310606 1.915313 -3.018319
v 4.120342 2.345531 -2.885094
v 3.892349 2.743384 -2.725452
v 3.536249 3.022770 -2.476108
v 3.162635 3.239650 -2.214501
v 2.757422 3.366190 -1.930767
v 2.351458 3.421049 -1.646509
v 1.996088 3.480072 -1.397676
v 1.671600 3.534503 -1.170467
v 1.395763 3.654051 -0.977324
v 1.136516 3.811931 -0.795797
v 0.858463 3.911153 -0.601103
v 0.585959 4.056800 -0.410293
v 0.296619 4.138883 -0.207695
v 0.000000 4.250000 -0.000000
v 0.000000 -4.700000 -0.000000
v 0.352703 -4.655074 -0.203633
v 0.701804 -4.595856 -0.405187
v 1.017620 -4.385333 -0.587523
v 1.357132 -4.305518 -0.783540
v 1.708042 -4.229562 -0.986139
v 2.076337 -4.152673 -1.198774
v 2.438091 -4.020615 -1.407633
v 2.806327 -3.861839 -1.620234
v 3.183711 -3.676233 -1.838116
v 3.635703 -3.522664 -2.099074
v 4.083079 -3.301292 -2.357367
v 4.545000 -3.030000 -2.624057
v 4.964127 -2.672913 -2.866040
v 5.248995 -2.206030 -3.030509
v 5.521008 -1.708206 -3.187555
v 5.518059 -1.123504 -3.185853
v 5.452453 -0.550824 -3.147975
v 5.343377 0.000000 -3.085000
v 5.279907 0.533393 -3.048356
v 5.193969 1.057517 -2.998740
v 5.102749 1.578796 -2.946074
v 4.964166 2.086323 -2.866062
v 4.670069 2.514579 -2.696266
v 4.325226 2.883484 -2.497170
v 3.845983 3.109592 -2.220479
v 3.469655 3.361779 -2.003206
v 3.010148 3.475819 -1.737910
v 2.550021 3.509132 -1.472256
v 2.123406 3.501673 -1.225949
v 1.773576 3.547152 -1.023975
v 1.478107 3.660183 -0.853386
v 1.207869 3.831981 -0.697364
v 0.910322 3.922945 -0.525575
v 0.619893 4.059454 -0.357896
v 0.313669 4.139898 -0.181097
v 0.000000 4.250000 -0.000000
v 0.000000 -4.700000 -0.000000
v 0.369017 -4.653915 -0.172075
v 0.734304 -4.594957 -0.342412
v 1.071404 -4.411895 -0.499604
v 1.432159 -4.341599 -0.667827
v 1.807686 -4.277349 -0.842938
v 2.205588 -4.215114 -1.028483
v 2.609182 -4.111516 -1.216682
v 3.012904 -3.961832 -1.404940
v 3.430821 -3.785493 -1.599818
v 3.922066 -3.631222 -1.828890
v 4.421992 -3.416403 -2.062009
v 4.962142 -3.161060 -2.313885
v 5.445195 -2.801627 -2.539136
v 5.829402 -2.341069 -2.718295
v 6.303068 -1.863497 -2.939169
v 6.560161 -1.276314 -3.059053
v 6.636014 -0.640595 -3.094424
v 6.634173 0.000000 -3.093566
v 6.563785 0.633622 -3.060743
v 6.444131 1.253740 -3.004948
v 6.171754 1.824674 -2.877936
v 5.876390 2.359939 -2.740206
v 5.372982 2.764472 -2.505462
v 4.966151 3.163614 -2.315754
v 4.308869 3.329004 -2.009259
v 3.846267 3.561043 -1.793544
v 3.262944 3.600260 -1.521536
v 2.751806 3.618500 -1.283188
v 2.265034 3.569212 -1.056203
v 1.857263 3.549427 -0.866056
v 1.545513 3.656995 -0.720685
v 1.265630 3.836765 -0.590173
v 0.952649 3.922877 -0.444227
v 0.647476 4.051625 -0.301923
v 0.327924 4.135662 -0.152913
v 0.000000 4.250000 -0.000000
v 0.000000 -4.700000 -0.000000
v 0.382507 -4.652662 -0.139221
v 0.761143 -4.593687 -0.277033
v 1.117711 -4.439064 -0.406814
v 1.497387 -4.378066 -0.545004
v 1.895080 -4.324832 -0.689753
v 2.316645 -4.270063 -0.843190
v 2.743456 -4.169514 -0.998536
v 3.188686 -4.044011 -1.160587
v 3.654579 -3.889121 -1.330158
v 4.161987 -3.716451 -1.514839
v 4.705761 -3.506476 -1.712757
v 5.261090 -3.232431 -1.914880
v 5.832633 -2.894352 -2.122905
v 6.320230 -2.448008 -2.300376
v 6.812991 -1.942694 -2.479726
v 7.310791 -1.371821 -2.660910
v 7.488934 -0.697246 -2.725749
v 7.573923 0.000000 -2.756682
v 7.582546 0.705962 -2.759821
v 7.403333 1.389185 -2.694593
v 7.170620 2.044670 -2.609892
v 6.755120 2.616454 -2.458663
v 6.217050 3.085113 -2.262821
v 5.615204 3.450000 -2.043767
v 4.805103 3.580500 -1.748914
v 4.172032 3.725421 -1.518495
v 3.521573 3.747580 -1.281748
v 2.923124 3.707215 -1.063930
v 2.390932 3.633746 -0.870228
v 1.938017 3.572173 -0.705381
v 1.608793 3.671485 -0.585553
v 1.316163 3.848204 -0.479044
v 0.989024 3.927973 -0.359975
v 0.670243 4.045086 -0.243949
v 0.339712 4.132128 -0.123645
v 0.000000 4.250000 -0.000000
v 0.000000 -4.700000 -0.000000
v 0.393070 -4.651298 -0.105323
v 0.782099 -4.591970 -0.209563
v 1.156155 -4.467039 -0.309791
v 1.552256 -4.415233 -0.415926
v 1.968333 -4.370008 -0.527413
v 2.392283 -4.289724 -0.641010
v 2.834824 -4.191366 -0.759589
v 3.311094 -4.085208 -0.887205
v 3.815359 -3.949951 -1.022322
v 4.364253 -3.791226 -1.169398
v 4.929174 -3.573199 -1.320768
v 5.504371 -3.290056 -1.474892
v 6.124220 -2.956511 -1.640980
v 6.749866 -2.543415 -1.808621
v 7.346234 -2.037856 -1.968417
v 7.935025 -1.448516 -2.126184
v 8.290209 -0.750885 -2.221355
v 8.500147 0.000000 -2.277608
v 8.592894 0.778301 -2.302459
v 8.561261 1.562834 -2.293983
v 8.023909 2.225844 -2.150000
v 7.466538 2.813464 -2.000653
v 6.740781 3.254161 -1.806187
v 6.064743 3.625000 -1.625043
v 5.249296 3.805258 -1.406545
v 4.476650 3.888865 -1.199515
v 3.716796 3.847910 -0.995912
v 3.060964 3.776599 -0.820183
v 2.496558 3.691229 -0.668951
v 2.015620 3.614310 -0.540084
v 1.667875 3.702943 -0.446906
v 1.359059 3.865704 -0.364159
v 1.019211 3.937929 -0.273097
v 0.688070 4.039892 -0.184368
v 0.348959 4.129326 -0.093503
v 0.000000 4.250000 -0.000000
v 0.000000 -4.700000 -0.000000
v 0.400625 -4.649807 -0.070641
v 0.797001 -4.589748 -0.140533
v 1.186395 -4.495992 -0.209193
v 1.596271 -4.453375 -0.281466
v 2.015669 -4.389298 -0.355417
v 2.451819 -4.312186 -0.432322
v 2.903227 -4.210201 -0.511917
v 3.401563 -4.116361 -0.599787
v 3.930286 -3.990917 -0.693015
v 4.514293 -3.846377 -0.795992
v 5.135285 -3.651236 -0.905489
v 5.743960 -3.367435 -1.012815
v 6.467662 -3.062446 -1.140423
v 7.065125 -2.611165 -1.245772
v 7.675385 -2.088340 -1.353377
v 8.421499 -1.507845 -1.484938
v 8.976701 -0.797475 -1.582835
v 9.454154 0.000000 -1.667023
v 9.614391 0.854126 -1.695276
v 9.504494 1.701752 -1.675899
v 8.846637 2.407017 -1.559901
v 7.949810 2.938131 -1.401766
v 7.106224 3.364805 -1.253019
v 6.348788 3.722020 -1.119463
v 5.389368 3.831891 -0.950291
v 4.651148 3.962984 -0.820123
v 3.819610 3.878534 -0.673500
v 3.121335 3.777247 -0.550376
v 2.557234 3.708449 -0.450909
v 2.088841 3.673792 -0.368319
v 1.722056 3.749932 -0.303645
v 1.393806 3.888526 -0.245766
v 1.042937 3.952341 -0.183898
v 0.700859 4.036087 -0.123580
v 0.355604 4.127274 -0.062703
v 0.000000 4.250000 -0.000000
v 0.000000 -4.700000 -0.000000
v 0.405116 -4.648180 -0.035443
v 0.805729 -4.586974 -0.070492
v 1.208137 -4.526053 -0.105698
v 1.628988 -4.492703 -0.142518
v 2.050413 -4.413920 -0.179388
v 2.490424 -4.330019 -0.217884
v 2.944529 -4.221286 -0.257613
v 3.455568 -4.133917 -0.302323
v 3.996585 -4.011851 -0.349656
v 4.604995 -3.878810 -0.402885
v 5.280516 -3.711581 -0.461985
v 5.945034 -3.445478 -0.520123
v 6.726300 -3.148506 -0.588475
v 7.301711 -2.667757 -0.638817
v 7.890452 -2.122316 -0.690325
v 8.627378 -1.527050 -0.754798
v 9.427837 -0.827980 -0.824829
v 10.011757 0.000000 -0.875915
v 10.221760 0.897704 -0.894288
v 9.908709 1.753847 -0.866900
v 9.141377 2.458781 -0.799767
v 8.284634 3.026878 -0.724812
v 7.299470 3.416801 -0.638621
v 6.462676 3.745480 -0.565411
v 5.523364 3.882274 -0.483232
v 4.731402 3.985283 -0.413944
v 3.863887 3.878647 -0.338046
v 3.182498 3.807241 -0.278432
v 2.642426 3.788190 -0.231182
v 2.155516 3.747725 -0.188583
v 1.770043 3.810369 -0.154859
v 1.419822 3.915831 -0.124218
v 1.059905 3.970731 -0.092730
v 0.708543 4.033699 -0.061990
v 0.359604 4.125991 -0.031461
v 0.000000 4.250000 -0.000000
f 1 39 38
f 1 2 39
f 2 40 39
f 2 3 40
f 3 41 40
f 3 4 41
f 4 42 41
f 4 5 42
f 5 43 42
f 5 6 43
f 6 44 43
f 6 7 44
f 7 45 44
f 7 8 45
f 8 46 45
f 8 9 46
f 9 47 46
f 9 10 47
f 10 48 47
f 10 11 48
f 11 49 48
f 11 12 49
f 12 50 49
f 12 13 50
f 13 51 50
f 13 14 51
f 14 52 51
f 14 15 52
f 15 53 52
f 15 16 53
f 16 54 53
f 16 17 54
f 17 55 54
f 17 18 55
f 18 56 55
f 18 19 56
f 19 57 56
f 19 20 57
f 20 58 57
f 20 21 58
f 21 59 58
f 21 22 59
f 22 60 59
f 22 23 60
f 23 61 60
f 23 24 61
f 24 62 61
f 24 25 62
f 25 63 62
f 25 26 63
f 26 64 63
f 26 27 64
f 27 65 64
f 27 28 65
f 28 66 65
f 28 29 66
f 29 67 66
f 29 30 67
f 30 68 67
f 30 31 68
f 31 69 68
f 31 32 69
f 32 70 69
f 32 33 70
f 33 71 70
f 33 34 71
f 34 72 71
f 34 35 72
f 35 73 72
f 35 36 73
f 36 74 73
f 36 37 74
f 38 76 75
f 38 39 76
f 39 77 76
f 39 40 77
f 40 78 77
f 40 41 78
f 41 79 78
f 41 42 79
f 42 80 79
f 42 43 80
f 43 81 80
f 43 44 81
f 44 82 81
f 44 45 82
f 45 83 82
f 45 46 83
f 46 84 83
f 46 47 84
f 47 85 84
f 47 48 85
f 48 86 85
f 48 49 86
f 49 87 86
f 49 50 87
f 50 88 87
f 50 51 88
f 51 89 88
f 51 52 89
f 52 90 89
f 52 53 90
f 53 91 90
f 53 54 91
f 54 92 91
f 54 55 92
f 55 93 92
f 55 56 93
f 56 94 93
f 56 57 94
f 57 95 94
f 57 58 95
f 58 96 95
f 58 59 96
f 59 97 96
f 59 60 97
f 60 98 97
f 60 61 98
f 61 99 98
f 61 62 99
f 62 100 99
f 62 63 100
f 63 101 100
f 63 64 101
f 64 102 101
f 64 65 102
f 65 103 102
f 65 66 103
f 66 104 103
f 66 67 104
f 67 105 104
f 67 68 105
f 68 106 105
f 68 69 106
f 69 107 106
f 69 70 107
f 70 108 107
f 70 71 108
f 71 109 108
f 71 72 109
f 72 110 109
f 72 73 110
f 73 111 110
f 73 74 111
f 75 113 112
f 75 76 113
f 76 114 113
f 76 77 114
f 77 115 114
f 77 78 115
f 78 116 115
f 78 79 116
f 79 117 116
f 79 80 117
f 80 118 117
f 80 81 118
f 81 119 118
f 81 82 119
f 82 120 119
f 82 83 120
f 83 121 120
f 83 84 121
f 84 122 121
f 84 85 122
f 85 123 122
f 85 86 123
f 86 124 123
f 86 87 124
f 87 125 124
f 87 88 125
f 88 126 125
f 88 89 126
f 89 127 126
f 89 90 127
f 90 128 127
f 90 91 128
f 91 129 128
f 91 92 129
f 92 130 129
f 92 93 130
f 93 131 130
f 93 94 131
f 94 132 131
f 94 95 132
f 95 133 132
f 95 96 133
f 96 134 133
f 96 97 134
f 97 135 134
f 97 98 135
f 98 136 135
f 98 99 136
f 99 137 136
f 99 100 137
f 100 138 137
f 100 101 138
f 101 139 138
f 101 102 139
f 102 140 139
f 102 103 140
f 103 141 140
f 103 104 141
f 104 142 141
f 104 105 142
f 105 143 142
f 105 106 143
f 106 144 143
f 106 107 144
f 107 145 144
f 107 108 145
f 108 146 145
f 108 109 146
f 109 147 146
f 109 110 147
f 110 148 147
f 110 111 148
f 112 150 149
f 112 113 150
f 113 151 150
f 113 114 151
f 114 152 151
f 114 115 152
f 115 153 152
f 115 116 153
f 116 154 153
f 116 117 154
f 117 155 154
f 117 118 155
f 118 156 155
f 118 119 156
f 119 157 156
f 119 120 157
f 120 158 157
f 120 121 158
f 121 159 158
f 121 122 159
f 122 160 159
f 122 123 160
f 123 161 160
f 123 124 161
f 124 162 161
f 124 125 162
f 125 163 162
f 125 126 163
f 126 164 163
f 126 127 164
f 127 165 164
f 127 128 165
f 128 166 165
f 128 129 166
f 129 167 166
f 129 130 167
f 130 168 167
f 130 131 168
f 131 169 168
f 131 132 169
f 132 170 169
f 132 133 170
f 133 171 170
f 133 134 171
f 134 172 171
f 134 135 172
f 135 173 172
f 135 136 173
f 136 174 173
f 136 137 174
f 137 175 174
f 137 138 175
f 138 176 175
f 138 139 176
f 139 177 176
f 139 140 177
f 140 178 177
f 140 141 178
f 141 179 178
f 141 142 179
f 142 180 179
f 142 143 180
f 143 181 180
f 143 144 181
f 144 182 181
f 144 145 182
f 145 183 182
f 145 146 183
f 146 184 183
f 146 147 184
f 147 185 184
f 147 148 185
f 149 187 186
f 149 150 187
f 150 188 187
f 150 151 188
f 151 189 188
f 151 152 189
f 152 190 189
f 152 153 190
f 153 191 190
f 153 154 191
f 154 192 191
f 154 155 192
f 155 193 192
f 155 156 193
f 156 194 193
f 156 157 194
f 157 195 194
f 157 158 195
f 158 196 195
f 158 159 196
f 159 197 196
f 159 160 197
f 160 198 197
f 160 161 198
f 161 199 198
f 161 162 199
f 162 200 199
f 162 163 200
f 163 201 200
f 163 164 201
f 164 202 201
f 164 165 202
f 165 203 202
f 165 166 203
f 166 204 203
f 166 167 204
f 167 205 204
f 167 168 205
f 168 206 205
f 168 169 206
f 169 207 206
f 169 170 207
f 170 208 207
f 170 171 208
f 171 209 208
f 171 172 209
f 172 210 209
f 172 173 210
f 173 211 210
f 173 174 211
f 174 212 211
f 174 175 212
f 175 213 212
f 175 176 213
f 176 214 213
f 176 177 214
f 177 215 214
f 177 178 215
f 178 216 215
f 178 179 216
f 179 217 216
f 179 180 217
f 180 218 217
f 180 181 218
f 181 219 218
f 181 182 219
f 182 220 219
f 182 183 220
f 183 221 220
f 183 184 221
f 184 222 221
f 184 185 222
f 186 224 223
f 186 187 224
f 187 225 224
f 187 188 225
f 188 226 225
f 188 189 226
f 189 227 226
f 189 190 227
f 190 228 227
f 190 191 228
f 191 229 228
f 191 192 229
f 192 230 229
f 192 193 230
f 193 231 230
f 193 194 231
f 194 232 231
f 194 195 232
f 195 233 232
f 195 196 233
f 196 234 233
f 196 197 234
f 197 235 234
f 197 198 235
f 198 236 235
f 198 199 236
f 199 237 236
f 199 200 237
f 200 238 237
f 200 201 238
f 201 239 238
f 201 202 239
f 202 240 239
f 202 203 240
f 203 241 240
f 203 204 241
f 204 242 241
f 204 205 242
f 205 243 242
f 205 206 243
f 206 244 243
f 206 207 244
f 207 245 244
f 207 208 245
f 208 246 245
f 208 209 246
f 209 247 246
f 209 210 247
f 210 248 247
f 210 211 248
f 211 249 248
f 211 212 249
f 212 250 249
f 212 213 250
f 213 251 250
f 213 214 251
f 214 252 251
f 214 215 252
f 215 253 252
f 215 216 253
f 216 254 253
f 216 217 254
f 217 255 254
f 217 218 255
f 218 256 255
f 218 219 256
f 219 257 256
f 219 220 257
f 220 258 257
f 220 221 258
f 221 259 258
f 221 222 259
f 223 261 260
f 223 224 261
f 224 262 261
f 224 225 262
f 225 263 262
f 225 226 263
f 226 264 263
f 226 227 264
f 227 265 264
f 227 228 265
f 228 266 265
f 228 229 266
f 229 267 266
f 229 230 267
f 230 268 267
f 230 231 268
f 231 269 268
f 231 232 269
f 232 270 269
f 232 233 270
f 233 271 270
f 233 234 271
f 234 272 271
f 234 235 272
f 235 273 272
f 235 236 273
f 236 274 273
f 236 237 274
f 237 275 274
f 237 238 275
f 238 276 275
f 238 239 276
f 239 277 276
f 239 240 277
f 240 278 277
f 240 241 278
f 241 279 278
f 241 242 279
f 242 280 279
f 242 243 280
f 243 281 280
f 243 244 281
f 244 282 281
f 244 245 282
f 245 283 282
f 245 246 283
f 246 284 283
f 246 247 284
f 247 285 284
f 247 248 285
f 248 286 285
f 248 249 286
f 249 287 286
f 249 250 287
f 250 288 287
f 250 251 288
f 251 289 288
f 251 252 289
f 252 290 289
f 252 253 290
f 253 291 290
f 253 254 291
f 254 292 291
f 254 255 292
f 255 293 292
f 255 256 293
f 256 294 293
f 256 257 294
f 257 295 294
f 257 258 295
f 258 296 295
f 258 259 296
f 260 298 297
f 260 261 298
f 261 299 298
f 261 262 299
f 262 300 299
f 262 263 300
f 263 301 300
f 263 264 301
f 264 302 301
f 264 265 302
f 265 303 302
f 265 266 303
f 266 304 303
f 266 267 304
f 267 305 304
f 267 268 305
f 268 306 305
f 268 269 306
f 269 307 306
f 269 270 307
f 270 308 307
f 270 271 308
f 271 309 308
f 271 272 309
f 272 310 309
f 272 273 310
f 273 311 310
f 273 274 311
f 274 312 311
f 274 275 312
f 275 313 312
f 275 276 313
f 276 314 313
f 276 277 314
f 277 315 314
f 277 278 315
f 278 316 315
f 278 279 316
f 279 317 316
f 279 280 317
f 280 318 317
f 280 281 318
f 281 319 318
f 281 282 319
f 282 320 319
f 282 283 320
f 283 321 320
f 283 284 321
f 284 322 321
f 284 285 322
f 285 323 322
f 285 286 323
f 286 324 323
f 286 287 324
f 287 325 324
f 287 288 325
f 288 326 325
f 288 289 326
f 289 327 326
f 289 290 327
f 290 328 327
f 290 291 328
f 291 329 328
f 291 292 329
f 292 330 329
f 292 293 330
f 293 331 330
f 293 294 331
f 294 332 331
f 294 295 332
f 295 333 332
f 295 296 333
f 297 335 334
f 297 298 335
f 298 336 335
f 298 299 336
f 299 337 336
f 299 300 337
f 300 338 337
f 300 301 338
f 301 339 338
f 301 302 339
f 302 340 339
f 302 303 340
f 303 341 340
f 303 304 341
f 304 342 341
f 304 305 342
f 305 343 342
f 305 306 343
f 306 344 343
f 306 307 344
f 307 345 344
f 307 308 345
f 308 346 345
f 308 309 346
f 309 347 346
f 309 310 347
f 310 348 347
f 310 311 348
f 311 349 348
f 311 312 349
f 312 350 349
f 312 313 350
f 313 351 350
f 313 314 351
f 314 352 351
f 314 315 352
f 315 353 352
f 315 316 353
f 316 354 353
f 316 317 354
f 317 355 354
f 317 318 355
f 318 356 355
f 318 319 356
f 319 357 356
f 319 320 357
f 320 358 357
f 320 321 358
f 321 359 358
f 321 322 359
f 322 360 359
f 322 323 360
f 323 361 360
f 323 324 361
f 324 362 361
f 324 325 362
f 325 363 362
f 325 326 363
f 326 364 363
f 326 327 364
f 327 365 364
f 327 328 365
f 328 366 365
f 328 329 366
f 329 367 366
f 329 330 367
f 330 368 367
f 330 331 368
f 331 369 368
f 331 332 369
f 332 370 369
f 332 333 370
f 334 372 371
f 334 335 372
f 335 373 372
f 335 336 373
f 336 374 373
f 336 337 374
f 337 375 374
f 337 338 375
f 338 376 375
f 338 339 376
f 339 377 376
f 339 340 377
f 340 378 377
f 340 341 378
f 341 379 378
f 341 342 379
f 342 380 379
f 342 343 380
f 343 381 380
f 343 344 381
f 344 382 381
f 344 345 382
f 345 383 382
f 345 346 383
f 346 384 383
f 346 347 384
f 347 385 384
f 347 348 385
f 348 386 385
f 348 349 386
f 349 387 386
f 349 350 387
f 350 388 387
f 350 351 388
f 351 389 388
f 351 352 389
f 352 390 389
f 352 353 390
f 353 391 390
f 353 354 391
f 354 392 391
f 354 355 392
f 355 393 392
f 355 356 393
f 356 394 393
f 356 357 394
f 357 395 394
f 357 358 395
f 358 396 395
f 358 359 396
f 359 397 396
f 359 360 397
f 360 398 397
f 360 361 398
f 361 399 398
f 361 362 399
f 362 400 399
f 362 363 400
f 363 401 400
f 363 364 401
f 364 402 401
f 364 365 402
f 365 403 402
f 365 366 403
f 366 404 403
f 366 367 404
f 367 405 404
f 367 368 405
f 368 406 405
f 368 369 406
f 369 407 406
f 369 370 407
f 371 409 408
f 371 372 409
f 372 410 409
f 372 373 410
f 373 411 410
f 373 374 411
f 374 412 411
f 374 375 412
f 375 413 412
f 375 376 413
f 376 414 413
f 376 377 414
f 377 415 414
f 377 378 415
f 378 416 415
f 378 379 416
f 379 417 416
f 379 380 417
f 380 418 417
f 380 381 418
f 381 419 418
f 381 382 419
f 382 420 419
f 382 383 420
f 383 421 420
f 383 384 421
f 384 422 421
f 384 385 422
f 385 423 422
f 385 386 423
f 386 424 423
f 386 387 424
f 387 425 424
f 387 388 425
f 388 426 425
f 388 389 426
f 389 427 426
f 389 390 427
f 390 428 427
f 390 391 428
f 391 429 428
f 391 392 429
f 392 430 429
f 392 393 430
f 393 431 430
f 393 394 431
f 394 432 431
f 394 395 432
f 395 433 432
f 395 396 433
f 396 434 433
f 396 397 434
f 397 435 434
f 397 398 435
f 398 436 435
f 398 399 436
f 399 437 436
f 399 400 437
f 400 438 437
f 400 401 438
f 401 439 438
f 401 402 439
f 402 440 439
f 402 403 440
f 403 441 440
f 403 404 441
f 404 442 441
f 404 405 442
f 405 443 442
f 405 406 443
f 406 444 443
f 406 407 444
f 408 446 445
f 408 409 446
f 409 447 446
f 409 410 447
f 410 448 447
f 410 411 448
f 411 449 448
f 411 412 449
f 412 450 449
f 412 413 450
f 413 451 450
f 413 414 451
f 414 452 451
f 414 415 452
f 415 453 452
f 415 416 453
f 416 454 453
f 416 417 454
f 417 455 454
f 417 418 455
f 418 456 455
f 418 419 456
f 419 457 456
f 419 420 457
f 420 458 457
f 420 421 458
f 421 459 458
f 421 422 459
f 422 460 459
f 422 423 460
f 423 461 460
f 423 424 461
f 424 462 461
f 424 425 462
f 425 463 462
f 425 426 463
f 426 464 463
f 426 427 464
f 427 465 464
f 427 428 465
f 428 466 465
f 428 429 466
f 429 467 466
f 429 430 467
f 430 468 467
f 430 431 468
f 431 469 468
f 431 432 469
f 432 470 469
f 432 433 470
f 433 471 470
f 433 434 471
f 434 472 471
f 434 435 472
f 435 473 472
f 435 436 473
f 436 474 473
f 436 437 474
f 437 475 474
f 437 438 475
f 438 476 475
f 438 439 476
f 439 477 476
f 439 440 477
f 440 478 477
f 440 441 478
f 441 479 478
f 441 442 479
f 442 480 479
f 442 443 480
f 443 481 480
f 443 444 481
f 445 483 482
f 445 446 483
f 446 484 483
f 446 447 484
f 447 485 484
f 447 448 485
f 448 486 485
f 448 449 486
f 449 487 486
f 449 450 487
f 450 488 487
f 450 451 488
f 451 489 488
f 451 452 489
f 452 490 489
f 452 453 490
f 453 491 490
f 453 454 491
f 454 492 491
f 454 455 492
f 455 493 492
f 455 456 493
f 456 494 493
f 456 457 494
f 457 495 494
f 457 458 495
f 458 496 495
f 458 459 496
f 459 497 496
f 459 460 497
f 460 498 497
f 460 461 498
f 461 499 498
f 461 462 499
f 462 500 499
f 462 463 500
f 463 501 500
f 463 464 501
f 464 502 501
f 464 465 502
f 465 503 502
f 465 466 503
f 466 504 503
f 466 467 504
f 467 505 504
f 467 468 505
f 468 506 505
f 468 469 506
f 469 507 506
f 469 470 507
f 470 508 507
f 470 471 508
f 471 509 508
f 471 472 509
f 472 510 509
f 472 473 510
f 473 511 510
f 473 474 511
f 474 512 511
f 474 475 512
f 475 513 512
f 475 476 513
f 476 514 513
f 476 477 514
f 477 515 514
f 477 478 515
f 478 516 515
f 478 479 516
f 479 517 516
f 479 480 517
f 480 518 517
f 480 481 518
f 482 520 519
f 482 483 520
f 483 521 520
f 483 484 521
f 484 522 521
f 484 485 522
f 485 523 522
f 485 486 523
f 486 524 523
f 486 487 524
f 487 525 524
f 487 488 525
f 488 526 525
f 488 489 526
f 489 527 526
f 489 490 527
f 490 528 527
f 490 491 528
f 491 529 528
f 491 492 529
f 492 530 529
f 492 493 530
f 493 531 530
f 493 494 531
f 494 532 531
f 494 495 532
f 495 533 532
f 495 496 533
f 496 534 533
f 496 497 534
f 497 535 534
f 497 498 535
f 498 536 535
f 498 499 536
f 499 537 536
f 499 500 537
f 500 538 537
f 500 501 538
f 501 539 538
f 501 502 539
f 502 540 539
f 502 503 540
f 503 541 540
f 503 504 541
f 504 542 541
f 504 505 542
f 505 543 542
f 505 506 543
f 506 544 543
f 506 507 544
f 507 545 544
f 507 508 545
f 508 546 545
f 508 509 546
f 509 547 546
f 509 510 547
f 510 548 547
f 510 511 548
f 511 549 548
f 511 512 549
f 512 550 549
f 512 513 550
f 513 551 550
f 513 514 551
f 514 552 551
f 514 515 552
f 515 553 552
f 515 516 553
f 516 554 553
f 516 517 554
f 517 555 554
f 517 518 555
f 519 557 556
f 519 520 557
f 520 558 557
f 520 521 558
f 521 559 558
f 521 522 559
f 522 560 559
f 522 523 560
f 523 561 560
f 523 524 561
f 524 562 561
f 524 525 562
f 525 563 562
f 525 526 563
f 526 564 563
f 526 527 564
f 527 565 564
f 527 528 565
f 528 566 565
f 528 529 566
f 529 567 566
f 529 530 567
f 530 568 567
f 530 531 568
f 531 569 568
f 531 532 569
f 532 570 569
f 532 533 570
f 533 571 570
f 533 534 571
f 534 572 571
f 534 535 572
f 535 573 572
f 535 536 573
f 536 574 573
f 536 537 574
f 537 575 574
f 537 538 575
f 538 576 575
f 538 539 576
f 539 577 576
f 539 540 577
f 540 578 577
f 540 541 578
f 541 579 578
f 541 542 579
f 542 580 579
f 542 543 580
f 543 581 580
f 543 544 581
f 544 582 581
f 544 545 582
f 545 583 582
f 545 546 583
f 546 584 583
f 546 547 584
f 547 585 584
f 547 548 585
f 548 586 585
f 548 549 586
f 549 587 586
f 549 550 587
f 550 588 587
f 550 551 588
f 551 589 588
f 551 552 589
f 552 590 589
f 552 553 590
f 553 591 590
f 553 554 591
f 554 592 591
f 554 555 592
f 556 594 593
f 556 557 594
f 557 595 594
f 557 558 595
f 558 596 595
f 558 559 596
f 559 597 596
f 559 560 597
f 560 598 597
f 560 561 598
f 561 599 598
f 561 562 599
f 562 600 599
f 562 563 600
f 563 601 600
f 563 564 601
f 564 602 601
f 564 565 602
f 565 603 602
f 565 566 603
f 566 604 603
f 566 567 604
f 567 605 604
f 567 568 605
f 568 606 605
f 568 569 606
f 569 607 606
f 569 570 607
f 570 608 607
f 570 571 608
f 571 609 608
f 571 572 609
f 572 610 609
f 572 573 610
f 573 611 610
f 573 574 611
f 574 612 611
f 574 575 612
f 575 613 612
f 575 576 613
f 576 614 613
f 576 577 614
f 577 615 614
f 577 578 615
f 578 616 615
f 578 579 616
f 579 617 616
f 579 580 617
f 580 618 617
f 580 581 618
f 581 619 618
f 581 582 619
f 582 620 619
f 582 583 620
f 583 621 620
f 583 584 621
f 584 622 621
f 584 585 622
f 585 623 622
f 585 586 623
f 586 624 623
f 586 587 624
f 587 625 624
f 587 588 625
f 588 626 625
f 588 589 626
f 589 627 626
f 589 590 627
f 590 628 627
f 590 591 628
f 591 629 628
f 591 592 629
f 593 631 630
f 593 594 631
f 594 632 631
f 594 595 632
f 595 633 632
f 595 596 633
f 596 634 633
f 596 597 634
f 597 635 634
f 597 598 635
f 598 636 635
f 598 599 636
f 599 637 636
f 599 600 637
f 600 638 637
f 600 601 638
f 601 639 638
f 601 602 639
f 602 640 639
f 602 603 640
f 603 641 640
f 603 604 641
f 604 642 641
f 604 605 642
f 605 643 642
f 605 606 643
f 606 644 643
f 606 607 644
f 607 645 644
f 607 608 645
f 608 646 645
f 608 609 646
f 609 647 646
f 609 610 647
f 610 648 647
f 610 611 648
f 611 649 648
f 611 612 649
f 612 650 649
f 612 613 650
f 613 651 650
f 613 614 651
f 614 652 651
f 614 615 652
f 615 653 652
f 615 616 653
f 616 654 653
f 616 617 654
f 617 655 654
f 617 618 655
f 618 656 655
f 618 619 656
f 619 657 656
f 619 620 657
f 620 658 657
f 620 621 658
f 621 659 658
f 621 622 659
f 622 660 659
f 622 623 660
f 623 661 660
f 623 624 661
f 624 662 661
f 624 625 662
f 625 663 662
f 625 626 663
f 626 664 663
f 626 627 664
f 627 665 664
f 627 628 665
f 628 666 665
f 628 629 666
f 630 668 667
f 630 631 668
f 631 669 668
f 631 632 669
f 632 670 669
f 632 633 670
f 633 671 670
f 633 634 671
f 634 672 671
f 634 635 672
f 635 673 672
f 635 636 673
f 636 674 673
f 636 637 674
f 637 675 674
f 637 638 675
f 638 676 675
f 638 639 676
f 639 677 676
f 639 640 677
f 640 678 677
f 640 641 678
f 641 679 678
f 641 642 679
f 642 680 679
f 642 643 680
f 643 681 680
f 643 644 681
f 644 682 681
f 644 645 682
f 645 683 682
f 645 646 683
f 646 684 683
f 646 647 684
f 647 685 684
f 647 648 685
f 648 686 685
f 648 649 686
f 649 687 686
f 649 650 687
f 650 688 687
f 650 651 688
f 651 689 688
f 651 652 689
f 652 690 689
f 652 653 690
f 653 691 690
f 653 654 691
f 654 692 691
f 654 655 692
f 655 693 692
f 655 656 693
f 656 694 693
f 656 657 694
f 657 695 694
f 657 658 695
f 658 696 695
f 658 659 696
f 659 697 696
f 659 660 697
f 660 698 697
f 660 661 698
f 661 699 698
f 661 662 699
f 662 700 699
f 662 663 700
f 663 701 700
f 663 664 701
f 664 702 701
f 664 665 702
f 665 703 702
f 665 666 703
f 667 705 704
f 667 668 705
f 668 706 705
f 668 669 706
f 669 707 706
f 669 670 707
f 670 708 707
f 670 671 708
f 671 709 708
f 671 672 709
f 672 710 709
f 672 673 710
f 673 711 710
f 673 674 711
f 674 712 711
f 674 675 712
f 675 713 712
f 675 676 713
f 676 714 713
f 676 677 714
f 677 715 714
f 677 678 715
f 678 716 715
f 678 679 716
f 679 717 716
f 679 680 717
f 680 718 717
f 680 681 718
f 681 719 718
f 681 682 719
f 682 720 719
f 682 683 720
f 683 721 720
f 683 684 721
f 684 722 721
f 684 685 722
f 685 723 722
f 685 686 723
f 686 724 723
f 686 687 724
f 687 725 724
f 687 688 725
f 688 726 725
f 688 689 726
f 689 727 726
f 689 690 727
f 690 728 727
f 690 691 728
f 691 729 728
f 691 692 729
f 692 730 729
f 692 693 730
f 693 731 730
f 693 694 731
f 694 732 731
f 694 695 732
f 695 733 732
f 695 696 733
f 696 734 733
f 696 697 734
f 697 735 734
f 697 698 735
f 698 736 735
f 698 699 736
f 699 737 736
f 699 700 737
f 700 738 737
f 700 701 738
f 701 739 738
f 701 702 739
f 702 740 739
f 702 703 740
f 704 742 741
f 704 705 742
f 705 743 742
f 705 706 743
f 706 744 743
f 706 707 744
f 707 745 744
f 707 708 745
f 708 746 745
f 708 709 746
f 709 747 746
f 709 710 747
f 710 748 747
f 710 711 748
f 711 749 748
f 711 712 749
f 712 750 749
f 712 713 750
f 713 751 750
f 713 714 751
f 714 752 751
f 714 715 752
f 715 753 752
f 715 716 753
f 716 754 753
f 716 717 754
f 717 755 754
f 717 718 755
f 718 756 755
f 718 719 756
f 719 757 756
f 719 720 757
f 720 758 757
f 720 721 758
f 721 759 758
f 721 722 759
f 722 760 759
f 722 723 760
f 723 761 760
f 723 724 761
f 724 762 761
f 724 725 762
f 725 763 762
f 725 726 763
f 726 764 763
f 726 727 764
f 727 765 764
f 727 728 765
f 728 766 765
f 728 729 766
f 729 767 766
f 729 730 767
f 730 768 767
f 730 731 768
f 731 769 768
f 731 732 769
f 732 770 769
f 732 733 770
f 733 771 770
f 733 734 771
f 734 772 771
f 734 735 772
f 735 773 772
f 735 736 773
f 736 774 773
f 736 737 774
f 737 775 774
f 737 738 775
f 738 776 775
f 738 739 776
f 739 777 776
f 739 740 777
f 741 779 778
f 741 742 779
f 742 780 779
f 742 743 780
f 743 781 780
f 743 744 781
f 744 782 781
f 744 745 782
f 745 783 782
f 745 746 783
f 746 784 783
f 746 747 784
f 747 785 784
f 747 748 785
f 748 786 785
f 748 749 786
f 749 787 786
f 749 750 787
f 750 788 787
f 750 751 788
f 751 789 788
f 751 752 789
f 752 790 789
f 752 753 790
f 753 791 790
f 753 754 791
f 754 792 791
f 754 755 792
f 755 793 792
f 755 756 793
f 756 794 793
f 756 757 794
f 757 795 794
f 757 758 795
f 758 796 795
f 758 759 796
f 759 797 796
f 759 760 797
f 760 798 797
f 760 761 798
f 761 799 798
f 761 762 799
f 762 800 799
f 762 763 800
f 763 801 800
f 763 764 801
f 764 802 801
f 764 765 802
f 765 803 802
f 765 766 803
f 766 804 803
f 766 767 804
f 767 805 804
f 767 768 805
f 768 806 805
f 768 769 806
f 769 807 806
f 769 770 807
f 770 808 807
f 770 771 808
f 771 809 808
f 771 772 809
f 772 810 809
f 772 773 810
f 773 811 810
f 773 774 811
f 774 812 811
f 774 775 812
f 775 813 812
f 775 776 813
f 776 814 813
f 776 777 814
f 778 816 815
f 778 779 816
f 779 817 816
f 779 780 817
f 780 818 817
f 780 781 818
f 781 819 818
f 781 782 819
f 782 820 819
f 782 783 820
f 783 821 820
f 783 784 821
f 784 822 821
f 784 785 822
f 785 823 822
f 785 786 823
f 786 824 823
f 786 787 824
f 787 825 824
f 787 788 825
f 788 826 825
f 788 789 826
f 789 827 826
f 789 790 827
f 790 828 827
f 790 791 828
f 791 829 828
f 791 792 829
f 792 830 829
f 792 793 830
f 793 831 830
f 793 794 831
f 794 832 831
f 794 795 832
f 795 833 832
f 795 796 833
f 796 834 833
f 796 797 834
f 797 835 834
f 797 798 835
f 798 836 835
f 798 799 836
f 799 837 836
f 799 800 837
f 800 838 837
f 800 801 838
f 801 839 838
f 801 802 839
f 802 840 839
f 802 803 840
f 803 841 840
f 803 804 841
f 804 842 841
f 804 805 842
f 805 843 842
f 805 806 843
f 806 844 843
f 806 807 844
f 807 845 844
f 807 808 845
f 808 846 845
f 808 809 846
f 809 847 846
f 809 810 847
f 810 848 847
f 810 811 848
f 811 849 848
f 811 812 849
f 812 850 849
f 812 813 850
f 813 851 850
f 813 814 851
f 815 853 852
f 815 816 853
f 816 854 853
f 816 817 854
f 817 855 854
f 817 818 855
f 818 856 855
f 818 819 856
f 819 857 856
f 819 820 857
f 820 858 857
f 820 821 858
f 821 859 858
f 821 822 859
f 822 860 859
f 822 823 860
f 823 861 860
f 823 824 861
f 824 862 861
f 824 825 862
f 825 863 862
f 825 826 863
f 826 864 863
f 826 827 864
f 827 865 864
f 827 828 865
f 828 866 865
f 828 829 866
f 829 867 866
f 829 830 867
f 830 868 867
f 830 831 868
f 831 869 868
f 831 832 869
f 832 870 869
f 832 833 870
f 833 871 870
f 833 834 871
f 834 872 871
f 834 835 872
f 835 873 872
f 835 836 873
f 836 874 873
f 836 837 874
f 837 875 874
f 837 838 875
f 838 876 875
f 838 839 876
f 839 877 876
f 839 840 877
f 840 878 877
f 840 841 878
f 841 879 878
f 841 842 879
f 842 880 879
f 842 843 880
f 843 881 880
f 843 844 881
f 844 882 881
f 844 845 882
f 845 883 882
f 845 846 883
f 846 884 883
f 846 847 884
f 847 885 884
f 847 848 885
f 848 886 885
f 848 849 886
f 849 887 886
f 849 850 887
f 850 888 887
f 850 851 888
f 852 890 889
f 852 853 890
f 853 891 890
f 853 854 891
f 854 892 891
f 854 855 892
f 855 893 892
f 855 856 893
f 856 894 893
f 856 857 894
f 857 895 894
f 857 858 895
f 858 896 895
f 858 859 896
f 859 897 896
f 859 860 897
f 860 898 897
f 860 861 898
f 861 899 898
f 861 862 899
f 862 900 899
f 862 863 900
f 863 901 900
f 863 864 901
f 864 902 901
f 864 865 902
f 865 903 902
f 865 866 903
f 866 904 903
f 866 867 904
f 867 905 904
f 867 868 905
f 868 906 905
f 868 869 906
f 869 907 906
f 869 870 907
f 870 908 907
f 870 871 908
f 871 909 908
f 871 872 909
f 872 910 909
f 872 873 910
f 873 911 910
f 873 874 911
f 874 912 911
f 874 875 912
f 875 913 912
f 875 876 913
f 876 914 913
f 876 877 914
f 877 915 914
f 877 878 915
f 878 916 915
f 878 879 916
f 879 917 916
f 879 880 917
f 880 918 917
f 880 881 918
f 881 919 918
f 881 882 919
f 882 920 919
f 882 883 920
f 883 921 920
f 883 884 921
f 884 922 921
f 884 885 922
f 885 923 922
f 885 886 923
f 886 924 923
f 886 887 924
f 887 925 924
f 887 888 925
f 889 927 926
f 889 890 927
f 890 928 927
f 890 891 928
f 891 929 928
f 891 892 929
f 892 930 929
f 892 893 930
f 893 931 930
f 893 894 931
f 894 932 931
f 894 895 932
f 895 933 932
f 895 896 933
f 896 934 933
f 896 897 934
f 897 935 934
f 897 898 935
f 898 936 935
f 898 899 936
f 899 937 936
f 899 900 937
f 900 938 937
f 900 901 938
f 901 939 938
f 901 902 939
f 902 940 939
f 902 903 940
f 903 941 940
f 903 904 941
f 904 942 941
f 904 905 942
f 905 943 942
f 905 906 943
f 906 944 943
f 906 907 944
f 907 945 944
f 907 908 945
f 908 946 945
f 908 909 946
f 909 947 946
f 909 910 947
f 910 948 947
f 910 911 948
f 911 949 948
f 911 912 949
f 912 950 949
f 912 913 950
f 913 951 950
f 913 914 951
f 914 952 951
f 914 915 952
f 915 953 952
f 915 916 953
f 916 954 953
f 916 917 954
f 917 955 954
f 917 918 955
f 918 956 955
f 918 919 956
f 919 957 956
f 919 920 957
f 920 958 957
f 920 921 958
f 921 959 958
f 921 922 959
f 922 960 959
f 922 923 960
f 923 961 960
f 923 924 961
f 924 962 961
f 924 925 962
f 926 964 963
f 926 927 964
f 927 965 964
f 927 928 965
f 928 966 965
f 928 929 966
f 929 967 966
f 929 930 967
f 930 968 967
f 930 931 968
f 931 969 968
f 931 932 969
f 932 970 969
f 932 933 970
f 933 971 970
f 933 934 971
f 934 972 971
f 934 935 972
f 935 973 972
f 935 936 973
f 936 974 973
f 936 937 974
f 937 975 974
f 937 938 975
f 938 976 975
f 938 939 976
f 939 977 976
f 939 940 977
f 940 978 977
f 940 941 978
f 941 979 978
f 941 942 979
f 942 980 979
f 942 943 980
f 943 981 980
f 943 944 981
f 944 982 981
f 944 945 982
f 945 983 982
f 945 946 983
f 946 984 983
f 946 947 984
f 947 985 984
f 947 948 985
f 948 986 985
f 948 949 986
f 949 987 986
f 949 950 987
f 950 988 987
f 950 951 988
f 951 989 988
f 951 952 989
f 952 990 989
f 952 953 990
f 953 991 990
f 953 954 991
f 954 992 991
f 954 955 992
f 955 993 992
f 955 956 993
f 956 994 993
f 956 957 994
f 957 995 994
f 957 958 995
f 958 996 995
f 958 959 996
f 959 997 996
f 959 960 997
f 960 998 997
f 960 961 998
f 961 999 998
f 961 962 999
f 963 1001 1000
f 963 964 1001
f 964 1002 1001
f 964 965 1002
f 965 1003 1002
f 965 966 1003
f 966 1004 1003
f 966 967 1004
f 967 1005 1004
f 967 968 1005
f 968 1006 1005
f 968 969 1006
f 969 1007 1006
f 969 970 1007
f 970 1008 1007
f 970 971 1008
f 971 1009 1008
f 971 972 1009
f 972 1010 1009
f 972 973 1010
f 973 1011 1010
f 973 974 1011
f 974 1012 1011
f 974 975 1012
f 975 1013 1012
f 975 976 1013
f 976 1014 1013
f 976 977 1014
f 977 1015 1014
f 977 978 1015
f 978 1016 1015
f 978 979 1016
f 979 1017 1016
f 979 980 1017
f 980 1018 1017
f 980 981 1018
f 981 1019 1018
f 981 982 1019
f 982 1020 1019
f 982 983 1020
f 983 1021 1020
f 983 984 1021
f 984 1022 1021
f 984 985 1022
f 985 1023 1022
f 985 986 1023
f 986 1024 1023
f 986 987 1024
f 987 1025 1024
f 987 988 1025
f 988 1026 1025
f 988 989 1026
f 989 1027 1026
f 989 990 1027
f 990 1028 1027
f 990 991 1028
f 991 1029 1028
f 991 992 1029
f 992 1030 1029
f 992 993 1030
f 993 1031 1030
f 993 994 1031
f 994 1032 1031
f 994 995 1032
f 995 1033 1032
f 995 996 1033
f 996 1034 1033
f 996 997 1034
f 997 1035 1034
f 997 998 1035
f 998 1036 1035
f 998 999 1036
f 1000 1038 1037
f 1000 1001 1038
f 1001 1039 1038
f 1001 1002 1039
f 1002 1040 1039
f 1002 1003 1040
f 1003 1041 1040
f 1003 1004 1041
f 1004 1042 1041
f 1004 1005 1042
f 1005 1043 1042
f 1005 1006 1043
f 1006 1044 1043
f 1006 1007 1044
f 1007 1045 1044
f 1007 1008 1045
f 1008 1046 1045
f 1008 1009 1046
f 1009 1047 1046
f 1009 1010 1047
f 1010 1048 1047
f 1010 1011 1048
f 1011 1049 1048
f 1011 1012 1049
f 1012 1050 1049
f 1012 1013 1050
f 1013 1051 1050
f 1013 1014 1051
f 1014 1052 1051
f 1014 1015 1052
f 1015 1053 1052
f 1015 1016 1053
f 1016 1054 1053
f 1016 1017 1054
f 1017 1055 1054
f 1017 1018 1055
f 1018 1056 1055
f 1018 1019 1056
f 1019 1057 1056
f 1019 1020 1057
f 1020 1058 1057
f 1020 1021 1058
f 1021 1059 1058
f 1021 1022 1059
f 1022 1060 1059
f 1022 1023 1060
f 1023 1061 1060
f 1023 1024 1061
f 1024 1062 1061
f 1024 1025 1062
f 1025 1063 1062
f 1025 1026 1063
f 1026 1064 1063
f 1026 1027 1064
f 1027 1065 1064
f 1027 1028 1065
f 1028 1066 1065
f 1028 1029 1066
f 1029 1067 1066
f 1029 1030 1067
f 1030 1068 1067
f 1030 1031 1068
f 1031 1069 1068
f 1031 1032 1069
f 1032 1070 1069
f 1032 1033 1070
f 1033 1071 1070
f 1033 1034 1071
f 1034 1072 1071
f 1034 1035 1072
f 1035 1073 1072
f 1035 1036 1073
f 1037 1075 1074
f 1037 1038 1075
f 1038 1076 1075
f 1038 1039 1076
f 1039 1077 1076
f 1039 1040 1077
f 1040 1078 1077
f 1040 1041 1078
f 1041 1079 1078
f 1041 1042 1079
f 1042 1080 1079
f 1042 1043 1080
f 1043 1081 1080
f 1043 1044 1081
f 1044 1082 1081
f 1044 1045 1082
f 1045 1083 1082
f 1045 1046 1083
f 1046 1084 1083
f 1046 1047 1084
f 1047 1085 1084
f 1047 1048 1085
f 1048 1086 1085
f 1048 1049 1086
f 1049 1087 1086
f 1049 1050 1087
f 1050 1088 1087
f 1050 1051 1088
f 1051 1089 1088
f 1051 1052 1089
f 1052 1090 1089
f 1052 1053 1090
f 1053 1091 1090
f 1053 1054 1091
f 1054 1092 1091
f 1054 1055 1092
f 1055 1093 1092
f 1055 1056 1093
f 1056 1094 1093
f 1056 1057 1094
f 1057 1095 1094
f 1057 1058 1095
f 1058 1096 1095
f 1058 1059 1096
f 1059 1097 1096
f 1059 1060 1097
f 1060 1098 1097
f 1060 1061 1098
f 1061 1099 1098
f 1061 1062 1099
f 1062 1100 1099
f 1062 1063 1100
f 1063 1101 1100
f 1063 1064 1101
f 1064 1102 1101
f 1064 1065 1102
f 1065 1103 1102
f 1065 1066 1103
f 1066 1104 1103
f 1066 1067 1104
f 1067 1105 1104
f 1067 1068 1105
f 1068 1106 1105
f 1068 1069 1106
f 1069 1107 1106
f 1069 1070 1107
f 1070 1108 1107
f 1070 1071 1108
f 1071 1109 1108
f 1071 1072 1109
f 1072 1110 1109
f 1072 1073 1110
f 1074 1112 1111
f 1074 1075 1112
f 1075 1113 1112
f 1075 1076 1113
f 1076 1114 1113
f 1076 1077 1114
f 1077 1115 1114
f 1077 1078 1115
f 1078 1116 1115
f 1078 1079 1116
f 1079 1117 1116
f 1079 1080 1117
f 1080 1118 1117
f 1080 1081 1118
f 1081 1119 1118
f 1081 1082 1119
f 1082 1120 1119
f 1082 1083 1120
f 1083 1121 1120
f 1083 1084 1121
f 1084 1122 1121
f 1084 1085 1122
f 1085 1123 1122
f 1085 1086 1123
f 1086 1124 1123
f 1086 1087 1124
f 1087 1125 1124
f 1087 1088 1125
f 1088 1126 1125
f 1088 1089 1126
f 1089 1127 1126
f 1089 1090 1127
f 1090 1128 1127
f 1090 1091 1128
f 1091 1129 1128
f 1091 1092 1129
f 1092 1130 1129
f 1092 1093 1130
f 1093 1131 1130
f 1093 1094 1131
f 1094 1132 1131
f 1094 1095 1132
f 1095 1133 1132
f 1095 1096 1133
f 1096 1134 1133
f 1096 1097 1134
f 1097 1135 1134
f 1097 1098 1135
f 1098 1136 1135
f 1098 1099 1136
f 1099 1137 1136
f 1099 1100 1137
f 1100 1138 1137
f 1100 1101 1138
f 1101 1139 1138
f 1101 1102 1139
f 1102 1140 1139
f 1102 1103 1140
f 1103 1141 1140
f 1103 1104 1141
f 1104 1142 1141
f 1104 1105 1142
f 1105 1143 1142
f 1105 1106 1143
f 1106 1144 1143
f 1106 1107 1144
f 1107 1145 1144
f 1107 1108 1145
f 1108 1146 1145
f 1108 1109 1146
f 1109 1147 1146
f 1109 1110 1147
f 1111 1149 1148
f 1111 1112 1149
f 1112 1150 1149
f 1112 1113 1150
f 1113 1151 1150
f 1113 1114 1151
f 1114 1152 1151
f 1114 1115 1152
f 1115 1153 1152
f 1115 1116 1153
f 1116 1154 1153
f 1116 1117 1154
f 1117 1155 1154
f 1117 1118 1155
f 1118 1156 1155
f 1118 1119 1156
f 1119 1157 1156
f 1119 1120 1157
f 1120 1158 1157
f 1120 1121 1158
f 1121 1159 1158
f 1121 1122 1159
f 1122 1160 1159
f 1122 1123 1160
f 1123 1161 1160
f 1123 1124 1161
f 1124 1162 1161
f 1124 1125 1162
f 1125 1163 1162
f 1125 1126 1163
f 1126 1164 1163
f 1126 1127 1164
f 1127 1165 1164
f 1127 1128 1165
f 1128 1166 1165
f 1128 1129 1166
f 1129 1167 1166
f 1129 1130 1167
f 1130 1168 1167
f 1130 1131 1168
f 1131 1169 1168
f 1131 1132 1169
f 1132 1170 1169
f 1132 1133 1170
f 1133 1171 1170
f 1133 1134 1171
f 1134 1172 1171
f 1134 1135 1172
f 1135 1173 1172
f 1135 1136 1173
f 1136 1174 1173
f 1136 1137 1174
f 1137 1175 1174
f 1137 1138 1175
f 1138 1176 1175
f 1138 1139 1176
f 1139 1177 1176
f 1139 1140 1177
f 1140 1178 1177
f 1140 1141 1178
f 1141 1179 1178
f 1141 1142 1179
f 1142 1180 1179
f 1142 1143 1180
f 1143 1181 1180
f 1143 1144 1181
f 1144 1182 1181
f 1144 1145 1182
f 1145 1183 1182
f 1145 1146 1183
f 1146 1184 1183
f 1146 1147 1184
f 1148 1186 1185
f 1148 1149 1186
f 1149 1187 1186
f 1149 1150 1187
f 1150 1188 1187
f 1150 1151 1188
f 1151 1189 1188
f 1151 1152 1189
f 1152 1190 1189
f 1152 1153 1190
f 1153 1191 1190
f 1153 1154 1191
f 1154 1192 1191
f 1154 1155 1192
f 1155 1193 1192
f 1155 1156 1193
f 1156 1194 1193
f 1156 1157 1194
f 1157 1195 1194
f 1157 1158 1195
f 1158 1196 1195
f 1158 1159 1196
f 1159 1197 1196
f 1159 1160 1197
f 1160 1198 1197
f 1160 1161 1198
f 1161 1199 1198
f 1161 1162 1199
f 1162 1200 1199
f 1162 1163 1200
f 1163 1201 1200
f 1163 1164 1201
f 1164 1202 1201
f 1164 1165 1202
f 1165 1203 1202
f 1165 1166 1203
f 1166 1204 1203
f 1166 1167 1204
f 1167 1205 1204
f 1167 1168 1205
f 1168 1206 1205
f 1168 1169 1206
f 1169 1207 1206
f 1169 1170 1207
f 1170 1208 1207
f 1170 1171 1208
f 1171 1209 1208
f 1171 1172 1209
f 1172 1210 1209
f 1172 1173 1210
f 1173 1211 1210
f 1173 1174 1211
f 1174 1212 1211
f 1174 1175 1212
f 1175 1213 1212
f 1175 1176 1213
f 1176 1214 1213
f 1176 1177 1214
f 1177 1215 1214
f 1177 1178 1215
f 1178 1216 1215
f 1178 1179 1216
f 1179 1217 1216
f 1179 1180 1217
f 1180 1218 1217
f 1180 1181 1218
f 1181 1219 1218
f 1181 1182 1219
f 1182 1220 1219
f 1182 1183 1220
f 1183 1221 1220
f 1183 1184 1221
f 1185 1223 1222
f 1185 1186 1223
f 1186 1224 1223
f 1186 1187 1224
f 1187 1225 1224
f 1187 1188 1225
f 1188 1226 1225
f 1188 1189 1226
f 1189 1227 1226
f 1189 1190 1227
f 1190 1228 1227
f 1190 1191 1228
f 1191 1229 1228
f 1191 1192 1229
f 1192 1230 1229
f 1192 1193 1230
f 1193 1231 1230
f 1193 1194 1231
f 1194 1232 1231
f 1194 1195 1232
f 1195 1233 1232
f 1195 1196 1233
f 1196 1234 1233
f 1196 1197 1234
f 1197 1235 1234
f 1197 1198 1235
f 1198 1236 1235
f 1198 1199 1236
f 1199 1237 1236
f 1199 1200 1237
f 1200 1238 1237
f 1200 1201 1238
f 1201 1239 1238
f 1201 1202 1239
f 1202 1240 1239
f 1202 1203 1240
f 1203 1241 1240
f 1203 1204 1241
f 1204 1242 1241
f 1204 1205 1242
f 1205 1243 1242
f 1205 1206 1243
f 1206 1244 1243
f 1206 1207 1244
f 1207 1245 1244
f 1207 1208 1245
f 1208 1246 1245
f 1208 1209 1246
f 1209 1247 1246
f 1209 1210 1247
f 1210 1248 1247
f 1210 1211 1248
f 1211 1249 1248
f 1211 1212 1249
f 1212 1250 1249
f 1212 1213 1250
f 1213 1251 1250
f 1213 1214 1251
f 1214 1252 1251
f 1214 1215 1252
f 1215 1253 1252
f 1215 1216 1253
f 1216 1254 1253
f 1216 1217 1254
f 1217 1255 1254
f 1217 1218 1255
f 1218 1256 1255
f 1218 1219 1256
f 1219 1257 1256
f 1219 1220 1257
f 1220 1258 1257
f 1220 1221 1258
f 1222 1260 1259
f 1222 1223 1260
f 1223 1261 1260
f 1223 1224 1261
f 1224 1262 1261
f 1224 1225 1262
f 1225 1263 1262
f 1225 1226 1263
f 1226 1264 1263
f 1226 1227 1264
f 1227 1265 1264
f 1227 1228 1265
f 1228 1266 1265
f 1228 1229 1266
f 1229 1267 1266
f 1229 1230 1267
f 1230 1268 1267
f 1230 1231 1268
f 1231 1269 1268
f 1231 1232 1269
f 1232 1270 1269
f 1232 1233 1270
f 1233 1271 1270
f 1233 1234 1271
f 1234 1272 1271
f 1234 1235 1272
f 1235 1273 1272
f 1235 1236 1273
f 1236 1274 1273
f 1236 1237 1274
f 1237 1275 1274
f 1237 1238 1275
f 1238 1276 1275
f 1238 1239 1276
f 1239 1277 1276
f 1239 1240 1277
f 1240 1278 1277
f 1240 1241 1278
f 1241 1279 1278
f 1241 1242 1279
f 1242 1280 1279
f 1242 1243 1280
f 1243 1281 1280
f 1243 1244 1281
f 1244 1282 1281
f 1244 1245 1282
f 1245 1283 1282
f 1245 1246 1283
f 1246 1284 1283
f 1246 1247 1284
f 1247 1285 1284
f 1247 1248 1285
f 1248 1286 1285
f 1248 1249 1286
f 1249 1287 1286
f 1249 1250 1287
f 1250 1288 1287
f 1250 1251 1288
f 1251 1289 1288
f 1251 1252 1289
f 1252 1290 1289
f 1252 1253 1290
f 1253 1291 1290
f 1253 1254 1291
f 1254 1292 1291
f 1254 1255 1292
f 1255 1293 1292
f 1255 1256 1293
f 1256 1294 1293
f 1256 1257 1294
f 1257 1295 1294
f 1257 1258 1295
f 1259 1297 1296
f 1259 1260 1297
f 1260 1298 1297
f 1260 1261 1298
f 1261 1299 1298
f 1261 1262 1299
f 1262 1300 1299
f 1262 1263 1300
f 1263 1301 1300
f 1263 1264 1301
f 1264 1302 1301
f 1264 1265 1302
f 1265 1303 1302
f 1265 1266 1303
f 1266 1304 1303
f 1266 1267 1304
f 1267 1305 1304
f 1267 1268 1305
f 1268 1306 1305
f 1268 1269 1306
f 1269 1307 1306
f 1269 1270 1307
f 1270 1308 1307
f 1270 1271 1308
f 1271 1309 1308
f 1271 1272 1309
f 1272 1310 1309
f 1272 1273 1310
f 1273 1311 1310
f 1273 1274 1311
f 1274 1312 1311
f 1274 1275 1312
f 1275 1313 1312
f 1275 1276 1313
f 1276 1314 1313
f 1276 1277 1314
f 1277 1315 1314
f 1277 1278 1315
f 1278 1316 1315
f 1278 1279 1316
f 1279 1317 1316
f 1279 1280 1317
f 1280 1318 1317
f 1280 1281 1318
f 1281 1319 1318
f 1281 1282 1319
f 1282 1320 1319
f 1282 1283 1320
f 1283 1321 1320
f 1283 1284 1321
f 1284 1322 1321
f 1284 1285 1322
f 1285 1323 1322
f 1285 1286 1323
f 1286 1324 1323
f 1286 1287 1324
f 1287 1325 1324
f 1287 1288 1325
f 1288 1326 1325
f 1288 1289 1326
f 1289 1327 1326
f 1289 1290 1327
f 1290 1328 1327
f 1290 1291 1328
f 1291 1329 1328
f 1291 1292 1329
f 1292 1330 1329
f 1292 1293 1330
f 1293 1331 1330
f 1293 1294 1331
f 1294 1332 1331
f 1294 1295 1332
f 1296 1334 1333
f 1296 1297 1334
f 1297 1335 1334
f 1297 1298 1335
f 1298 1336 1335
f 1298 1299 1336
f 1299 1337 1336
f 1299 1300 1337
f 1300 1338 1337
f 1300 1301 1338
f 1301 1339 1338
f 1301 1302 1339
f 1302 1340 1339
f 1302 1303 1340
f 1303 1341 1340
f 1303 1304 1341
f 1304 1342 1341
f 1304 1305 1342
f 1305 1343 1342
f 1305 1306 1343
f 1306 1344 1343
f 1306 1307 1344
f 1307 1345 1344
f 1307 1308 1345
f 1308 1346 1345
f 1308 1309 1346
f 1309 1347 1346
f 1309 1310 1347
f 1310 1348 1347
f 1310 1311 1348
f 1311 1349 1348
f 1311 1312 1349
f 1312 1350 1349
f 1312 1313 1350
f 1313 1351 1350
f 1313 1314 1351
f 1314 1352 1351
f 1314 1315 1352
f 1315 1353 1352
f 1315 1316 1353
f 1316 1354 1353
f 1316 1317 1354
f 1317 1355 1354
f 1317 1318 1355
f 1318 1356 1355
f 1318 1319 1356
f 1319 1357 1356
f 1319 1320 1357
f 1320 1358 1357
f 1320 1321 1358
f 1321 1359 1358
f 1321 1322 1359
f 1322 1360 1359
f 1322 1323 1360
f 1323 1361 1360
f 1323 1324 1361
f 1324 1362 1361
f 1324 1325 1362
f 1325 1363 1362
f 1325 1326 1363
f 1326 1364 1363
f 1326 1327 1364
f 1327 1365 1364
f 1327 1328 1365
f 1328 1366 1365
f 1328 1329 1366
f 1329 1367 1366
f 1329 1330 1367
f 1330 1368 1367
f 1330 1331 1368
f 1331 1369 1368
f 1331 1332 1369
f 1333 1371 1370
f 1333 1334 1371
f 1334 1372 1371
f 1334 1335 1372
f 1335 1373 1372
f 1335 1336 1373
f 1336 1374 1373
f 1336 1337 1374
f 1337 1375 1374
f 1337 1338 1375
f 1338 1376 1375
f 1338 1339 1376
f 1339 1377 1376
f 1339 1340 1377
f 1340 1378 1377
f 1340 1341 1378
f 1341 1379 1378
f 1341 1342 1379
f 1342 1380 1379
f 1342 1343 1380
f 1343 1381 1380
f 1343 1344 1381
f 1344 1382 1381
f 1344 1345 1382
f 1345 1383 1382
f 1345 1346 1383
f 1346 1384 1383
f 1346 1347 1384
f 1347 1385 1384
f 1347 1348 1385
f 1348 1386 1385
f 1348 1349 1386
f 1349 1387 1386
f 1349 1350 1387
f 1350 1388 1387
f 1350 1351 1388
f 1351 1389 1388
f 1351 1352 1389
f 1352 1390 1389
f 1352 1353 1390
f 1353 1391 1390
f 1353 1354 1391
f 1354 1392 1391
f 1354 1355 1392
f 1355 1393 1392
f 1355 1356 1393
f 1356 1394 1393
f 1356 1357 1394
f 1357 1395 1394
f 1357 1358 1395
f 1358 1396 1395
f 1358 1359 1396
f 1359 1397 1396
f 1359 1360 1397
f 1360 1398 1397
f 1360 1361 1398
f 1361 1399 1398
f 1361 1362 1399
f 1362 1400 1399
f 1362 1363 1400
f 1363 1401 1400
f 1363 1364 1401
f 1364 1402 1401
f 1364 1365 1402
f 1365 1403 1402
f 1365 1366 1403
f 1366 1404 1403
f 1366 1367 1404
f 1367 1405 1404
f 1367 1368 1405
f 1368 1406 1405
f 1368 1369 1406
f 1370 1408 1407
f 1370 1371 1408
f 1371 1409 1408
f 1371 1372 1409
f 1372 1410 1409
f 1372 1373 1410
f 1373 1411 1410
f 1373 1374 1411
f 1374 1412 1411
f 1374 1375 1412
f 1375 1413 1412
f 1375 1376 1413
f 1376 1414 1413
f 1376 1377 1414
f 1377 1415 1414
f 1377 1378 1415
f 1378 1416 1415
f 1378 1379 1416
f 1379 1417 1416
f 1379 1380 1417
f 1380 1418 1417
f 1380 1381 1418
f 1381 1419 1418
f 1381 1382 1419
f 1382 1420 1419
f 1382 1383 1420
f 1383 1421 1420
f 1383 1384 1421
f 1384 1422 1421
f 1384 1385 1422
f 1385 1423 1422
f 1385 1386 1423
f 1386 1424 1423
f 1386 1387 1424
f 1387 1425 1424
f 1387 1388 1425
f 1388 1426 1425
f 1388 1389 1426
f 1389 1427 1426
f 1389 1390 1427
f 1390 1428 1427
f 1390 1391 1428
f 1391 1429 1428
f 1391 1392 1429
f 1392 1430 1429
f 1392 1393 1430
f 1393 1431 1430
f 1393 1394 1431
f 1394 1432 1431
f 1394 1395 1432
f 1395 1433 1432
f 1395 1396 1433
f 1396 1434 1433
f 1396 1397 1434
f 1397 1435 1434
f 1397 1398 1435
f 1398 1436 1435
f 1398 1399 1436
f 1399 1437 1436
f 1399 1400 1437
f 1400 1438 1437
f 1400 1401 1438
f 1401 1439 1438
f 1401 1402 1439
f 1402 1440 1439
f 1402 1403 1440
f 1403 1441 1440
f 1403 1404 1441
f 1404 1442 1441
f 1404 1405 1442
f 1405 1443 1442
f 1405 1406 1443
f 1407 1445 1444
f 1407 1408 1445
f 1408 1446 1445
f 1408 1409 1446
f 1409 1447 1446
f 1409 1410 1447
f 1410 1448 1447
f 1410 1411 1448
f 1411 1449 1448
f 1411 1412 1449
f 1412 1450 1449
f 1412 1413 1450
f 1413 1451 1450
f 1413 1414 1451
f 1414 1452 1451
f 1414 1415 1452
f 1415 1453 1452
f 1415 1416 1453
f 1416 1454 1453
f 1416 1417 1454
f 1417 1455 1454
f 1417 1418 1455
f 1418 1456 1455
f 1418 1419 1456
f 1419 1457 1456
f 1419 1420 1457
f 1420 1458 1457
f 1420 1421 1458
f 1421 1459 1458
f 1421 1422 1459
f 1422 1460 1459
f 1422 1423 1460
f 1423 1461 1460
f 1423 1424 1461
f 1424 1462 1461
f 1424 1425 1462
f 1425 1463 1462
f 1425 1426 1463
f 1426 1464 1463
f 1426 1427 1464
f 1427 1465 1464
f 1427 1428 1465
f 1428 1466 1465
f 1428 1429 1466
f 1429 1467 1466
f 1429 1430 1467
f 1430 1468 1467
f 1430 1431 1468
f 1431 1469 1468
f 1431 1432 1469
f 1432 1470 1469
f 1432 1433 1470
f 1433 1471 1470
f 1433 1434 1471
f 1434 1472 1471
f 1434 1435 1472
f 1435 1473 1472
f 1435 1436 1473
f 1436 1474 1473
f 1436 1437 1474
f 1437 1475 1474
f 1437 1438 1475
f 1438 1476 1475
f 1438 1439 1476
f 1439 1477 1476
f 1439 1440 1477
f 1440 1478 1477
f 1440 1441 1478
f 1441 1479 1478
f 1441 1442 1479
f 1442 1480 1479
f 1442 1443 1480
f 1444 1482 1481
f 1444 1445 1482
f 1445 1483 1482
f 1445 1446 1483
f 1446 1484 1483
f 1446 1447 1484
f 1447 1485 1484
f 1447 1448 1485
f 1448 1486 1485
f 1448 1449 1486
f 1449 1487 1486
f 1449 1450 1487
f 1450 1488 1487
f 1450 1451 1488
f 1451 1489 1488
f 1451 1452 1489
f 1452 1490 1489
f 1452 1453 1490
f 1453 1491 1490
f 1453 1454 1491
f 1454 1492 1491
f 1454 1455 1492
f 1455 1493 1492
f 1455 1456 1493
f 1456 1494 1493
f 1456 1457 1494
f 1457 1495 1494
f 1457 1458 1495
f 1458 1496 1495
f 1458 1459 1496
f 1459 1497 1496
f 1459 1460 1497
f 1460 1498 1497
f 1460 1461 1498
f 1461 1499 1498
f 1461 1462 1499
f 1462 1500 1499
f 1462 1463 1500
f 1463 1501 1500
f 1463 1464 1501
f 1464 1502 1501
f 1464 1465 1502
f 1465 1503 1502
f 1465 1466 1503
f 1466 1504 1503
f 1466 1467 1504
f 1467 1505 1504
f 1467 1468 1505
f 1468 1506 1505
f 1468 1469 1506
f 1469 1507 1506
f 1469 1470 1507
f 1470 1508 1507
f 1470 1471 1508
f 1471 1509 1508
f 1471 1472 1509
f 1472 1510 1509
f 1472 1473 1510
f 1473 1511 1510
f 1473 1474 1511
f 1474 1512 1511
f 1474 1475 1512
f 1475 1513 1512
f 1475 1476 1513
f 1476 1514 1513
f 1476 1477 1514
f 1477 1515 1514
f 1477 1478 1515
f 1478 1516 1515
f 1478 1479 1516
f 1479 1517 1516
f 1479 1480 1517
f 1481 1519 1518
f 1481 1482 1519
f 1482 1520 1519
f 1482 1483 1520
f 1483 1521 1520
f 1483 1484 1521
f 1484 1522 1521
f 1484 1485 1522
f 1485 1523 1522
f 1485 1486 1523
f 1486 1524 1523
f 1486 1487 1524
f 1487 1525 1524
f 1487 1488 1525
f 1488 1526 1525
f 1488 1489 1526
f 1489 1527 1526
f 1489 1490 1527
f 1490 1528 1527
f 1490 1491 1528
f 1491 1529 1528
f 1491 1492 1529
f 1492 1530 1529
f 1492 1493 1530
f 1493 1531 1530
f 1493 1494 1531
f 1494 1532 1531
f 1494 1495 1532
f 1495 1533 1532
f 1495 1496 1533
f 1496 1534 1533
f 1496 1497 1534
f 1497 1535 1534
f 1497 1498 1535
f 1498 1536 1535
f 1498 1499 1536
f 1499 1537 1536
f 1499 1500 1537
f 1500 1538 1537
f 1500 1501 1538
f 1501 1539 1538
f 1501 1502 1539
f 1502 1540 1539
f 1502 1503 1540
f 1503 1541 1540
f 1503 1504 1541
f 1504 1542 1541
f 1504 1505 1542
f 1505 1543 1542
f 1505 1506 1543
f 1506 1544 1543
f 1506 1507 1544
f 1507 1545 1544
f 1507 1508 1545
f 1508 1546 1545
f 1508 1509 1546
f 1509 1547 1546
f 1509 1510 1547
f 1510 1548 1547
f 1510 1511 1548
f 1511 1549 1548
f 1511 1512 1549
f 1512 1550 1549
f 1512 1513 1550
f 1513 1551 1550
f 1513 1514 1551
f 1514 1552 1551
f 1514 1515 1552
f 1515 1553 1552
f 1515 1516 1553
f 1516 1554 1553
f 1516 1517 1554
f 1518 1556 1555
f 1518 1519 1556
f 1519 1557 1556
f 1519 1520 1557
f 1520 1558 1557
f 1520 1521 1558
f 1521 1559 1558
f 1521 1522 1559
f 1522 1560 1559
f 1522 1523 1560
f 1523 1561 1560
f 1523 1524 1561
f 1524 1562 1561
f 1524 1525 1562
f 1525 1563 1562
f 1525 1526 1563
f 1526 1564 1563
f 1526 1527 1564
f 1527 1565 1564
f 1527 1528 1565
f 1528 1566 1565
f 1528 1529 1566
f 1529 1567 1566
f 1529 1530 1567
f 1530 1568 1567
f 1530 1531 1568
f 1531 1569 1568
f 1531 1532 1569
f 1532 1570 1569
f 1532 1533 1570
f 1533 1571 1570
f 1533 1534 1571
f 1534 1572 1571
f 1534 1535 1572
f 1535 1573 1572
f 1535 1536 1573
f 1536 1574 1573
f 1536 1537 1574
f 1537 1575 1574
f 1537 1538 1575
f 1538 1576 1575
f 1538 1539 1576
f 1539 1577 1576
f 1539 1540 1577
f 1540 1578 1577
f 1540 1541 1578
f 1541 1579 1578
f 1541 1542 1579
f 1542 1580 1579
f 1542 1543 1580
f 1543 1581 1580
f 1543 1544 1581
f 1544 1582 1581
f 1544 1545 1582
f 1545 1583 1582
f 1545 1546 1583
f 1546 1584 1583
f 1546 1547 1584
f 1547 1585 1584
f 1547 1548 1585
f 1548 1586 1585
f 1548 1549 1586
f 1549 1587 1586
f 1549 1550 1587
f 1550 1588 1587
f 1550 1551 1588
f 1551 1589 1588
f 1551 1552 1589
f 1552 1590 1589
f 1552 1553 1590
f 1553 1591 1590
f 1553 1554 1591
f 1555 1593 1592
f 1555 1556 1593
f 1556 1594 1593
f 1556 1557 1594
f 1557 1595 1594
f 1557 1558 1595
f 1558 1596 1595
f 1558 1559 1596
f 1559 1597 1596
f 1559 1560 1597
f 1560 1598 1597
f 1560 1561 1598
f 1561 1599 1598
f 1561 1562 1599
f 1562 1600 1599
f 1562 1563 1600
f 1563 1601 1600
f 1563 1564 1601
f 1564 1602 1601
f 1564 1565 1602
f 1565 1603 1602
f 1565 1566 1603
f 1566 1604 1603
f 1566 1567 1604
f 1567 1605 1604
f 1567 1568 1605
f 1568 1606 1605
f 1568 1569 1606
f 1569 1607 1606
f 1569 1570 1607
f 1570 1608 1607
f 1570 1571 1608
f 1571 1609 1608
f 1571 1572 1609
f 1572 1610 1609
f 1572 1573 1610
f 1573 1611 1610
f 1573 1574 1611
f 1574 1612 1611
f 1574 1575 1612
f 1575 1613 1612
f 1575 1576 1613
f 1576 1614 1613
f 1576 1577 1614
f 1577 1615 1614
f 1577 1578 1615
f 1578 1616 1615
f 1578 1579 1616
f 1579 1617 1616
f 1579 1580 1617
f 1580 1618 1617
f 1580 1581 1618
f 1581 1619 1618
f 1581 1582 1619
f 1582 1620 1619
f 1582 1583 1620
f 1583 1621 1620
f 1583 1584 1621
f 1584 1622 1621
f 1584 1585 1622
f 1585 1623 1622
f 1585 1586 1623
f 1586 1624 1623
f 1586 1587 1624
f 1587 1625 1624
f 1587 1588 1625
f 1588 1626 1625
f 1588 1589 1626
f 1589 1627 1626
f 1589 1590 1627
f 1590 1628 1627
f 1590 1591 1628
f 1592 1630 1629
f 1592 1593 1630
f 1593 1631 1630
f 1593 1594 1631
f 1594 1632 1631
f 1594 1595 1632
f 1595 1633 1632
f 1595 1596 1633
f 1596 1634 1633
f 1596 1597 1634
f 1597 1635 1634
f 1597 1598 1635
f 1598 1636 1635
f 1598 1599 1636
f 1599 1637 1636
f 1599 1600 1637
f 1600 1638 1637
f 1600 1601 1638
f 1601 1639 1638
f 1601 1602 1639
f 1602 1640 1639
f 1602 1603 1640
f 1603 1641 1640
f 1603 1604 1641
f 1604 1642 1641
f 1604 1605 1642
f 1605 1643 1642
f 1605 1606 1643
f 1606 1644 1643
f 1606 1607 1644
f 1607 1645 1644
f 1607 1608 1645
f 1608 1646 1645
f 1608 1609 1646
f 1609 1647 1646
f 1609 1610 1647
f 1610 1648 1647
f 1610 1611 1648
f 1611 1649 1648
f 1611 1612 1649
f 1612 1650 1649
f 1612 1613 1650
f 1613 1651 1650
f 1613 1614 1651
f 1614 1652 1651
f 1614 1615 1652
f 1615 1653 1652
f 1615 1616 1653
f 1616 1654 1653
f 1616 1617 1654
f 1617 1655 1654
f 1617 1618 1655
f 1618 1656 1655
f 1618 1619 1656
f 1619 1657 1656
f 1619 1620 1657
f 1620 1658 1657
f 1620 1621 1658
f 1621 1659 1658
f 1621 1622 1659
f 1622 1660 1659
f 1622 1623 1660
f 1623 1661 1660
f 1623 1624 1661
f 1624 1662 1661
f 1624 1625 1662
f 1625 1663 1662
f 1625 1626 1663
f 1626 1664 1663
f 1626 1627 1664
f 1627 1665 1664
f 1627 1628 1665
f 1629 1667 1666
f 1629 1630 1667
f 1630 1668 1667
f 1630 1631 1668
f 1631 1669 1668
f 1631 1632 1669
f 1632 1670 1669
f 1632 1633 1670
f 1633 1671 1670
f 1633 1634 1671
f 1634 1672 1671
f 1634 1635 1672
f 1635 1673 1672
f 1635 1636 1673
f 1636 1674 1673
f 1636 1637 1674
f 1637 1675 1674
f 1637 1638 1675
f 1638 1676 1675
f 1638 1639 1676
f 1639 1677 1676
f 1639 1640 1677
f 1640 1678 1677
f 1640 1641 1678
f 1641 1679 1678
f 1641 1642 1679
f 1642 1680 1679
f 1642 1643 1680
f 1643 1681 1680
f 1643 1644 1681
f 1644 1682 1681
f 1644 1645 1682
f 1645 1683 1682
f 1645 1646 1683
f 1646 1684 1683
f 1646 1647 1684
f 1647 1685 1684
f 1647 1648 1685
f 1648 1686 1685
f 1648 1649 1686
f 1649 1687 1686
f 1649 1650 1687
f 1650 1688 1687
f 1650 1651 1688
f 1651 1689 1688
f 1651 1652 1689
f 1652 1690 1689
f 1652 1653 1690
f 1653 1691 1690
f 1653 1654 1691
f 1654 1692 1691
f 1654 1655 1692
f 1655 1693 1692
f 1655 1656 1693
f 1656 1694 1693
f 1656 1657 1694
f 1657 1695 1694
f 1657 1658 1695
f 1658 1696 1695
f 1658 1659 1696
f 1659 1697 1696
f 1659 1660 1697
f 1660 1698 1697
f 1660 1661 1698
f 1661 1699 1698
f 1661 1662 1699
f 1662 1700 1699
f 1662 1663 1700
f 1663 1701 1700
f 1663 1664 1701
f 1664 1702 1701
f 1664 1665 1702
f 1666 1704 1703
f 1666 1667 1704
f 1667 1705 1704
f 1667 1668 1705
f 1668 1706 1705
f 1668 1669 1706
f 1669 1707 1706
f 1669 1670 1707
f 1670 1708 1707
f 1670 1671 1708
f 1671 1709 1708
f 1671 1672 1709
f 1672 1710 1709
f 1672 1673 1710
f 1673 1711 1710
f 1673 1674 1711
f 1674 1712 1711
f 1674 1675 1712
f 1675 1713 1712
f 1675 1676 1713
f 1676 1714 1713
f 1676 1677 1714
f 1677 1715 1714
f 1677 1678 1715
f 1678 1716 1715
f 1678 1679 1716
f 1679 1717 1716
f 1679 1680 1717
f 1680 1718 1717
f 1680 1681 1718
f 1681 1719 1718
f 1681 1682 1719
f 1682 1720 1719
f 1682 1683 1720
f 1683 1721 1720
f 1683 1684 1721
f 1684 1722 1721
f 1684 1685 1722
f 1685 1723 1722
f 1685 1686 1723
f 1686 1724 1723
f 1686 1687 1724
f 1687 1725 1724
f 1687 1688 1725
f 1688 1726 1725
f 1688 1689 1726
f 1689 1727 1726
f 1689 1690 1727
f 1690 1728 1727
f 1690 1691 1728
f 1691 1729 1728
f 1691 1692 1729
f 1692 1730 1729
f 1692 1693 1730
f 1693 1731 1730
f 1693 1694 1731
f 1694 1732 1731
f 1694 1695 1732
f 1695 1733 1732
f 1695 1696 1733
f 1696 1734 1733
f 1696 1697 1734
f 1697 1735 1734
f 1697 1698 1735
f 1698 1736 1735
f 1698 1699 1736
f 1699 1737 1736
f 1699 1700 1737
f 1700 1738 1737
f 1700 1701 1738
f 1701 1739 1738
f 1701 1702 1739
f 1703 1741 1740
f 1703 1704 1741
f 1704 1742 1741
f 1704 1705 1742
f 1705 1743 1742
f 1705 1706 1743
f 1706 1744 1743
f 1706 1707 1744
f 1707 1745 1744
f 1707 1708 1745
f 1708 1746 1745
f 1708 1709 1746
f 1709 1747 1746
f 1709 1710 1747
f 1710 1748 1747
f 1710 1711 1748
f 1711 1749 1748
f 1711 1712 1749
f 1712 1750 1749
f 1712 1713 1750
f 1713 1751 1750
f 1713 1714 1751
f 1714 1752 1751
f 1714 1715 1752
f 1715 1753 1752
f 1715 1716 1753
f 1716 1754 1753
f 1716 1717 1754
f 1717 1755 1754
f 1717 1718 1755
f 1718 1756 1755
f 1718 1719 1756
f 1719 1757 1756
f 1719 1720 1757
f 1720 1758 1757
f 1720 1721 1758
f 1721 1759 1758
f 1721 1722 1759
f 1722 1760 1759
f 1722 1723 1760
f 1723 1761 1760
f 1723 1724 1761
f 1724 1762 1761
f 1724 1725 1762
f 1725 1763 1762
f 1725 1726 1763
f 1726 1764 1763
f 1726 1727 1764
f 1727 1765 1764
f 1727 1728 1765
f 1728 1766 1765
f 1728 1729 1766
f 1729 1767 1766
f 1729 1730 1767
f 1730 1768 1767
f 1730 1731 1768
f 1731 1769 1768
f 1731 1732 1769
f 1732 1770 1769
f 1732 1733 1770
f 1733 1771 1770
f 1733 1734 1771
f 1734 1772 1771
f 1734 1735 1772
f 1735 1773 1772
f 1735 1736 1773
f 1736 1774 1773
f 1736 1737 1774
f 1737 1775 1774
f 1737 1738 1775
f 1738 1776 1775
f 1738 1739 1776
f 1740 1778 1777
f 1740 1741 1778
f 1741 1779 1778
f 1741 1742 1779
f 1742 1780 1779
f 1742 1743 1780
f 1743 1781 1780
f 1743 1744 1781
f 1744 1782 1781
f 1744 1745 1782
f 1745 1783 1782
f 1745 1746 1783
f 1746 1784 1783
f 1746 1747 1784
f 1747 1785 1784
f 1747 1748 1785
f 1748 1786 1785
f 1748 1749 1786
f 1749 1787 1786
f 1749 1750 1787
f 1750 1788 1787
f 1750 1751 1788
f 1751 1789 1788
f 1751 1752 1789
f 1752 1790 1789
f 1752 1753 1790
f 1753 1791 1790
f 1753 1754 1791
f 1754 1792 1791
f 1754 1755 1792
f 1755 1793 1792
f 1755 1756 1793
f 1756 1794 1793
f 1756 1757 1794
f 1757 1795 1794
f 1757 1758 1795
f 1758 1796 1795
f 1758 1759 1796
f 1759 1797 1796
f 1759 1760 1797
f 1760 1798 1797
f 1760 1761 1798
f 1761 1799 1798
f 1761 1762 1799
f 1762 1800 1799
f 1762 1763 1800
f 1763 1801 1800
f 1763 1764 1801
f 1764 1802 1801
f 1764 1765 1802
f 1765 1803 1802
f 1765 1766 1803
f 1766 1804 1803
f 1766 1767 1804
f 1767 1805 1804
f 1767 1768 1805
f 1768 1806 1805
f 1768 1769 1806
f 1769 1807 1806
f 1769 1770 1807
f 1770 1808 1807
f 1770 1771 1808
f 1771 1809 1808
f 1771 1772 1809
f 1772 1810 1809
f 1772 1773 1810
f 1773 1811 1810
f 1773 1774 1811
f 1774 1812 1811
f 1774 1775 1812
f 1775 1813 1812
f 1775 1776 1813
f 1777 1815 1814
f 1777 1778 1815
f 1778 1816 1815
f 1778 1779 1816
f 1779 1817 1816
f 1779 1780 1817
f 1780 1818 1817
f 1780 1781 1818
f 1781 1819 1818
f 1781 1782 1819
f 1782 1820 1819
f 1782 1783 1820
f 1783 1821 1820
f 1783 1784 1821
f 1784 1822 1821
f 1784 1785 1822
f 1785 1823 1822
f 1785 1786 1823
f 1786 1824 1823
f 1786 1787 1824
f 1787 1825 1824
f 1787 1788 1825
f 1788 1826 1825
f 1788 1789 1826
f 1789 1827 1826
f 1789 1790 1827
f 1790 1828 1827
f 1790 1791 1828
f 1791 1829 1828
f 1791 1792 1829
f 1792 1830 1829
f 1792 1793 1830
f 1793 1831 1830
f 1793 1794 1831
f 1794 1832 1831
f 1794 1795 1832
f 1795 1833 1832
f 1795 1796 1833
f 1796 1834 1833
f 1796 1797 1834
f 1797 1835 1834
f 1797 1798 1835
f 1798 1836 1835
f 1798 1799 1836
f 1799 1837 1836
f 1799 1800 1837
f 1800 1838 1837
f 1800 1801 1838
f 1801 1839 1838
f 1801 1802 1839
f 1802 1840 1839
f 1802 1803 1840
f 1803 1841 1840
f 1803 1804 1841
f 1804 1842 1841
f 1804 1805 1842
f 1805 1843 1842
f 1805 1806 1843
f 1806 1844 1843
f 1806 1807 1844
f 1807 1845 1844
f 1807 1808 1845
f 1808 1846 1845
f 1808 1809 1846
f 1809 1847 1846
f 1809 1810 1847
f 1810 1848 1847
f 1810 1811 1848
f 1811 1849 1848
f 1811 1812 1849
f 1812 1850 1849
f 1812 1813 1850
f 1814 1852 1851
f 1814 1815 1852
f 1815 1853 1852
f 1815 1816 1853
f 1816 1854 1853
f 1816 1817 1854
f 1817 1855 1854
f 1817 1818 1855
f 1818 1856 1855
f 1818 1819 1856
f 1819 1857 1856
f 1819 1820 1857
f 1820 1858 1857
f 1820 1821 1858
f 1821 1859 1858
f 1821 1822 1859
f 1822 1860 1859
f 1822 1823 1860
f 1823 1861 1860
f 1823 1824 1861
f 1824 1862 1861
f 1824 1825 1862
f 1825 1863 1862
f 1825 1826 1863
f 1826 1864 1863
f 1826 1827 1864
f 1827 1865 1864
f 1827 1828 1865
f 1828 1866 1865
f 1828 1829 1866
f 1829 1867 1866
f 1829 1830 1867
f 1830 1868 1867
f 1830 1831 1868
f 1831 1869 1868
f 1831 1832 1869
f 1832 1870 1869
f 1832 1833 1870
f 1833 1871 1870
f 1833 1834 1871
f 1834 1872 1871
f 1834 1835 1872
f 1835 1873 1872
f 1835 1836 1873
f 1836 1874 1873
f 1836 1837 1874
f 1837 1875 1874
f 1837 1838 1875
f 1838 1876 1875
f 1838 1839 1876
f 1839 1877 1876
f 1839 1840 1877
f 1840 1878 1877
f 1840 1841 1878
f 1841 1879 1878
f 1841 1842 1879
f 1842 1880 1879
f 1842 1843 1880
f 1843 1881 1880
f 1843 1844 1881
f 1844 1882 1881
f 1844 1845 1882
f 1845 1883 1882
f 1845 1846 1883
f 1846 1884 1883
f 1846 1847 1884
f 1847 1885 1884
f 1847 1848 1885
f 1848 1886 1885
f 1848 1849 1886
f 1849 1887 1886
f 1849 1850 1887
f 1851 1889 1888
f 1851 1852 1889
f 1852 1890 1889
f 1852 1853 1890
f 1853 1891 1890
f 1853 1854 1891
f 1854 1892 1891
f 1854 1855 1892
f 1855 1893 1892
f 1855 1856 1893
f 1856 1894 1893
f 1856 1857 1894
f 1857 1895 1894
f 1857 1858 1895
f 1858 1896 1895
f 1858 1859 1896
f 1859 1897 1896
f 1859 1860 1897
f 1860 1898 1897
f 1860 1861 1898
f 1861 1899 1898
f 1861 1862 1899
f 1862 1900 1899
f 1862 1863 1900
f 1863 1901 1900
f 1863 1864 1901
f 1864 1902 1901
f 1864 1865 1902
f 1865 1903 1902
f 1865 1866 1903
f 1866 1904 1903
f 1866 1867 1904
f 1867 1905 1904
f 1867 1868 1905
f 1868 1906 1905
f 1868 1869 1906
f 1869 1907 1906
f 1869 1870 1907
f 1870 1908 1907
f 1870 1871 1908
f 1871 1909 1908
f 1871 1872 1909
f 1872 1910 1909
f 1872 1873 1910
f 1873 1911 1910
f 1873 1874 1911
f 1874 1912 1911
f 1874 1875 1912
f 1875 1913 1912
f 1875 1876 1913
f 1876 1914 1913
f 1876 1877 1914
f 1877 1915 1914
f 1877 1878 1915
f 1878 1916 1915
f 1878 1879 1916
f 1879 1917 1916
f 1879 1880 1917
f 1880 1918 1917
f 1880 1881 1918
f 1881 1919 1918
f 1881 1882 1919
f 1882 1920 1919
f 1882 1883 1920
f 1883 1921 1920
f 1883 1884 1921
f 1884 1922 1921
f 1884 1885 1922
f 1885 1923 1922
f 1885 1886 1923
f 1886 1924 1923
f 1886 1887 1924
f 1888 1926 1925
f 1888 1889 1926
f 1889 1927 1926
f 1889 1890 1927
f 1890 1928 1927
f 1890 1891 1928
f 1891 1929 1928
f 1891 1892 1929
f 1892 1930 1929
f 1892 1893 1930
f 1893 1931 1930
f 1893 1894 1931
f 1894 1932 1931
f 1894 1895 1932
f 1895 1933 1932
f 1895 1896 1933
f 1896 1934 1933
f 1896 1897 1934
f 1897 1935 1934
f 1897 1898 1935
f 1898 1936 1935
f 1898 1899 1936
f 1899 1937 1936
f 1899 1900 1937
f 1900 1938 1937
f 1900 1901 1938
f 1901 1939 1938
f 1901 1902 1939
f 1902 1940 1939
f 1902 1903 1940
f 1903 1941 1940
f 1903 1904 1941
f 1904 1942 1941
f 1904 1905 1942
f 1905 1943 1942
f 1905 1906 1943
f 1906 1944 1943
f 1906 1907 1944
f 1907 1945 1944
f 1907 1908 1945
f 1908 1946 1945
f 1908 1909 1946
f 1909 1947 1946
f 1909 1910 1947
f 1910 1948 1947
f 1910 1911 1948
f 1911 1949 1948
f 1911 1912 1949
f 1912 1950 1949
f 1912 1913 1950
f 1913 1951 1950
f 1913 1914 1951
f 1914 1952 1951
f 1914 1915 1952
f 1915 1953 1952
f 1915 1916 1953
f 1916 1954 1953
f 1916 1917 1954
f 1917 1955 1954
f 1917 1918 1955
f 1918 1956 1955
f 1918 1919 1956
f 1919 1957 1956
f 1919 1920 1957
f 1920 1958 1957
f 1920 1921 1958
f 1921 1959 1958
f 1921 1922 1959
f 1922 1960 1959
f 1922 1923 1960
f 1923 1961 1960
f 1923 1924 1961
f 1925 1963 1962
f 1925 1926 1963
f 1926 1964 1963
f 1926 1927 1964
f 1927 1965 1964
f 1927 1928 1965
f 1928 1966 1965
f 1928 1929 1966
f 1929 1967 1966
f 1929 1930 1967
f 1930 1968 1967
f 1930 1931 1968
f 1931 1969 1968
f 1931 1932 1969
f 1932 1970 1969
f 1932 1933 1970
f 1933 1971 1970
f 1933 1934 1971
f 1934 1972 1971
f 1934 1935 1972
f 1935 1973 1972
f 1935 1936 1973
f 1936 1974 1973
f 1936 1937 1974
f 1937 1975 1974
f 1937 1938 1975
f 1938 1976 1975
f 1938 1939 1976
f 1939 1977 1976
f 1939 1940 1977
f 1940 1978 1977
f 1940 1941 1978
f 1941 1979 1978
f 1941 1942 1979
f 1942 1980 1979
f 1942 1943 1980
f 1943 1981 1980
f 1943 1944 1981
f 1944 1982 1981
f 1944 1945 1982
f 1945 1983 1982
f 1945 1946 1983
f 1946 1984 1983
f 1946 1947 1984
f 1947 1985 1984
f 1947 1948 1985
f 1948 1986 1985
f 1948 1949 1986
f 1949 1987 1986
f 1949 1950 1987
f 1950 1988 1987
f 1950 1951 1988
f 1951 1989 1988
f 1951 1952 1989
f 1952 1990 1989
f 1952 1953 1990
f 1953 1991 1990
f 1953 1954 1991
f 1954 1992 1991
f 1954 1955 1992
f 1955 1993 1992
f 1955 1956 1993
f 1956 1994 1993
f 1956 1957 1994
f 1957 1995 1994
f 1957 1958 1995
f 1958 1996 1995
f 1958 1959 1996
f 1959 1997 1996
f 1959 1960 1997
f 1960 1998 1997
f 1960 1961 1998
f 1962 2000 1999
f 1962 1963 2000
f 1963 2001 2000
f 1963 1964 2001
f 1964 2002 2001
f 1964 1965 2002
f 1965 2003 2002
f 1965 1966 2003
f 1966 2004 2003
f 1966 1967 2004
f 1967 2005 2004
f 1967 1968 2005
f 1968 2006 2005
f 1968 1969 2006
f 1969 2007 2006
f 1969 1970 2007
f 1970 2008 2007
f 1970 1971 2008
f 1971 2009 2008
f 1971 1972 2009
f 1972 2010 2009
f 1972 1973 2010
f 1973 2011 2010
f 1973 1974 2011
f 1974 2012 2011
f 1974 1975 2012
f 1975 2013 2012
f 1975 1976 2013
f 1976 2014 2013
f 1976 1977 2014
f 1977 2015 2014
f 1977 1978 2015
f 1978 2016 2015
f 1978 1979 2016
f 1979 2017 2016
f 1979 1980 2017
f 1980 2018 2017
f 1980 1981 2018
f 1981 2019 2018
f 1981 1982 2019
f 1982 2020 2019
f 1982 1983 2020
f 1983 2021 2020
f 1983 1984 2021
f 1984 2022 2021
f 1984 1985 2022
f 1985 2023 2022
f 1985 1986 2023
f 1986 2024 2023
f 1986 1987 2024
f 1987 2025 2024
f 1987 1988 2025
f 1988 2026 2025
f 1988 1989 2026
f 1989 2027 2026
f 1989 1990 2027
f 1990 2028 2027
f 1990 1991 2028
f 1991 2029 2028
f 1991 1992 2029
f 1992 2030 2029
f 1992 1993 2030
f 1993 2031 2030
f 1993 1994 2031
f 1994 2032 2031
f 1994 1995 2032
f 1995 2033 2032
f 1995 1996 2033
f 1996 2034 2033
f 1996 1997 2034
f 1997 2035 2034
f 1997 1998 2035
f 1999 2037 2036
f 1999 2000 2037
f 2000 2038 2037
f 2000 2001 2038
f 2001 2039 2038
f 2001 2002 2039
f 2002 2040 2039
f 2002 2003 2040
f 2003 2041 2040
f 2003 2004 2041
f 2004 2042 2041
f 2004 2005 2042
f 2005 2043 2042
f 2005 2006 2043
f 2006 2044 2043
f 2006 2007 2044
f 2007 2045 2044
f 2007 2008 2045
f 2008 2046 2045
f 2008 2009 2046
f 2009 2047 2046
f 2009 2010 2047
f 2010 2048 2047
f 2010 2011 2048
f 2011 2049 2048
f 2011 2012 2049
f 2012 2050 2049
f 2012 2013 2050
f 2013 2051 2050
f 2013 2014 2051
f 2014 2052 2051
f 2014 2015 2052
f 2015 2053 2052
f 2015 2016 2053
f 2016 2054 2053
f 2016 2017 2054
f 2017 2055 2054
f 2017 2018 2055
f 2018 2056 2055
f 2018 2019 2056
f 2019 2057 2056
f 2019 2020 2057
f 2020 2058 2057
f 2020 2021 2058
f 2021 2059 2058
f 2021 2022 2059
f 2022 2060 2059
f 2022 2023 2060
f 2023 2061 2060
f 2023 2024 2061
f 2024 2062 2061
f 2024 2025 2062
f 2025 2063 2062
f 2025 2026 2063
f 2026 2064 2063
f 2026 2027 2064
f 2027 2065 2064
f 2027 2028 2065
f 2028 2066 2065
f 2028 2029 2066
f 2029 2067 2066
f 2029 2030 2067
f 2030 2068 2067
f 2030 2031 2068
f 2031 2069 2068
f 2031 2032 2069
f 2032 2070 2069
f 2032 2033 2070
f 2033 2071 2070
f 2033 2034 2071
f 2034 2072 2071
f 2034 2035 2072
f 2036 2074 2073
f 2036 2037 2074
f 2037 2075 2074
f 2037 2038 2075
f 2038 2076 2075
f 2038 2039 2076
f 2039 2077 2076
f 2039 2040 2077
f 2040 2078 2077
f 2040 2041 2078
f 2041 2079 2078
f 2041 2042 2079
f 2042 2080 2079
f 2042 2043 2080
f 2043 2081 2080
f 2043 2044 2081
f 2044 2082 2081
f 2044 2045 2082
f 2045 2083 2082
f 2045 2046 2083
f 2046 2084 2083
f 2046 2047 2084
f 2047 2085 2084
f 2047 2048 2085
f 2048 2086 2085
f 2048 2049 2086
f 2049 2087 2086
f 2049 2050 2087
f 2050 2088 2087
f 2050 2051 2088
f 2051 2089 2088
f 2051 2052 2089
f 2052 2090 2089
f 2052 2053 2090
f 2053 2091 2090
f 2053 2054 2091
f 2054 2092 2091
f 2054 2055 2092
f 2055 2093 2092
f 2055 2056 2093
f 2056 2094 2093
f 2056 2057 2094
f 2057 2095 2094
f 2057 2058 2095
f 2058 2096 2095
f 2058 2059 2096
f 2059 2097 2096
f 2059 2060 2097
f 2060 2098 2097
f 2060 2061 2098
f 2061 2099 2098
f 2061 2062 2099
f 2062 2100 2099
f 2062 2063 2100
f 2063 2101 2100
f 2063 2064 2101
f 2064 2102 2101
f 2064 2065 2102
f 2065 2103 2102
f 2065 2066 2103
f 2066 2104 2103
f 2066 2067 2104
f 2067 2105 2104
f 2067 2068 2105
f 2068 2106 2105
f 2068 2069 2106
f 2069 2107 2106
f 2069 2070 2107
f 2070 2108 2107
f 2070 2071 2108
f 2071 2109 2108
f 2071 2072 2109
f 2073 2111 2110
f 2073 2074 2111
f 2074 2112 2111
f 2074 2075 2112
f 2075 2113 2112
f 2075 2076 2113
f 2076 2114 2113
f 2076 2077 2114
f 2077 2115 2114
f 2077 2078 2115
f 2078 2116 2115
f 2078 2079 2116
f 2079 2117 2116
f 2079 2080 2117
f 2080 2118 2117
f 2080 2081 2118
f 2081 2119 2118
f 2081 2082 2119
f 2082 2120 2119
f 2082 2083 2120
f 2083 2121 2120
f 2083 2084 2121
f 2084 2122 2121
f 2084 2085 2122
f 2085 2123 2122
f 2085 2086 2123
f 2086 2124 2123
f 2086 2087 2124
f 2087 2125 2124
f 2087 2088 2125
f 2088 2126 2125
f 2088 2089 2126
f 2089 2127 2126
f 2089 2090 2127
f 2090 2128 2127
f 2090 2091 2128
f 2091 2129 2128
f 2091 2092 2129
f 2092 2130 2129
f 2092 2093 2130
f 2093 2131 2130
f 2093 2094 2131
f 2094 2132 2131
f 2094 2095 2132
f 2095 2133 2132
f 2095 2096 2133
f 2096 2134 2133
f 2096 2097 2134
f 2097 2135 2134
f 2097 2098 2135
f 2098 2136 2135
f 2098 2099 2136
f 2099 2137 2136
f 2099 2100 2137
f 2100 2138 2137
f 2100 2101 2138
f 2101 2139 2138
f 2101 2102 2139
f 2102 2140 2139
f 2102 2103 2140
f 2103 2141 2140
f 2103 2104 2141
f 2104 2142 2141
f 2104 2105 2142
f 2105 2143 2142
f 2105 2106 2143
f 2106 2144 2143
f 2106 2107 2144
f 2107 2145 2144
f 2107 2108 2145
f 2108 2146 2145
f 2108 2109 2146
f 2110 2148 2147
f 2110 2111 2148
f 2111 2149 2148
f 2111 2112 2149
f 2112 2150 2149
f 2112 2113 2150
f 2113 2151 2150
f 2113 2114 2151
f 2114 2152 2151
f 2114 2115 2152
f 2115 2153 2152
f 2115 2116 2153
f 2116 2154 2153
f 2116 2117 2154
f 2117 2155 2154
f 2117 2118 2155
f 2118 2156 2155
f 2118 2119 2156
f 2119 2157 2156
f 2119 2120 2157
f 2120 2158 2157
f 2120 2121 2158
f 2121 2159 2158
f 2121 2122 2159
f 2122 2160 2159
f 2122 2123 2160
f 2123 2161 2160
f 2123 2124 2161
f 2124 2162 2161
f 2124 2125 2162
f 2125 2163 2162
f 2125 2126 2163
f 2126 2164 2163
f 2126 2127 2164
f 2127 2165 2164
f 2127 2128 2165
f 2128 2166 2165
f 2128 2129 2166
f 2129 2167 2166
f 2129 2130 2167
f 2130 2168 2167
f 2130 2131 2168
f 2131 2169 2168
f 2131 2132 2169
f 2132 2170 2169
f 2132 2133 2170
f 2133 2171 2170
f 2133 2134 2171
f 2134 2172 2171
f 2134 2135 2172
f 2135 2173 2172
f 2135 2136 2173
f 2136 2174 2173
f 2136 2137 2174
f 2137 2175 2174
f 2137 2138 2175
f 2138 2176 2175
f 2138 2139 2176
f 2139 2177 2176
f 2139 2140 2177
f 2140 2178 2177
f 2140 2141 2178
f 2141 2179 2178
f 2141 2142 2179
f 2142 2180 2179
f 2142 2143 2180
f 2143 2181 2180
f 2143 2144 2181
f 2144 2182 2181
f 2144 2145 2182
f 2145 2183 2182
f 2145 2146 2183
f 2147 2185 2184
f 2147 2148 2185
f 2148 2186 2185
f 2148 2149 2186
f 2149 2187 2186
f 2149 2150 2187
f 2150 2188 2187
f 2150 2151 2188
f 2151 2189 2188
f 2151 2152 2189
f 2152 2190 2189
f 2152 2153 2190
f 2153 2191 2190
f 2153 2154 2191
f 2154 2192 2191
f 2154 2155 2192
f 2155 2193 2192
f 2155 2156 2193
f 2156 2194 2193
f 2156 2157 2194
f 2157 2195 2194
f 2157 2158 2195
f 2158 2196 2195
f 2158 2159 2196
f 2159 2197 2196
f 2159 2160 2197
f 2160 2198 2197
f 2160 2161 2198
f 2161 2199 2198
f 2161 2162 2199
f 2162 2200 2199
f 2162 2163 2200
f 2163 2201 2200
f 2163 2164 2201
f 2164 2202 2201
f 2164 2165 2202
f 2165 2203 2202
f 2165 2166 2203
f 2166 2204 2203
f 2166 2167 2204
f 2167 2205 2204
f 2167 2168 2205
f 2168 2206 2205
f 2168 2169 2206
f 2169 2207 2206
f 2169 2170 2207
f 2170 2208 2207
f 2170 2171 2208
f 2171 2209 2208
f 2171 2172 2209
f 2172 2210 2209
f 2172 2173 2210
f 2173 2211 2210
f 2173 2174 2211
f 2174 2212 2211
f 2174 2175 2212
f 2175 2213 2212
f 2175 2176 2213
f 2176 2214 2213
f 2176 2177 2214
f 2177 2215 2214
f 2177 2178 2215
f 2178 2216 2215
f 2178 2179 2216
f 2179 2217 2216
f 2179 2180 2217
f 2180 2218 2217
f 2180 2181 2218
f 2181 2219 2218
f 2181 2182 2219
f 2182 2220 2219
f 2182 2183 2220
f 2184 2222 2221
f 2184 2185 2222
f 2185 2223 2222
f 2185 2186 2223
f 2186 2224 2223
f 2186 2187 2224
f 2187 2225 2224
f 2187 2188 2225
f 2188 2226 2225
f 2188 2189 2226
f 2189 2227 2226
f 2189 2190 2227
f 2190 2228 2227
f 2190 2191 2228
f 2191 2229 2228
f 2191 2192 2229
f 2192 2230 2229
f 2192 2193 2230
f 2193 2231 2230
f 2193 2194 2231
f 2194 2232 2231
f 2194 2195 2232
f 2195 2233 2232
f 2195 2196 2233
f 2196 2234 2233
f 2196 2197 2234
f 2197 2235 2234
f 2197 2198 2235
f 2198 2236 2235
f 2198 2199 2236
f 2199 2237 2236
f 2199 2200 2237
f 2200 2238 2237
f 2200 2201 2238
f 2201 2239 2238
f 2201 2202 2239
f 2202 2240 2239
f 2202 2203 2240
f 2203 2241 2240
f 2203 2204 2241
f 2204 2242 2241
f 2204 2205 2242
f 2205 2243 2242
f 2205 2206 2243
f 2206 2244 2243
f 2206 2207 2244
f 2207 2245 2244
f 2207 2208 2245
f 2208 2246 2245
f 2208 2209 2246
f 2209 2247 2246
f 2209 2210 2247
f 2210 2248 2247
f 2210 2211 2248
f 2211 2249 2248
f 2211 2212 2249
f 2212 2250 2249
f 2212 2213 2250
f 2213 2251 2250
f 2213 2214 2251
f 2214 2252 2251
f 2214 2215 2252
f 2215 2253 2252
f 2215 2216 2253
f 2216 2254 2253
f 2216 2217 2254
f 2217 2255 2254
f 2217 2218 2255
f 2218 2256 2255
f 2218 2219 2256
f 2219 2257 2256
f 2219 2220 2257
f 2221 2259 2258
f 2221 2222 2259
f 2222 2260 2259
f 2222 2223 2260
f 2223 2261 2260
f 2223 2224 2261
f 2224 2262 2261
f 2224 2225 2262
f 2225 2263 2262
f 2225 2226 2263
f 2226 2264 2263
f 2226 2227 2264
f 2227 2265 2264
f 2227 2228 2265
f 2228 2266 2265
f 2228 2229 2266
f 2229 2267 2266
f 2229 2230 2267
f 2230 2268 2267
f 2230 2231 2268
f 2231 2269 2268
f 2231 2232 2269
f 2232 2270 2269
f 2232 2233 2270
f 2233 2271 2270
f 2233 2234 2271
f 2234 2272 2271
f 2234 2235 2272
f 2235 2273 2272
f 2235 2236 2273
f 2236 2274 2273
f 2236 2237 2274
f 2237 2275 2274
f 2237 2238 2275
f 2238 2276 2275
f 2238 2239 2276
f 2239 2277 2276
f 2239 2240 2277
f 2240 2278 2277
f 2240 2241 2278
f 2241 2279 2278
f 2241 2242 2279
f 2242 2280 2279
f 2242 2243 2280
f 2243 2281 2280
f 2243 2244 2281
f 2244 2282 2281
f 2244 2245 2282
f 2245 2283 2282
f 2245 2246 2283
f 2246 2284 2283
f 2246 2247 2284
f 2247 2285 2284
f 2247 2248 2285
f 2248 2286 2285
f 2248 2249 2286
f 2249 2287 2286
f 2249 2250 2287
f 2250 2288 2287
f 2250 2251 2288
f 2251 2289 2288
f 2251 2252 2289
f 2252 2290 2289
f 2252 2253 2290
f 2253 2291 2290
f 2253 2254 2291
f 2254 2292 2291
f 2254 2255 2292
f 2255 2293 2292
f 2255 2256 2293
f 2256 2294 2293
f 2256 2257 2294
f 2258 2296 2295
f 2258 2259 2296
f 2259 2297 2296
f 2259 2260 2297
f 2260 2298 2297
f 2260 2261 2298
f 2261 2299 2298
f 2261 2262 2299
f 2262 2300 2299
f 2262 2263 2300
f 2263 2301 2300
f 2263 2264 2301
f 2264 2302 2301
f 2264 2265 2302
f 2265 2303 2302
f 2265 2266 2303
f 2266 2304 2303
f 2266 2267 2304
f 2267 2305 2304
f 2267 2268 2305
f 2268 2306 2305
f 2268 2269 2306
f 2269 2307 2306
f 2269 2270 2307
f 2270 2308 2307
f 2270 2271 2308
f 2271 2309 2308
f 2271 2272 2309
f 2272 2310 2309
f 2272 2273 2310
f 2273 2311 2310
f 2273 2274 2311
f 2274 2312 2311
f 2274 2275 2312
f 2275 2313 2312
f 2275 2276 2313
f 2276 2314 2313
f 2276 2277 2314
f 2277 2315 2314
f 2277 2278 2315
f 2278 2316 2315
f 2278 2279 2316
f 2279 2317 2316
f 2279 2280 2317
f 2280 2318 2317
f 2280 2281 2318
f 2281 2319 2318
f 2281 2282 2319
f 2282 2320 2319
f 2282 2283 2320
f 2283 2321 2320
f 2283 2284 2321
f 2284 2322 2321
f 2284 2285 2322
f 2285 2323 2322
f 2285 2286 2323
f 2286 2324 2323
f 2286 2287 2324
f 2287 2325 2324
f 2287 2288 2325
f 2288 2326 2325
f 2288 2289 2326
f 2289 2327 2326
f 2289 2290 2327
f 2290 2328 2327
f 2290 2291 2328
f 2291 2329 2328
f 2291 2292 2329
f 2292 2330 2329
f 2292 2293 2330
f 2293 2331 2330
f 2293 2294 2331
f 2295 2333 2332
f 2295 2296 2333
f 2296 2334 2333
f 2296 2297 2334
f 2297 2335 2334
f 2297 2298 2335
f 2298 2336 2335
f 2298 2299 2336
f 2299 2337 2336
f 2299 2300 2337
f 2300 2338 2337
f 2300 2301 2338
f 2301 2339 2338
f 2301 2302 2339
f 2302 2340 2339
f 2302 2303 2340
f 2303 2341 2340
f 2303 2304 2341
f 2304 2342 2341
f 2304 2305 2342
f 2305 2343 2342
f 2305 2306 2343
f 2306 2344 2343
f 2306 2307 2344
f 2307 2345 2344
f 2307 2308 2345
f 2308 2346 2345
f 2308 2309 2346
f 2309 2347 2346
f 2309 2310 2347
f 2310 2348 2347
f 2310 2311 2348
f 2311 2349 2348
f 2311 2312 2349
f 2312 2350 2349
f 2312 2313 2350
f 2313 2351 2350
f 2313 2314 2351
f 2314 2352 2351
f 2314 2315 2352
f 2315 2353 2352
f 2315 2316 2353
f 2316 2354 2353
f 2316 2317 2354
f 2317 2355 2354
f 2317 2318 2355
f 2318 2356 2355
f 2318 2319 2356
f 2319 2357 2356
f 2319 2320 2357
f 2320 2358 2357
f 2320 2321 2358
f 2321 2359 2358
f 2321 2322 2359
f 2322 2360 2359
f 2322 2323 2360
f 2323 2361 2360
f 2323 2324 2361
f 2324 2362 2361
f 2324 2325 2362
f 2325 2363 2362
f 2325 2326 2363
f 2326 2364 2363
f 2326 2327 2364
f 2327 2365 2364
f 2327 2328 2365
f 2328 2366 2365
f 2328 2329 2366
f 2329 2367 2366
f 2329 2330 2367
f 2330 2368 2367
f 2330 2331 2368
f 2332 2370 2369
f 2332 2333 2370
f 2333 2371 2370
f 2333 2334 2371
f 2334 2372 2371
f 2334 2335 2372
f 2335 2373 2372
f 2335 2336 2373
f 2336 2374 2373
f 2336 2337 2374
f 2337 2375 2374
f 2337 2338 2375
f 2338 2376 2375
f 2338 2339 2376
f 2339 2377 2376
f 2339 2340 2377
f 2340 2378 2377
f 2340 2341 2378
f 2341 2379 2378
f 2341 2342 2379
f 2342 2380 2379
f 2342 2343 2380
f 2343 2381 2380
f 2343 2344 2381
f 2344 2382 2381
f 2344 2345 2382
f 2345 2383 2382
f 2345 2346 2383
f 2346 2384 2383
f 2346 2347 2384
f 2347 2385 2384
f 2347 2348 2385
f 2348 2386 2385
f 2348 2349 2386
f 2349 2387 2386
f 2349 2350 2387
f 2350 2388 2387
f 2350 2351 2388
f 2351 2389 2388
f 2351 2352 2389
f 2352 2390 2389
f 2352 2353 2390
f 2353 2391 2390
f 2353 2354 2391
f 2354 2392 2391
f 2354 2355 2392
f 2355 2393 2392
f 2355 2356 2393
f 2356 2394 2393
f 2356 2357 2394
f 2357 2395 2394
f 2357 2358 2395
f 2358 2396 2395
f 2358 2359 2396
f 2359 2397 2396
f 2359 2360 2397
f 2360 2398 2397
f 2360 2361 2398
f 2361 2399 2398
f 2361 2362 2399
f 2362 2400 2399
f 2362 2363 2400
f 2363 2401 2400
f 2363 2364 2401
f 2364 2402 2401
f 2364 2365 2402
f 2365 2403 2402
f 2365 2366 2403
f 2366 2404 2403
f 2366 2367 2404
f 2367 2405 2404
f 2367 2368 2405
f 2369 2407 2406
f 2369 2370 2407
f 2370 2408 2407
f 2370 2371 2408
f 2371 2409 2408
f 2371 2372 2409
f 2372 2410 2409
f 2372 2373 2410
f 2373 2411 2410
f 2373 2374 2411
f 2374 2412 2411
f 2374 2375 2412
f 2375 2413 2412
f 2375 2376 2413
f 2376 2414 2413
f 2376 2377 2414
f 2377 2415 2414
f 2377 2378 2415
f 2378 2416 2415
f 2378 2379 2416
f 2379 2417 2416
f 2379 2380 2417
f 2380 2418 2417
f 2380 2381 2418
f 2381 2419 2418
f 2381 2382 2419
f 2382 2420 2419
f 2382 2383 2420
f 2383 2421 2420
f 2383 2384 2421
f 2384 2422 2421
f 2384 2385 2422
f 2385 2423 2422
f 2385 2386 2423
f 2386 2424 2423
f 2386 2387 2424
f 2387 2425 2424
f 2387 2388 2425
f 2388 2426 2425
f 2388 2389 2426
f 2389 2427 2426
f 2389 2390 2427
f 2390 2428 2427
f 2390 2391 2428
f 2391 2429 2428
f 2391 2392 2429
f 2392 2430 2429
f 2392 2393 2430
f 2393 2431 2430
f 2393 2394 2431
f 2394 2432 2431
f 2394 2395 2432
f 2395 2433 2432
f 2395 2396 2433
f 2396 2434 2433
f 2396 2397 2434
f 2397 2435 2434
f 2397 2398 2435
f 2398 2436 2435
f 2398 2399 2436
f 2399 2437 2436
f 2399 2400 2437
f 2400 2438 2437
f 2400 2401 2438
f 2401 2439 2438
f 2401 2402 2439
f 2402 2440 2439
f 2402 2403 2440
f 2403 2441 2440
f 2403 2404 2441
f 2404 2442 2441
f 2404 2405 2442
f 2406 2444 2443
f 2406 2407 2444
f 2407 2445 2444
f 2407 2408 2445
f 2408 2446 2445
f 2408 2409 2446
f 2409 2447 2446
f 2409 2410 2447
f 2410 2448 2447
f 2410 2411 2448
f 2411 2449 2448
f 2411 2412 2449
f 2412 2450 2449
f 2412 2413 2450
f 2413 2451 2450
f 2413 2414 2451
f 2414 2452 2451
f 2414 2415 2452
f 2415 2453 2452
f 2415 2416 2453
f 2416 2454 2453
f 2416 2417 2454
f 2417 2455 2454
f 2417 2418 2455
f 2418 2456 2455
f 2418 2419 2456
f 2419 2457 2456
f 2419 2420 2457
f 2420 2458 2457
f 2420 2421 2458
f 2421 2459 2458
f 2421 2422 2459
f 2422 2460 2459
f 2422 2423 2460
f 2423 2461 2460
f 2423 2424 2461
f 2424 2462 2461
f 2424 2425 2462
f 2425 2463 2462
f 2425 2426 2463
f 2426 2464 2463
f 2426 2427 2464
f 2427 2465 2464
f 2427 2428 2465
f 2428 2466 2465
f 2428 2429 2466
f 2429 2467 2466
f 2429 2430 2467
f 2430 2468 2467
f 2430 2431 2468
f 2431 2469 2468
f 2431 2432 2469
f 2432 2470 2469
f 2432 2433 2470
f 2433 2471 2470
f 2433 2434 2471
f 2434 2472 2471
f 2434 2435 2472
f 2435 2473 2472
f 2435 2436 2473
f 2436 2474 2473
f 2436 2437 2474
f 2437 2475 2474
f 2437 2438 2475
f 2438 2476 2475
f 2438 2439 2476
f 2439 2477 2476
f 2439 2440 2477
f 2440 2478 2477
f 2440 2441 2478
f 2441 2479 2478
f 2441 2442 2479
f 2443 2481 2480
f 2443 2444 2481
f 2444 2482 2481
f 2444 2445 2482
f 2445 2483 2482
f 2445 2446 2483
f 2446 2484 2483
f 2446 2447 2484
f 2447 2485 2484
f 2447 2448 2485
f 2448 2486 2485
f 2448 2449 2486
f 2449 2487 2486
f 2449 2450 2487
f 2450 2488 2487
f 2450 2451 2488
f 2451 2489 2488
f 2451 2452 2489
f 2452 2490 2489
f 2452 2453 2490
f 2453 2491 2490
f 2453 2454 2491
f 2454 2492 2491
f 2454 2455 2492
f 2455 2493 2492
f 2455 2456 2493
f 2456 2494 2493
f 2456 2457 2494
f 2457 2495 2494
f 2457 2458 2495
f 2458 2496 2495
f 2458 2459 2496
f 2459 2497 2496
f 2459 2460 2497
f 2460 2498 2497
f 2460 2461 2498
f 2461 2499 2498
f 2461 2462 2499
f 2462 2500 2499
f 2462 2463 2500
f 2463 2501 2500
f 2463 2464 2501
f 2464 2502 2501
f 2464 2465 2502
f 2465 2503 2502
f 2465 2466 2503
f 2466 2504 2503
f 2466 2467 2504
f 2467 2505 2504
f 2467 2468 2505
f 2468 2506 2505
f 2468 2469 2506
f 2469 2507 2506
f 2469 2470 2507
f 2470 2508 2507
f 2470 2471 2508
f 2471 2509 2508
f 2471 2472 2509
f 2472 2510 2509
f 2472 2473 2510
f 2473 2511 2510
f 2473 2474 2511
f 2474 2512 2511
f 2474 2475 2512
f 2475 2513 2512
f 2475 2476 2513
f 2476 2514 2513
f 2476 2477 2514
f 2477 2515 2514
f 2477 2478 2515
f 2478 2516 2515
f 2478 2479 2516
f 2480 2518 2517
f 2480 2481 2518
f 2481 2519 2518
f 2481 2482 2519
f 2482 2520 2519
f 2482 2483 2520
f 2483 2521 2520
f 2483 2484 2521
f 2484 2522 2521
f 2484 2485 2522
f 2485 2523 2522
f 2485 2486 2523
f 2486 2524 2523
f 2486 2487 2524
f 2487 2525 2524
f 2487 2488 2525
f 2488 2526 2525
f 2488 2489 2526
f 2489 2527 2526
f 2489 2490 2527
f 2490 2528 2527
f 2490 2491 2528
f 2491 2529 2528
f 2491 2492 2529
f 2492 2530 2529
f 2492 2493 2530
f 2493 2531 2530
f 2493 2494 2531
f 2494 2532 2531
f 2494 2495 2532
f 2495 2533 2532
f 2495 2496 2533
f 2496 2534 2533
f 2496 2497 2534
f 2497 2535 2534
f 2497 2498 2535
f 2498 2536 2535
f 2498 2499 2536
f 2499 2537 2536
f 2499 2500 2537
f 2500 2538 2537
f 2500 2501 2538
f 2501 2539 2538
f 2501 2502 2539
f 2502 2540 2539
f 2502 2503 2540
f 2503 2541 2540
f 2503 2504 2541
f 2504 2542 2541
f 2504 2505 2542
f 2505 2543 2542
f 2505 2506 2543
f 2506 2544 2543
f 2506 2507 2544
f 2507 2545 2544
f 2507 2508 2545
f 2508 2546 2545
f 2508 2509 2546
f 2509 2547 2546
f 2509 2510 2547
f 2510 2548 2547
f 2510 2511 2548
f 2511 2549 2548
f 2511 2512 2549
f 2512 2550 2549
f 2512 2513 2550
f 2513 2551 2550
f 2513 2514 2551
f 2514 2552 2551
f 2514 2515 2552
f 2515 2553 2552
f 2515 2516 2553
f 2517 2555 2554
f 2517 2518 2555
f 2518 2556 2555
f 2518 2519 2556
f 2519 2557 2556
f 2519 2520 2557
f 2520 2558 2557
f 2520 2521 2558
f 2521 2559 2558
f 2521 2522 2559
f 2522 2560 2559
f 2522 2523 2560
f 2523 2561 2560
f 2523 2524 2561
f 2524 2562 2561
f 2524 2525 2562
f 2525 2563 2562
f 2525 2526 2563
f 2526 2564 2563
f 2526 2527 2564
f 2527 2565 2564
f 2527 2528 2565
f 2528 2566 2565
f 2528 2529 2566
f 2529 2567 2566
f 2529 2530 2567
f 2530 2568 2567
f 2530 2531 2568
f 2531 2569 2568
f 2531 2532 2569
f 2532 2570 2569
f 2532 2533 2570
f 2533 2571 2570
f 2533 2534 2571
f 2534 2572 2571
f 2534 2535 2572
f 2535 2573 2572
f 2535 2536 2573
f 2536 2574 2573
f 2536 2537 2574
f 2537 2575 2574
f 2537 2538 2575
f 2538 2576 2575
f 2538 2539 2576
f 2539 2577 2576
f 2539 2540 2577
f 2540 2578 2577
f 2540 2541 2578
f 2541 2579 2578
f 2541 2542 2579
f 2542 2580 2579
f 2542 2543 2580
f 2543 2581 2580
f 2543 2544 2581
f 2544 2582 2581
f 2544 2545 2582
f 2545 2583 2582
f 2545 2546 2583
f 2546 2584 2583
f 2546 2547 2584
f 2547 2585 2584
f 2547 2548 2585
f 2548 2586 2585
f 2548 2549 2586
f 2549 2587 2586
f 2549 2550 2587
f 2550 2588 2587
f 2550 2551 2588
f 2551 2589 2588
f 2551 2552 2589
f 2552 2590 2589
f 2552 2553 2590
f 2554 2592 2591
f 2554 2555 2592
f 2555 2593 2592
f 2555 2556 2593
f 2556 2594 2593
f 2556 2557 2594
f 2557 2595 2594
f 2557 2558 2595
f 2558 2596 2595
f 2558 2559 2596
f 2559 2597 2596
f 2559 2560 2597
f 2560 2598 2597
f 2560 2561 2598
f 2561 2599 2598
f 2561 2562 2599
f 2562 2600 2599
f 2562 2563 2600
f 2563 2601 2600
f 2563 2564 2601
f 2564 2602 2601
f 2564 2565 2602
f 2565 2603 2602
f 2565 2566 2603
f 2566 2604 2603
f 2566 2567 2604
f 2567 2605 2604
f 2567 2568 2605
f 2568 2606 2605
f 2568 2569 2606
f 2569 2607 2606
f 2569 2570 2607
f 2570 2608 2607
f 2570 2571 2608
f 2571 2609 2608
f 2571 2572 2609
f 2572 2610 2609
f 2572 2573 2610
f 2573 2611 2610
f 2573 2574 2611
f 2574 2612 2611
f 2574 2575 2612
f 2575 2613 2612
f 2575 2576 2613
f 2576 2614 2613
f 2576 2577 2614
f 2577 2615 2614
f 2577 2578 2615
f 2578 2616 2615
f 2578 2579 2616
f 2579 2617 2616
f 2579 2580 2617
f 2580 2618 2617
f 2580 2581 2618
f 2581 2619 2618
f 2581 2582 2619
f 2582 2620 2619
f 2582 2583 2620
f 2583 2621 2620
f 2583 2584 2621
f 2584 2622 2621
f 2584 2585 2622
f 2585 2623 2622
f 2585 2586 2623
f 2586 2624 2623
f 2586 2587 2624
f 2587 2625 2624
f 2587 2588 2625
f 2588 2626 2625
f 2588 2589 2626
f 2589 2627 2626
f 2589 2590 2627
f 2591 2629 2628
f 2591 2592 2629
f 2592 2630 2629
f 2592 2593 2630
f 2593 2631 2630
f 2593 2594 2631
f 2594 2632 2631
f 2594 2595 2632
f 2595 2633 2632
f 2595 2596 2633
f 2596 2634 2633
f 2596 2597 2634
f 2597 2635 2634
f 2597 2598 2635
f 2598 2636 2635
f 2598 2599 2636
f 2599 2637 2636
f 2599 2600 2637
f 2600 2638 2637
f 2600 2601 2638
f 2601 2639 2638
f 2601 2602 2639
f 2602 2640 2639
f 2602 2603 2640
f 2603 2641 2640
f 2603 2604 2641
f 2604 2642 2641
f 2604 2605 2642
f 2605 2643 2642
f 2605 2606 2643
f 2606 2644 2643
f 2606 2607 2644
f 2607 2645 2644
f 2607 2608 2645
f 2608 2646 2645
f 2608 2609 2646
f 2609 2647 2646
f 2609 2610 2647
f 2610 2648 2647
f 2610 2611 2648
f 2611 2649 2648
f 2611 2612 2649
f 2612 2650 2649
f 2612 2613 2650
f 2613 2651 2650
f 2613 2614 2651
f 2614 2652 2651
f 2614 2615 2652
f 2615 2653 2652
f 2615 2616 2653
f 2616 2654 2653
f 2616 2617 2654
f 2617 2655 2654
f 2617 2618 2655
f 2618 2656 2655
f 2618 2619 2656
f 2619 2657 2656
f 2619 2620 2657
f 2620 2658 2657
f 2620 2621 2658
f 2621 2659 2658
f 2621 2622 2659
f 2622 2660 2659
f 2622 2623 2660
f 2623 2661 2660
f 2623 2624 2661
f 2624 2662 2661
f 2624 2625 2662
f 2625 2663 2662
f 2625 2626 2663
f 2626 2664 2663
f 2626 2627 2664
f 2628 2 1
f 2628 2629 2
f 2629 3 2
f 2629 2630 3
f 2630 4 3
f 2630 2631 4
f 2631 5 4
f 2631 2632 5
f 2632 6 5
f 2632 2633 6
f 2633 7 6
f 2633 2634 7
f 2634 8 7
f 2634 2635 8
f 2635 9 8
f 2635 2636 9
f 2636 10 9
f 2636 2637 10
f 2637 11 10
f 2637 2638 11
f 2638 12 11
f 2638 2639 12
f 2639 13 12
f 2639 2640 13
f 2640 14 13
f 2640 2641 14
f 2641 15 14
f 2641 2642 15
f 2642 16 15
f 2642 2643 16
f 2643 17 16
f 2643 2644 17
f 2644 18 17
f 2644 2645 18
f 2645 19 18
f 2645 2646 19
f 2646 20 19
f 2646 2647 20
f 2647 21 20
f 2647 2648 21
f 2648 22 21
f 2648 2649 22
f 2649 23 22
f 2649 2650 23
f 2650 24 23
f 2650 2651 24
f 2651 25 24
f 2651 2652 25
f 2652 26 25
f 2652 2653 26
f 2653 27 26
f 2653 2654 27
f 2654 28 27
f 2654 2655 28
f 2655 29 28
f 2655 2656 29
f 2656 30 29
f 2656 2657 30
f 2657 31 30
f 2657 2658 31
f 2658 32 31
f 2658 2659 32
f 2659 33 32
f 2659 2660 33
f 2660 34 33
f 2660 2661 34
f 2661 35 34
f 2661 2662 35
f 2662 36 35
f 2662 2663 36
f 2663 37 36
f 2663 2664 37
