# Generated from ida.tab
# Longitude/latitude radius grid archived by the NASA Planetary Data System.
v 0.000000 -6.290000 0.000000
v 0.645236 -7.375078 0.000000
v 1.502335 -8.520163 0.000000
v 2.572416 -9.600386 0.000000
v 3.765300 -10.345076 0.000000
v 5.134833 -11.011685 0.000000
v 6.709250 -11.620762 0.000000
v 8.210575 -11.725916 0.000000
v 9.465305 -11.280311 0.000000
v 10.571063 -10.571063 0.000000
v 12.080728 -10.136934 0.000000
v 14.466717 -10.129704 0.000000
v 16.624483 -9.598150 0.000000
v 18.690740 -8.715635 0.000000
v 20.642792 -7.513362 0.000000
v 22.534808 -6.038184 0.000000
v 24.388370 -4.300328 0.000000
v 25.845624 -2.261199 0.000000
v 25.631600 0.000000 0.000000
v 24.245088 2.121170 0.000000
v 23.060948 4.066267 0.000000
v 21.715993 5.818783 0.000000
v 20.229985 7.363112 0.000000
v 17.952643 8.371455 0.000000
v 14.722432 8.500000 0.000000
v 10.648977 7.456494 0.000000
v 9.153266 7.680502 0.000000
v 7.873684 7.873684 0.000000
v 6.755171 8.050499 0.000000
v 5.755146 8.219200 0.000000
v 4.840600 8.384165 0.000000
v 3.914692 8.395084 0.000000
v 3.047605 8.373225 0.000000
v 2.251894 8.404183 0.000000
v 1.478857 8.387017 0.000000
v 0.734013 8.389802 0.000000
v 0.000000 8.452900 0.000000
v 0.000000 -6.290000 0.000000
v 0.647927 -7.434128 0.056686
v 1.516105 -8.631101 0.132642
v 2.600497 -9.742260 0.227514
v 3.796509 -10.470666 0.332151
v 5.147122 -11.080202 0.450315
v 6.674355 -11.604481 0.583930
v 8.137551 -11.666019 0.711943
v 9.366661 -11.205392 0.819477
v 10.601581 -10.642077 0.927518
v 12.058093 -10.156591 1.054946
v 13.979723 -9.826099 1.223067
v 16.217036 -9.398675 1.418807
v 18.078145 -8.462178 1.581633
v 19.926276 -7.280275 1.743323
v 21.811354 -5.866659 1.908246
v 23.689907 -4.193126 2.072598
v 25.169218 -2.210433 2.202021
v 25.274456 0.000000 2.211228
v 24.102314 2.116734 2.108679
v 22.963138 4.064487 2.009014
v 21.597080 5.809025 1.889500
v 20.362038 7.439485 1.781448
v 18.886501 8.840561 1.652355
v 16.036553 9.294075 1.403017
v 11.179678 7.857997 0.978095
v 9.386492 7.906288 0.821212
v 8.013592 8.044202 0.701098
v 6.876865 8.226835 0.601648
v 5.878277 8.427117 0.514283
v 4.872063 8.470895 0.426250
v 3.933329 8.467271 0.344122
v 3.054219 8.423452 0.267210
v 2.251466 8.434682 0.196978
v 1.476257 8.404250 0.129156
v 0.732361 8.402902 0.064073
v 0.000000 8.452900 0.000000
v 0.000000 -6.290000 0.000000
v 0.643913 -7.473502 0.113539
v 1.513388 -8.715253 0.266851
v 2.599682 -9.851816 0.458394
v 3.788968 -10.570696 0.668097
v 5.108099 -11.123342 0.900696
v 6.546706 -11.514154 1.154361
v 7.893841 -11.447486 1.391897
v 9.082160 -10.990669 1.601430
v 10.401314 -10.561771 1.834032
v 11.783377 -10.039957 2.077727
v 13.483185 -9.586671 2.377449
v 15.478711 -9.074500 2.729314
v 17.078063 -8.086483 3.011323
v 18.877388 -6.976800 3.328593
v 20.731665 -5.640728 3.655552
v 22.508775 -4.030131 3.968904
v 24.099255 -2.140937 4.249349
v 24.753340 0.000000 4.364682
v 24.071442 2.138466 4.244445
v 22.844439 4.090231 4.028091
v 21.592880 5.875050 3.807407
v 20.694906 7.648528 3.649070
v 19.595157 9.278330 3.455155
v 16.882959 9.897750 2.976921
v 11.455243 8.144785 2.019868
v 9.430081 8.034845 1.662778
v 8.060263 8.184605 1.421242
v 6.876349 8.321334 1.212486
v 5.936298 8.608698 1.046730
v 4.855250 8.539270 0.856112
v 3.916421 8.528356 0.690571
v 3.039467 8.479692 0.535940
v 2.234645 8.468465 0.394028
v 1.462854 8.424242 0.257941
v 0.725209 8.417048 0.127874
v 0.000000 8.452900 0.000000
v 0.000000 -6.290000 0.000000
v 0.634108 -7.503563 0.169909
v 1.494024 -8.771928 0.400323
v 2.568625 -9.924405 0.688261
v 3.740273 -10.638824 1.002203
v 5.023366 -11.152661 1.346007
v 6.404088 -11.483497 1.715970
v 7.606847 -11.246933 2.038248
v 8.737934 -10.780812 2.341322
v 10.048059 -10.402517 2.692369
v 11.395811 -9.899540 3.053498
v 12.862914 -9.324431 3.446607
v 14.388541 -8.600275 3.855398
v 15.797878 -7.626540 4.233029
v 17.466676 -6.581613 4.680182
v 19.297390 -5.353123 5.170720
v 21.025364 -3.838120 5.633729
v 22.465828 -2.034841 6.019701
v 23.530533 0.000000 6.304987
v 23.599811 2.137551 6.323550
v 22.684869 4.141058 6.078392
v 21.788412 6.044136 5.838187
v 21.169802 7.976987 5.672431
v 20.048308 9.678465 5.371928
v 17.378668 10.387525 4.656600
v 11.552106 8.374216 3.095377
v 9.619247 8.356239 2.577470
v 8.059550 8.343860 2.159550
v 6.949797 8.574619 1.862193
v 5.960052 8.812102 1.596991
v 4.795398 8.598873 1.284923
v 3.858669 8.566852 1.033927
v 2.998287 8.528321 0.803389
v 2.200969 8.503890 0.589748
v 1.438715 8.447189 0.385502
v 0.712569 8.432016 0.190932
v 0.000000 8.452900 0.000000
v 0.000000 -6.290000 0.000000
v 0.618641 -7.524906 0.225167
v 1.459021 -8.805560 0.531040
v 2.508520 -9.962752 0.913027
v 3.650616 -10.673687 1.328715
v 4.897999 -11.177902 1.782726
v 6.226591 -11.476915 2.266294
v 7.365157 -11.193590 2.680698
v 8.387702 -10.637600 3.052874
v 9.533018 -10.144826 3.469735
v 10.749321 -9.598619 3.912433
v 11.958007 -8.910453 4.352359
v 13.101654 -8.049700 4.768612
v 14.404480 -7.147996 5.242802
v 15.978464 -6.188923 5.815685
v 17.607230 -5.020624 6.408507
v 19.153902 -3.594101 6.971450
v 20.409687 -1.900213 7.428518
v 21.308940 0.000000 7.755820
v 21.693337 2.019725 7.895729
v 21.539904 4.041818 7.839884
v 21.176292 6.038326 7.707540
v 20.668283 8.005426 7.522640
v 19.961842 9.905749 7.265516
v 17.728501 10.892450 6.452647
v 11.546267 8.603647 4.202497
v 9.501971 8.484796 3.458435
v 7.973556 8.485281 2.902137
v 6.825457 8.656302 2.484263
v 5.835823 8.869303 2.124066
v 4.689442 8.643626 1.706817
v 3.764546 8.591209 1.370183
v 2.930533 8.568305 1.066627
v 2.149919 8.538543 0.782506
v 1.403900 8.472892 0.510978
v 0.694480 8.447382 0.252770
v 0.000000 8.452900 0.000000
v 0.000000 -6.290000 0.000000
v 0.597612 -7.536885 0.278671
v 1.409027 -8.817082 0.657040
v 2.420513 -9.967340 1.128704
v 3.518796 -10.667250 1.640841
v 4.719600 -11.167525 2.200786
v 6.002205 -11.470853 2.798874
v 7.112131 -11.207204 3.316441
v 8.044036 -10.577542 3.750995
v 9.042067 -9.976817 4.216385
v 10.072256 -9.325338 4.696770
v 11.126986 -8.596637 5.188599
v 12.134527 -7.730125 5.658423
v 13.222452 -6.803131 6.165731
v 14.540318 -5.839344 6.780262
v 15.856374 -4.687925 7.393949
v 17.027144 -3.312721 7.939888
v 18.094604 -1.746727 8.437652
v 18.908571 0.000000 8.817212
v 19.324912 1.865493 9.011354
v 19.451681 3.784428 9.070468
v 19.370089 5.726752 9.032421
v 18.915291 7.596319 8.820345
v 18.304202 9.417761 8.535390
v 16.406816 10.451725 7.650624
v 11.358779 8.775719 5.296686
v 9.372673 8.677633 4.370549
v 7.882533 8.697413 3.675686
v 6.670351 8.771209 3.110436
v 5.656703 8.913759 2.637764
v 4.523942 8.645736 2.109549
v 3.635053 8.601269 1.695053
v 2.836152 8.597812 1.322519
v 2.080897 8.568849 0.970338
v 1.358556 8.501255 0.633505
v 0.671041 8.462948 0.312912
v 0.000000 8.452900 0.000000
v 0.000000 -6.290000 0.000000
v 0.571331 -7.540596 0.329858
v 1.345483 -8.811075 0.776815
v 2.307684 -9.944738 1.332342
v 3.346713 -10.617493 1.932226
v 4.471033 -11.071456 2.581352
v 5.689051 -11.378102 3.284575
v 6.800879 -11.215215 3.926489
v 7.704374 -10.602132 4.448122
v 8.604353 -9.935451 4.967726
v 9.477996 -9.183314 5.472124
v 10.398125 -8.407197 6.003361
v 11.279175 -7.519450 6.512035
v 12.154581 -6.544582 7.017451
v 13.209645 -5.551705 7.626592
v 14.189659 -4.390296 8.192403
v 14.965881 -3.047126 8.640556
v 15.791193 -1.595277 9.117049
v 16.503240 0.000000 9.528150
v 17.008893 1.718293 9.820089
v 17.243381 3.510836 9.955471
v 17.286149 5.348353 9.980163
v 17.090077 7.182560 9.866960
v 16.502455 8.885676 9.527697
v 14.996250 9.997500 8.658089
v 11.066741 8.947792 6.389386
v 9.155112 8.870469 5.285707
v 7.654655 8.838835 4.419417
v 6.401710 8.809511 3.696029
v 5.425329 8.946820 3.132315
v 4.319388 8.638777 2.493800
v 3.464776 8.579699 2.000390
v 2.713145 8.607490 1.566435
v 1.994040 8.593118 1.151259
v 1.302729 8.531094 0.752131
v 0.642384 8.478364 0.370880
v 0.000000 8.452900 0.000000
v 0.000000 -6.290000 0.000000
v 0.540071 -7.535889 0.378162
v 1.269487 -8.789114 0.888905
v 2.172802 -9.899272 1.521413
v 3.140512 -10.533437 2.199010
v 4.177725 -10.937114 2.925274
v 5.323014 -11.255213 3.727214
v 6.392391 -11.144793 4.476000
v 7.255337 -10.555518 5.080242
v 8.111277 -9.902041 5.679577
v 8.890831 -9.107336 6.225427
v 9.616614 -8.220239 6.733626
v 10.403836 -7.332775 7.284845
v 11.094135 -6.315409 7.768197
v 11.927409 -5.299653 8.351662
v 12.764919 -4.175476 8.938092
v 13.380370 -2.880198 9.369036
v 13.952998 -1.490235 9.769994
v 14.605727 0.000000 10.227040
v 15.108479 1.613645 10.579071
v 15.321549 3.298048 10.728264
v 15.339891 5.017764 10.741107
v 15.280792 6.789647 10.699725
v 14.793496 8.421294 10.358517
v 13.515648 9.526025 9.463758
v 10.669060 9.119865 7.470556
v 8.785096 8.999027 6.151391
v 7.356195 8.980256 5.150863
v 6.107873 8.886116 4.276779
v 5.053258 8.810087 3.538329
v 4.095760 8.660254 2.867882
v 3.257799 8.528787 2.281136
v 2.560848 8.589213 1.793125
v 1.890216 8.611808 1.323543
v 1.236572 8.561229 0.865857
v 0.608709 8.493631 0.426223
v 0.000000 8.452900 0.000000
v 0.000000 -6.290000 0.000000
v 0.504261 -7.524010 0.423125
v 1.182461 -8.754153 0.992203
v 2.019675 -9.839548 1.694709
v 2.911478 -10.442240 2.443020
v 3.861769 -10.810847 3.240409
v 4.930951 -11.149038 4.137560
v 5.934400 -11.063590 4.979553
v 6.748986 -10.499558 5.663072
v 7.548596 -9.853993 6.334024
v 8.297106 -9.088374 6.962098
v 8.881983 -8.118630 7.452869
v 9.522644 -7.177000 7.990447
v 10.063196 -6.125683 8.444024
v 10.721031 -5.093877 8.996013
v 11.507395 -4.025089 9.655851
v 12.087629 -2.782313 10.142725
v 12.552220 -1.433568 10.532563
v 12.985296 0.000000 10.895957
v 13.368387 1.526781 11.217408
v 13.508327 3.109327 11.334833
v 13.428469 4.697048 11.267824
v 13.260073 6.300250 11.126522
v 12.933247 7.872744 10.852283
v 12.061396 9.090400 10.120713
v 10.040110 9.177223 8.424653
v 8.215537 8.999027 6.893654
v 6.933443 9.050967 5.817849
v 5.761125 8.962720 4.834158
v 4.758935 8.872154 3.993221
v 3.830222 8.660254 3.213938
v 3.037969 8.504656 2.549158
v 2.387551 8.563137 2.003393
v 1.770989 8.627988 1.486036
v 1.160260 8.589789 0.973574
v 0.570245 8.508549 0.478492
v 0.000000 8.452900 0.000000
v 0.000000 -6.290000 0.000000
v 0.464281 -7.504883 0.464281
v 1.085579 -8.706785 1.085579
v 1.850445 -9.766495 1.850445
v 2.665758 -10.357856 2.665758
v 3.531960 -10.711697 3.531960
v 4.516998 -11.064341 4.516998
v 5.466465 -11.040654 5.466465
v 6.236166 -10.510398 6.236166
v 6.952560 -9.832405 6.952560
v 7.607531 -9.027598 7.607531
v 8.119647 -8.040423 8.119647
v 8.607813 -7.028250 8.607813
v 9.078916 -5.987170 9.078916
v 9.627006 -4.955325 9.627006
v 10.348223 -3.921329 10.348223
v 10.926059 -2.724566 10.926059
v 11.305328 -1.398782 11.305328
v 11.566959 0.000000 11.566959
v 11.709317 1.448766 11.709317
v 11.685688 2.913990 11.685688
v 11.567947 4.383528 11.567947
v 11.361819 5.848288 11.361819
v 11.082887 7.308705 11.082887
v 10.444196 8.527650 10.444196
v 9.116712 9.027760 9.116712
v 7.583453 8.999027 7.583453
v 6.400000 9.050967 6.400000
v 5.340604 9.001022 5.340604
v 4.434025 8.955429 4.434025
v 3.535534 8.660254 3.535534
v 2.804121 8.504313 2.804121
v 2.203242 8.560740 2.203242
v 1.638087 8.645688 1.638087
v 1.074221 8.615689 1.074221
v 0.527280 8.523242 0.527280
v 0.000000 8.452900 0.000000
v 0.000000 -6.290000 0.000000
v 0.420640 -7.479828 0.501300
v 0.980293 -8.649074 1.168268
v 1.667150 -9.679543 1.986833
v 2.403536 -10.273471 2.864422
v 3.186662 -10.631534 3.797716
v 4.084980 -11.007356 4.868289
v 4.967718 -11.037296 5.920296
v 5.681871 -10.534413 6.771390
v 6.311026 -9.818213 7.521188
v 6.860023 -8.955124 8.175457
v 7.277083 -7.927142 8.672490
v 7.702593 -6.918450 9.179592
v 8.166957 -5.924685 9.733000
v 8.698109 -4.925193 10.366003
v 9.297910 -3.875880 11.080818
v 9.747213 -2.673817 11.616276
v 10.047920 -1.367604 11.974645
v 10.173528 0.000000 12.124339
v 10.141058 1.380281 12.085642
v 10.044733 2.755432 11.970847
v 9.947822 4.146799 11.855353
v 9.787041 5.541787 11.663742
v 9.546030 6.925128 11.376515
v 9.068884 8.145650 10.807876
v 8.098987 8.822466 9.651997
v 6.795173 8.870469 8.098172
v 5.775602 8.985241 6.883094
v 4.854817 9.001022 5.785746
v 4.051042 9.000621 4.827844
v 3.229539 8.702291 3.848814
v 2.565630 8.559609 3.057599
v 2.011352 8.597154 2.397036
v 1.492982 8.668315 1.779267
v 0.979065 8.638241 1.166804
v 0.480128 8.537638 0.572194
v 0.000000 8.452900 0.000000
v 0.000000 -6.290000 0.000000
v 0.373544 -7.443866 0.533476
v 0.867929 -8.581713 1.239531
v 1.474222 -9.592223 2.105408
v 2.125406 -10.180865 3.035394
v 2.815429 -10.526421 4.020849
v 3.607997 -10.895206 5.152753
v 4.413252 -10.988556 6.302777
v 5.064407 -10.522616 7.232722
v 5.597480 -9.758908 7.994029
v 6.035305 -8.829202 8.619309
v 6.380654 -7.789340 9.112518
v 6.816575 -6.861425 9.735079
v 7.302683 -5.936954 10.429312
v 7.832161 -4.969997 11.185485
v 8.349062 -3.900307 11.923696
v 8.728453 -2.683272 12.465523
v 8.951444 -1.365380 12.783987
v 8.975238 0.000000 12.817968
v 8.838422 1.348141 12.622575
v 8.652253 2.659847 12.356698
v 8.512967 3.976876 12.157776
v 8.337972 5.290966 11.907858
v 8.093375 6.579773 11.558538
v 7.671774 7.722250 10.956428
v 6.868965 8.385458 9.809899
v 5.925063 8.667927 8.461867
v 5.029587 8.768817 7.182994
v 4.313648 8.962720 6.160527
v 3.628065 9.033519 5.181413
v 2.924652 8.831684 4.176836
v 2.318022 8.666698 3.310478
v 1.811183 8.675712 2.586637
v 1.337164 8.700432 1.909668
v 0.875593 8.657494 1.250476
v 0.429138 8.551734 0.612873
v 0.000000 8.452900 0.000000
v 0.000000 -6.290000 0.000000
v 0.323415 -7.393309 0.560172
v 0.750021 -8.507163 1.299075
v 1.269831 -9.478147 2.199412
v 1.831176 -10.062229 3.171690
v 2.422448 -10.389912 4.195803
v 3.088525 -10.698964 5.349482
v 3.796330 -10.843443 6.575437
v 4.401424 -10.490825 7.623490
v 4.892154 -9.784307 8.473459
v 5.259738 -8.826888 9.110133
v 5.593314 -7.832961 9.687903
v 6.007878 -6.937300 10.405950
v 6.435624 -6.001961 11.146827
v 6.917406 -5.035460 11.981299
v 7.380663 -3.955286 12.783684
v 7.730544 -2.726207 13.389695
v 7.890086 -1.380586 13.666030
v 7.855600 0.000000 13.606298
v 7.687510 1.345140 13.315158
v 7.434314 2.621740 12.876609
v 7.199480 3.858190 12.469865
v 6.960115 5.066550 12.055273
v 6.691633 6.240719 11.590248
v 6.307609 7.283400 10.925100
v 5.682171 7.957398 9.841809
v 4.980553 8.358360 8.626571
v 4.270571 8.541143 7.396847
v 3.704417 8.829505 6.416239
v 3.149827 8.996837 5.455660
v 2.562500 8.876760 4.438380
v 2.048844 8.787520 3.548702
v 1.598329 8.782743 2.768386
v 1.171525 8.744383 2.029141
v 0.764842 8.675270 1.324745
v 0.374704 8.565779 0.649007
v 0.000000 8.452900 0.000000
v 0.000000 -6.290000 0.000000
v 0.271261 -7.336476 0.581721
v 0.627972 -8.427000 1.346689
v 1.059287 -9.354340 2.271649
v 1.525893 -9.919959 3.272288
v 2.014574 -10.222626 4.320269
v 2.552340 -10.460461 5.473510
v 3.153650 -10.657086 6.763025
v 3.693323 -10.414910 7.920357
v 4.135610 -9.785686 8.868844
v 4.482354 -8.899619 9.612439
v 4.820978 -7.987551 10.338620
v 5.172524 -7.066325 11.092513
v 5.462694 -6.027415 11.714784
v 5.821885 -5.013964 12.485072
v 6.210456 -3.937564 13.318365
v 6.492851 -2.708981 13.923964
v 6.606183 -1.367584 14.167005
v 6.584752 0.000000 14.121046
v 6.448978 1.335040 13.829877
v 6.218202 2.594391 13.334978
v 5.952723 3.774156 12.765656
v 5.669327 4.882577 12.157910
v 5.401092 5.959446 11.582679
v 5.052293 6.902075 10.834678
v 4.573609 7.577702 9.808135
v 4.089183 8.118986 8.769281
v 3.564330 8.433924 7.643731
v 3.101227 8.745240 6.650602
v 2.638249 8.915397 5.657742
v 2.174170 8.910579 4.662523
v 1.750393 8.882083 3.753730
v 1.368853 8.899030 2.935515
v 0.996533 8.800164 2.137071
v 0.647984 8.695557 1.389607
v 0.317238 8.579950 0.680318
v 0.000000 8.452900 0.000000
v 0.000000 -6.290000 0.000000
v 0.217685 -7.274861 0.598084
v 0.503168 -8.343390 1.382443
v 0.845330 -9.224060 2.322525
v 1.215551 -9.764628 3.339699
v 1.603585 -10.054669 4.405814
v 2.028162 -10.270975 5.572330
v 2.517225 -10.510990 6.916020
v 2.966364 -10.336161 8.150019
v 3.328159 -9.730885 9.144041
v 3.654570 -8.965987 10.040848
v 3.965617 -8.118688 10.895442
v 4.234360 -7.147850 11.633808
v 4.413245 -6.016985 12.125292
v 4.667795 -4.967364 12.824662
v 4.972538 -3.895641 13.661937
v 5.192278 -2.676856 14.265667
v 5.253626 -1.343876 14.434219
v 5.245153 0.000000 14.410938
v 5.150218 1.317424 14.150108
v 4.967785 2.561120 13.648877
v 4.733766 3.708579 13.005916
v 4.456189 4.742178 12.243280
v 4.210800 5.740973 11.569079
v 3.921160 6.619150 10.773298
v 3.563172 7.294774 9.789733
v 3.215558 7.888932 8.834674
v 2.845352 8.319253 7.817540
v 2.490639 8.678517 6.842974
v 2.114573 8.829664 5.809741
v 1.751201 8.868395 4.811386
v 1.426546 8.944610 3.919402
v 1.120869 9.004041 3.079563
v 0.812387 8.864590 2.232014
v 0.526057 8.722935 1.445331
v 0.257168 8.594371 0.706564
v 0.000000 8.452900 0.000000
v 0.000000 -6.290000 0.000000
v 0.163240 -7.209063 0.609220
v 0.376871 -8.258056 1.406502
v 0.630573 -9.092573 2.353331
v 0.905201 -9.609109 3.378258
v 1.194240 -9.895159 4.456964
v 1.507032 -10.085256 5.624320
v 1.866872 -10.301287 6.967261
v 2.203073 -10.144229 8.221979
v 2.487185 -9.609744 9.282300
v 2.772753 -8.989353 10.348053
v 3.027909 -8.191687 11.300309
v 3.248002 -7.245350 12.121707
v 3.403332 -6.131697 12.701408
v 3.610895 -5.077905 13.476045
v 3.806887 -3.941180 14.207498
v 3.934907 -2.680755 14.685274
v 3.954176 -1.336631 14.757184
v 3.908051 0.000000 14.585045
v 3.831359 1.295115 14.298826
v 3.693134 2.516041 13.782965
v 3.491282 3.614442 13.029644
v 3.272043 4.601385 12.211429
v 3.076143 5.542207 11.480320
v 2.864659 6.390225 10.691055
v 2.625537 7.103113 9.798638
v 2.373017 7.693396 8.856219
v 2.107186 8.141543 7.864126
v 1.852107 8.528181 6.912159
v 1.594481 8.798250 5.950684
v 1.325751 8.872101 4.947772
v 1.085027 8.990252 4.049377
v 0.855860 9.085324 3.194112
v 0.619802 8.937253 2.313131
v 0.399788 8.760210 1.492028
v 0.194938 8.608915 0.727518
v 0.000000 8.452900 0.000000
v 0.000000 -6.290000 0.000000
v 0.108474 -7.140076 0.615185
v 0.250248 -8.173018 1.419230
v 0.417176 -8.965964 2.365925
v 0.598093 -9.463081 3.391953
v 0.789243 -9.746932 4.476019
v 0.994622 -9.920841 5.640782
v 1.223084 -10.059105 6.936455
v 1.438734 -9.874083 8.159467
v 1.643545 -9.464801 9.321009
v 1.853904 -8.958402 10.514013
v 2.044114 -8.242551 11.592747
v 2.221453 -7.385950 12.598489
v 2.345627 -6.298850 13.302713
v 2.465327 -5.167377 13.981564
v 2.565508 -3.958728 14.549721
v 2.631896 -2.672498 14.926226
v 2.651620 -1.335958 15.038084
v 2.594929 0.000000 14.716573
v 2.517183 1.268225 14.275653
v 2.412798 2.450020 13.683659
v 2.272507 3.506610 12.888027
v 2.125807 4.455736 12.056050
v 1.995759 5.359328 11.318509
v 1.864352 6.198650 10.573267
v 1.719107 6.932015 9.749542
v 1.556440 7.521001 8.827009
v 1.383690 7.968351 7.847294
v 1.219749 8.371180 6.917540
v 1.064226 8.752599 6.035528
v 0.893772 8.914917 5.068835
v 0.730266 9.018578 4.141542
v 0.577348 9.134846 3.274301
v 0.419266 9.010881 2.377777
v 0.269592 8.804772 1.528933
v 0.131014 8.623710 0.743015
v 0.000000 8.452900 0.000000
v 0.000000 -6.290000 0.000000
v 0.053901 -7.068823 0.616089
v 0.124307 -8.088718 1.420832
v 0.206664 -8.849450 2.362180
v 0.296084 -9.333685 3.384256
v 0.390821 -9.616333 4.467106
v 0.492637 -9.790201 5.630866
v 0.604527 -9.905883 6.909780
v 0.713535 -9.756763 8.155743
v 0.824308 -9.457871 9.421881
v 0.923292 -8.889078 10.553278
v 1.027244 -8.252859 11.741453
v 1.125537 -7.455950 12.864942
v 1.187635 -6.354180 13.574729
v 1.248187 -5.212541 14.266841
v 1.294949 -3.981155 14.801332
v 1.319009 -2.668521 15.076345
v 1.323414 -1.328470 15.126696
v 1.290101 0.000000 14.745923
v 1.234128 1.238842 14.106148
v 1.176138 2.379475 13.443322
v 1.115780 3.430323 12.753423
v 1.047725 4.375395 11.975555
v 0.981949 5.253703 11.223729
v 0.915161 6.062350 10.460341
v 0.842863 6.771546 9.633970
v 0.767566 7.389808 8.773317
v 0.682435 7.830062 7.800266
v 0.601493 8.224713 6.875092
v 0.527555 8.644593 6.029976
v 0.445333 8.850130 5.090181
v 0.364493 8.968528 4.166179
v 0.289730 9.133389 3.311632
v 0.211766 9.067943 2.420502
v 0.136045 8.852535 1.555001
v 0.065870 8.638552 0.752899
v 0.000000 8.452900 0.000000
v 0.000000 -6.290000 0.000000
v 0.000000 -6.996773 0.612138
v 0.000000 -8.004714 1.411447
v 0.000000 -8.745348 2.343309
v 0.000000 -9.225996 3.357988
v 0.000000 -9.507395 4.433371
v 0.000000 -9.693596 5.596600
v 0.000000 -9.826466 6.880566
v 0.000000 -9.747303 8.178958
v 0.000000 -9.437719 9.437719
v 0.000000 -8.872012 10.573252
v 0.000000 -8.252847 11.786287
v 0.000000 -7.455550 12.913391
v 0.000000 -6.402307 13.729793
v 0.000000 -5.258183 14.446740
v 0.000000 -4.001135 14.932441
v 0.000000 -2.667392 15.127533
v 0.000000 -1.311027 14.985109
v 0.000000 0.000000 14.477000
v 0.000000 1.206789 13.793660
v 0.000000 2.324576 13.183326
v 0.000000 3.392238 12.660003
v 0.000000 4.361612 11.983430
v 0.000000 5.222653 11.200016
v 0.000000 6.011450 10.412137
v 0.000000 6.699000 9.567163
v 0.000000 7.298275 8.697745
v 0.000000 7.744163 7.744163
v 0.000000 8.130489 6.822291
v 0.000000 8.520738 5.966285
v 0.000000 8.691604 5.018100
v 0.000000 8.856726 4.129959
v 0.000000 8.935004 3.252076
v 0.000000 8.929550 2.392666
v 0.000000 8.844230 1.559476
v 0.000000 8.683614 0.759718
v 0.000000 8.452900 0.000000
v -0.000000 -6.290000 0.000000
v -0.052799 -6.924325 0.603495
v -0.121705 -7.919430 1.391095
v -0.202152 -8.656240 2.310606
v -0.290163 -9.147016 3.316573
v -0.383399 -9.433712 4.382273
v -0.484595 -9.630376 5.538942
v -0.596093 -9.767675 6.813374
v -0.708300 -9.685176 8.095903
v -0.822189 -9.433561 9.397664
v -0.930954 -8.962838 10.640848
v -1.034378 -8.310176 11.823000
v -1.121525 -7.429375 12.819088
v -1.189205 -6.362581 13.592678
v -1.257364 -5.250864 14.371733
v -1.302090 -4.003110 14.882960
v -1.311387 -2.653101 14.989227
v -1.273670 -1.278536 14.558118
v -1.215618 0.000000 13.894575
v -1.158118 1.162542 13.237348
v -1.115043 2.255872 12.745003
v -1.084608 3.334487 12.397121
v -1.041571 4.349692 11.905206
v -0.972970 5.205664 11.121101
v -0.901888 5.974425 10.308630
v -0.829562 6.664689 9.481942
v -0.751592 7.236021 8.590739
v -0.673414 7.726556 7.697154
v -0.594722 8.132136 6.797706
v -0.516312 8.460366 5.901469
v -0.436189 8.668412 4.985666
v -0.359095 8.835705 4.104479
v -0.282861 8.916848 3.233117
v -0.208194 8.914959 2.379666
v -0.135758 8.833891 1.551726
v -0.066172 8.678164 0.756352
v -0.000000 8.452900 0.000000
v -0.000000 -6.290000 0.000000
v -0.104099 -6.852126 0.590376
v -0.237946 -7.771216 1.349458
v -0.399201 -8.579642 2.263983
v -0.574687 -9.092748 3.259211
v -0.760446 -9.391297 4.312703
v -0.962376 -9.599199 5.457903
v -1.186625 -9.759255 6.729687
v -1.415261 -9.712984 8.026342
v -1.638020 -9.432981 9.289673
v -1.860555 -8.990542 10.551733
v -2.064185 -8.323483 11.706573
v -2.222626 -7.389850 12.605141
v -2.338718 -6.280298 13.263530
v -2.452387 -5.140255 13.908178
v -2.520951 -3.889973 14.297021
v -2.523613 -2.562544 14.312119
v -2.425456 -1.222011 13.755446
v -2.320600 0.000000 13.160774
v -2.231529 1.124305 12.655628
v -2.160370 2.193697 12.252068
v -2.123788 3.277128 12.044601
v -2.058872 4.315439 11.676444
v -1.930808 5.184913 10.950159
v -1.788093 5.945100 10.140777
v -1.646129 6.637742 9.335660
v -1.500531 7.250837 8.509932
v -1.351716 7.784220 7.665961
v -1.193184 8.188862 6.766881
v -1.024476 8.425675 5.810091
v -0.868007 8.657923 4.922713
v -0.714522 8.824152 4.052257
v -0.562827 8.905107 3.191953
v -0.414300 8.904139 2.349610
v -0.270220 8.825280 1.532494
v -0.131765 8.673155 0.747275
v -0.000000 8.452900 0.000000
v -0.000000 -6.290000 0.000000
v -0.153534 -6.780400 0.572995
v -0.346968 -7.602814 1.294902
v -0.590249 -8.511111 2.202837
v -0.852930 -9.054220 3.183176
v -1.129765 -9.360936 4.216340
v -1.429315 -9.565164 5.334277
v -1.762008 -9.722655 6.575903
v -2.107753 -9.705323 7.866242
v -2.435923 -9.411683 9.090988
v -2.796188 -9.065330 10.435515
v -3.086318 -8.349707 11.518296
v -3.310280 -7.384275 12.354133
v -3.491101 -6.289828 13.028967
v -3.601714 -5.064993 13.441780
v -3.625113 -3.752993 13.529104
v -3.617484 -2.464502 13.500633
v -3.524026 -1.191227 13.151843
v -3.345806 0.000000 12.486716
v -3.229837 1.091783 12.053916
v -3.190127 2.173355 11.905718
v -3.149955 3.261073 11.755792
v -3.043838 4.280468 11.359759
v -2.852485 5.139249 10.645619
v -2.647072 5.904850 9.879007
v -2.445564 6.616216 9.126971
v -2.255772 7.313284 8.418654
v -2.040458 7.883724 7.615093
v -1.793796 8.259683 6.694539
v -1.521849 8.397472 5.679618
v -1.294033 8.659839 4.829398
v -1.064696 8.821790 3.973498
v -0.838360 8.899556 3.128801
v -0.617006 8.896939 2.302697
v -0.402440 8.818323 1.501926
v -0.196289 8.668565 0.732559
v -0.000000 8.452900 0.000000
v -0.000000 -6.290000 0.000000
v -0.200728 -6.708176 0.551496
v -0.448700 -7.440223 1.232794
v -0.773083 -8.435719 2.124029
v -1.122039 -9.013438 3.082777
v -1.485659 -9.315258 4.081814
v -1.872252 -9.481419 5.143971
v -2.293586 -9.577157 6.301576
v -2.740428 -9.548897 7.529265
v -3.240804 -9.475478 8.904037
v -3.845203 -9.433680 10.564608
v -4.245013 -8.690687 11.663077
v -4.474961 -7.554000 12.294855
v -4.633731 -6.317594 12.731071
v -4.707776 -5.009911 12.934510
v -4.704347 -3.685531 12.925087
v -4.684650 -2.415151 12.870971
v -4.550349 -1.163978 12.501980
v -4.354942 0.000000 11.965106
v -4.252646 1.087826 11.684048
v -4.217543 2.174336 11.587604
v -4.155097 3.255232 11.416035
v -4.013116 4.270669 11.025945
v -3.756919 5.122154 10.322050
v -3.491998 5.894700 9.594186
v -3.244538 6.642445 8.914295
v -3.006480 7.375988 8.260236
v -2.720451 7.954067 7.474378
v -2.385728 8.312961 6.554734
v -2.004896 8.371693 5.508405
v -1.712748 8.673660 4.705736
v -1.407971 8.828146 3.868369
v -1.107895 8.899820 3.043918
v -0.815000 8.893111 2.239195
v -0.531483 8.812897 1.460237
v -0.259263 8.664365 0.712319
v -0.000000 8.452900 0.000000
v -0.000000 -6.290000 0.000000
v -0.244947 -6.624794 0.525291
v -0.542465 -7.279551 1.163320
v -0.943288 -8.329975 2.022888
v -1.375415 -8.941692 2.949588
v -1.819047 -9.230455 3.900959
v -2.277617 -9.334541 4.884365
v -2.741011 -9.262660 5.878117
v -3.208774 -9.048517 6.881239
v -3.827276 -9.056107 8.207621
v -4.742499 -9.416131 10.170322
v -5.435005 -9.004892 11.655407
v -5.738760 -7.839875 12.306809
v -5.868142 -6.474778 12.584271
v -5.963621 -5.136031 12.789026
v -5.968378 -3.784082 12.799229
v -5.865454 -2.447215 12.578507
v -5.639409 -1.167447 12.093751
v -5.447845 0.000000 11.682942
v -5.380286 1.113804 11.538060
v -5.302172 2.212200 11.370544
v -5.178162 3.283068 11.104605
v -5.024068 4.326863 10.774148
v -4.696454 5.181963 10.071578
v -4.359733 5.955950 9.349478
v -4.050293 6.710655 8.685880
v -3.739668 7.425033 8.019745
v -3.367203 7.967481 7.220990
v -2.943885 8.301547 6.313181
v -2.455971 8.299427 5.266846
v -2.122461 8.698654 4.551632
v -1.742602 8.842545 3.737021
v -1.369828 8.905371 2.937606
v -1.006968 8.892315 2.159449
v -0.656426 8.808835 1.407709
v -0.320216 8.660506 0.686706
v -0.000000 8.452900 0.000000
v -0.000000 -6.290000 0.000000
v -0.285668 -6.530405 0.494792
v -0.627347 -7.115728 1.086598
v -1.088463 -8.124402 1.885274
v -1.602621 -8.806329 2.775821
v -2.118395 -9.085826 3.669168
v -2.647075 -9.169737 4.584868
v -3.148304 -8.992487 5.453022
v -3.598839 -8.577859 6.233372
v -4.298025 -8.596050 7.444397
v -5.346454 -8.972415 9.260330
v -6.418527 -8.988602 11.117215
v -6.978693 -8.058300 12.087450
v -7.245002 -6.756800 12.548711
v -7.525012 -5.477760 13.033702
v -7.703766 -4.128436 13.343313
v -7.565441 -2.667983 13.103728
v -7.156239 -1.252180 12.394970
v -6.745350 0.000000 11.683289
v -6.603426 1.155450 11.437469
v -6.469251 2.281407 11.205072
v -6.314185 3.383761 10.936489
v -6.129145 4.461653 10.615991
v -5.703100 5.318799 9.878060
v -5.246425 6.058050 9.087075
v -4.813542 6.740957 8.337300
v -4.394222 7.374381 7.611017
v -3.946027 7.892054 6.834719
v -3.449038 8.220806 5.973908
v -2.896561 8.273436 5.016991
v -2.475000 8.573651 4.286826
v -2.066700 8.864103 3.579629
v -1.622495 8.915536 2.810243
v -1.191586 8.894119 2.063888
v -0.776361 8.805928 1.344697
v -0.378692 8.656937 0.655914
v -0.000000 8.452900 0.000000
v -0.000000 -6.290000 0.000000
v -0.322996 -6.436563 0.461286
v -0.701143 -6.932603 1.001336
v -1.197652 -7.792679 1.710424
v -1.788378 -8.566473 2.554068
v -2.363098 -8.835232 3.374854
v -2.970624 -8.970508 4.242491
v -3.547268 -8.832343 5.066024
v -3.943927 -8.194531 5.632512
v -4.534861 -7.906288 6.476452
v -5.468982 -8.000713 7.810515
v -6.815182 -8.319801 9.733088
v -7.986652 -8.039200 11.406121
v -8.589560 -6.983162 12.267162
v -9.036308 -5.734105 12.905186
v -9.350098 -4.367947 13.353324
v -9.346950 -2.873408 13.348827
v -8.827091 -1.346412 12.606393
v -8.264376 0.000000 11.802752
v -8.007010 1.221324 11.435195
v -7.846844 2.412251 11.206455
v -7.665879 3.581155 10.948010
v -7.369954 4.676698 10.525385
v -6.808406 5.535116 9.723412
v -6.220820 6.261750 8.884252
v -5.631587 6.874899 8.042740
v -5.071909 7.419826 7.243437
v -4.529961 7.897746 6.469455
v -3.934397 8.174728 5.618901
v -3.339248 8.314393 4.768940
v -2.853543 8.616953 4.075281
v -2.378206 8.891716 3.396430
v -1.864164 8.929494 2.662301
v -1.367530 8.898016 1.953036
v -0.890404 8.803937 1.271628
v -0.434250 8.653594 0.620173
v -0.000000 8.452900 0.000000
v -0.000000 -6.290000 0.000000
v -0.356909 -6.346557 0.425348
v -0.758875 -6.695511 0.904391
v -1.274960 -7.402469 1.519438
v -1.893624 -8.093948 2.256733
v -2.538944 -8.470580 3.025796
v -3.225412 -8.691171 3.843896
v -3.896920 -8.658191 4.644168
v -4.269223 -7.915307 5.087862
v -4.783136 -7.441238 5.700319
v -5.654224 -7.381066 6.738442
v -6.970136 -7.592775 8.306685
v -8.720464 -7.832700 10.392645
v -9.874013 -7.163063 11.767390
v -10.424104 -5.902515 12.422964
v -10.750223 -4.481284 12.811617
v -10.800055 -2.962629 12.871005
v -10.441186 -1.421131 12.443321
v -9.985191 0.000000 11.899888
v -9.631218 1.310888 11.478039
v -9.384491 2.574317 11.184001
v -9.127540 3.804860 10.877778
v -8.668874 4.908639 10.331162
v -7.986245 5.793589 9.517637
v -7.306800 6.562950 8.707905
v -6.555433 7.141027 7.812461
v -5.810957 7.585665 6.925228
v -5.165841 8.036622 6.156410
v -4.459160 8.267458 5.314220
v -3.779050 8.396308 4.503697
v -3.197868 8.616953 3.811071
v -2.674868 8.924058 3.187784
v -2.093035 8.946293 2.494382
v -1.533475 8.903420 1.827525
v -0.997692 8.802584 1.189003
v -0.486470 8.650407 0.579752
v -0.000000 8.452900 0.000000
v -0.000000 -6.290000 0.000000
v -0.387231 -6.259415 0.387231
v -0.805912 -6.463736 0.805912
v -1.313674 -6.933464 1.313674
v -1.915169 -7.441426 1.915169
v -2.609251 -7.913313 2.609251
v -3.398355 -8.324236 3.398355
v -4.192612 -8.467845 4.192612
v -4.601760 -7.755779 4.601760
v -5.093715 -7.203601 5.093715
v -5.970751 -7.085287 5.970751
v -7.231470 -7.160913 7.231470
v -9.110479 -7.438675 9.110479
v -10.866072 -7.165725 10.866072
v -11.757208 -6.051807 11.757208
v -12.128721 -4.596026 12.128721
v -12.196715 -3.041422 12.196715
v -12.080242 -1.494660 12.080242
v -11.757913 0.000000 11.757913
v -11.352333 1.404598 11.352333
v -10.931595 2.725946 10.931595
v -10.484894 3.973118 10.484894
v -9.871595 5.081222 9.871595
v -9.121565 6.015295 9.121565
v -8.357138 6.823575 8.357138
v -7.515037 7.441713 7.515037
v -6.638040 7.877137 6.638040
v -5.805635 8.210408 5.805635
v -5.018281 8.457782 5.018281
v -4.177472 8.437266 4.177472
v -3.535534 8.660254 3.535534
v -2.954238 8.959586 2.954238
v -2.307248 8.964858 2.307248
v -1.688108 8.909693 1.688108
v -1.097398 8.801577 1.097398
v -0.534955 8.647298 0.534955
v -0.000000 8.452900 0.000000
v -0.000000 -6.290000 0.000000
v -0.413854 -6.175062 0.347265
v -0.843534 -6.244961 0.707809
v -1.326604 -6.463010 1.113153
v -1.891135 -6.782701 1.586851
v -2.581975 -7.228122 2.166534
v -3.485732 -7.881351 2.924876
v -4.335280 -8.082327 3.637732
v -4.862587 -7.564842 4.080195
v -5.447736 -7.111514 4.571193
v -6.355892 -6.962033 5.333226
v -7.571969 -6.921203 6.353636
v -9.546858 -7.195250 8.010765
v -11.492355 -6.995642 9.643230
v -12.444199 -5.912605 10.441923
v -13.260207 -4.638193 11.126634
v -13.553743 -3.119781 11.372941
v -13.543983 -1.546836 11.364751
v -13.342349 0.000000 11.195560
v -12.930541 1.476776 10.850012
v -12.396860 2.853491 10.402201
v -11.802003 4.128138 9.903056
v -11.086929 5.267726 9.303038
v -10.259813 6.245368 8.609006
v -9.336689 7.036850 7.834412
v -8.352430 7.634589 7.008521
v -7.375440 8.078812 6.188729
v -6.368476 8.313454 5.343785
v -5.518912 8.585903 4.630917
v -4.613543 8.601096 3.871222
v -3.906827 8.833459 3.278217
v -3.213679 8.996549 2.696597
v -2.504900 8.984017 2.101861
v -1.830139 8.916154 1.535669
v -1.188736 8.800607 0.997468
v -0.579336 8.644193 0.486120
v -0.000000 8.452900 0.000000
v -0.000000 -6.290000 0.000000
v -0.436716 -6.093723 0.305792
v -0.873145 -6.045095 0.611383
v -1.339000 -6.100474 0.937578
v -1.879287 -6.303223 1.315891
v -2.533832 -6.633471 1.774209
v -3.407038 -7.203989 2.385633
v -4.379531 -7.635480 3.066581
v -5.092860 -7.409412 3.566059
v -5.840153 -7.129510 4.089319
v -6.823447 -6.989608 4.777829
v -8.238373 -7.042125 5.768571
v -10.286323 -7.249950 7.202561
v -12.131755 -6.906081 8.494747
v -13.651382 -6.065659 9.558801
v -14.530373 -4.752966 10.174277
v -14.782709 -3.182059 10.350964
v -14.552865 -1.554303 10.190026
v -14.180341 0.000000 9.929182
v -13.828667 1.476956 9.682937
v -13.506619 2.907374 9.457437
v -13.066262 4.274047 9.149095
v -12.369901 5.496264 8.661498
v -11.430458 6.506863 8.003693
v -10.436895 7.356075 7.307992
v -9.318652 7.965543 6.524991
v -8.117962 8.315647 5.684258
v -6.929119 8.458892 4.851821
v -5.951122 8.658064 4.167020
v -4.987715 8.695815 3.492435
v -4.218633 8.920062 2.953919
v -3.450409 9.033030 2.416002
v -2.684075 9.002522 1.879409
v -1.958322 8.922099 1.371232
v -1.270968 8.799363 0.889941
v -0.619271 8.641011 0.433618
v -0.000000 8.452900 0.000000
v -0.000000 -6.290000 0.000000
v -0.455750 -6.015123 0.263128
v -0.895670 -5.865416 0.517116
v -1.353358 -5.832164 0.781362
v -1.891906 -6.002099 1.092293
v -2.525589 -6.254022 1.458149
v -3.312547 -6.625094 1.912500
v -4.309074 -7.106021 2.487845
v -5.325165 -7.328058 3.074485
v -6.183706 -7.140329 3.570164
v -7.184242 -6.960876 4.147824
v -9.063590 -7.328185 5.232866
v -11.161125 -7.440750 6.443879
v -13.126269 -7.067783 7.578455
v -14.975342 -6.293786 8.646018
v -15.700491 -4.857749 9.064683
v -15.611844 -3.178647 9.013502
v -15.056406 -1.521046 8.692820
v -14.485228 0.000000 8.363050
v -14.337493 1.448419 8.277755
v -14.365718 2.924930 8.294051
v -14.188028 4.389791 8.191462
v -13.551522 5.695388 7.823975
v -12.474540 6.716862 7.202179
v -11.459025 7.639350 6.615871
v -10.183672 8.233804 5.879546
v -8.731921 8.460435 5.041377
v -7.394397 8.538314 4.269157
v -6.285866 8.650097 3.629147
v -5.290740 8.724870 3.054610
v -4.473021 8.946042 2.582500
v -3.661563 9.066993 2.114004
v -2.842886 9.019096 1.641341
v -2.071477 8.926826 1.195968
v -1.343415 8.797534 0.775621
v -0.654454 8.637678 0.377849
v -0.000000 8.452900 0.000000
v -0.000000 -6.290000 0.000000
v -0.470981 -5.939861 0.219622
v -0.912104 -5.707552 0.425321
v -1.368210 -5.634100 0.638007
v -1.913045 -5.799407 0.892067
v -2.545039 -6.022075 1.186771
v -3.291823 -6.291025 1.535002
v -4.234188 -6.672178 1.974434
v -5.370303 -7.061704 2.504213
v -6.255639 -6.902334 2.917053
v -7.292043 -6.751295 3.400336
v -9.284295 -7.172986 4.329338
v -11.877673 -7.566500 5.538650
v -14.004764 -7.205641 6.530529
v -15.928679 -6.396905 7.427665
v -16.858711 -4.984265 7.861346
v -16.794593 -3.267477 7.831447
v -15.963974 -1.541051 7.444123
v -15.092064 0.000000 7.037545
v -14.993870 1.447404 6.991756
v -15.237335 2.964504 7.105286
v -15.294569 4.521828 7.131975
v -14.812037 5.948466 6.906966
v -13.567536 6.980682 6.326646
v -12.363047 7.875700 5.764983
v -10.866454 8.395352 5.067111
v -9.236352 8.551421 4.306982
v -7.776042 8.579913 3.626028
v -6.529837 8.586439 3.044913
v -5.502228 8.670339 2.565731
v -4.690143 8.963363 2.187050
v -3.844287 9.096357 1.792620
v -2.979533 9.032471 1.389379
v -2.168516 8.929649 1.011195
v -1.405471 8.794831 0.655382
v -0.684614 8.634122 0.319241
v -0.000000 8.452900 0.000000
v -0.000000 -6.290000 0.000000
v -0.482426 -5.868035 0.175589
v -0.922433 -5.567118 0.335738
v -1.377677 -5.471535 0.501433
v -1.925760 -5.630544 0.700919
v -2.561020 -5.844598 0.932135
v -3.307906 -6.097165 1.203979
v -4.244188 -6.450331 1.544758
v -5.177864 -6.566763 1.884589
v -6.237613 -6.637929 2.270305
v -7.353014 -6.565883 2.676278
v -9.061433 -6.752084 3.298092
v -12.565280 -7.720150 4.573388
v -15.468362 -7.675931 5.630023
v -17.406134 -6.741901 6.335315
v -18.326016 -5.225582 6.670124
v -18.563579 -3.483330 6.756590
v -17.561551 -1.635042 6.391882
v -16.497995 0.000000 6.004779
v -16.178532 1.506278 5.888504
v -16.348779 3.067738 5.950469
v -16.618274 4.738627 6.048557
v -16.310833 6.317659 5.936658
v -14.929012 7.408287 5.433716
v -13.385263 8.223950 4.871837
v -11.481261 8.555208 4.178837
v -9.639030 8.607183 3.508320
v -8.148941 8.671922 2.965972
v -6.826303 8.657375 2.484571
v -5.727638 8.704883 2.084690
v -4.909894 9.049965 1.787055
v -3.995847 9.119070 1.454370
v -3.092355 9.041441 1.125525
v -2.248468 8.929937 0.818375
v -1.456606 8.790983 0.530161
v -0.709516 8.630277 0.258243
v -0.000000 8.452900 0.000000
v -0.000000 -6.290000 0.000000
v -0.490183 -5.800468 0.131344
v -0.926824 -5.441703 0.248342
v -1.378556 -5.326332 0.369383
v -1.922714 -5.468964 0.515190
v -2.558414 -5.680080 0.685525
v -3.305181 -5.926688 0.885621
v -4.175423 -6.173478 1.118801
v -4.849920 -5.983803 1.299532
v -6.089195 -6.303998 1.631595
v -7.464795 -6.484666 2.000186
v -9.155099 -6.636606 2.453101
v -12.862735 -7.688275 3.446559
v -16.552968 -7.991065 4.435354
v -18.595550 -7.006984 4.982663
v -19.790786 -5.489992 5.302925
v -20.442151 -3.731656 5.477458
v -19.660118 -1.780714 5.267913
v -18.498928 0.000000 4.956773
v -18.074619 1.637107 4.843080
v -18.324999 3.345176 4.910169
v -18.246090 5.061491 4.889025
v -17.662598 6.655438 4.732679
v -16.403664 7.918987 4.395349
v -14.675340 8.771700 3.932246
v -12.244322 8.876009 3.280856
v -10.203802 8.864041 2.734100
v -8.633397 8.937950 2.313312
v -7.250045 8.945063 1.942644
v -5.998857 8.869475 1.607389
v -5.122541 9.185490 1.372581
v -4.113791 9.133262 1.102287
v -3.179907 9.044920 0.852053
v -2.310511 8.927128 0.619099
v -1.496380 8.785758 0.400954
v -0.728970 8.626089 0.195327
v -0.000000 8.452900 0.000000
v -0.000000 -6.290000 0.000000
v -0.494330 -5.737384 0.087164
v -0.924976 -5.326727 0.163098
v -1.368361 -5.185573 0.241279
v -1.898273 -5.295920 0.334717
v -2.525405 -5.499294 0.445297
v -3.266410 -5.744866 0.575956
v -4.049754 -5.872870 0.714081
v -4.651194 -5.628588 0.820131
v -5.898101 -5.989089 1.039994
v -7.599967 -6.475507 1.340079
v -9.406610 -6.688188 1.658639
v -12.847526 -7.531950 2.265366
v -16.571637 -7.846690 2.922027
v -18.938188 -6.999271 3.339313
v -20.687812 -5.628797 3.647819
v -21.996890 -3.938480 3.878645
v -21.974867 -1.952210 3.874762
v -21.340489 0.000000 3.762904
v -20.905953 1.857250 3.686284
v -20.936654 3.748647 3.691697
v -20.513400 5.581342 3.617066
v -19.016848 7.028343 3.353183
v -17.615505 8.340963 3.106089
v -15.708985 9.209500 2.769918
v -13.039980 9.271548 2.299300
v -10.849723 9.244443 1.913099
v -9.119830 9.260518 1.608072
v -7.631209 9.234819 1.345588
v -6.280989 9.108561 1.107508
v -5.231299 9.200654 0.922419
v -4.196060 9.137295 0.739879
v -3.241019 9.041994 0.571479
v -2.353996 8.920760 0.415073
v -1.524451 8.778964 0.268802
v -0.742825 8.621510 0.130980
v -0.000000 8.452900 0.000000
v -0.000000 -6.290000 0.000000
v -0.495045 -5.680003 0.043311
v -0.917378 -5.222583 0.080260
v -1.352933 -5.068503 0.118366
v -1.855111 -5.116344 0.162301
v -2.459625 -5.294831 0.215189
v -3.199105 -5.562178 0.279885
v -3.952360 -5.666116 0.345787
v -4.489467 -5.370776 0.392777
v -5.493899 -5.514885 0.480654
v -7.321921 -6.167290 0.640585
v -9.219726 -6.480381 0.806621
v -12.387119 -7.179025 1.083733
v -16.375696 -7.665281 1.432688
v -19.107689 -6.981195 1.671706
v -21.515404 -5.787057 1.882354
v -23.595529 -4.176421 2.064341
v -24.523610 -2.153733 2.145538
v -25.004288 0.000000 2.187592
v -24.171634 2.122822 2.114744
v -23.485307 4.156912 2.054698
v -22.003486 5.918337 1.925056
v -20.021245 7.314973 1.751632
v -18.147854 8.494809 1.587732
v -16.070933 9.314000 1.406024
v -13.382744 9.406493 1.170838
v -11.244483 9.471283 0.983765
v -9.519936 9.556301 0.832886
v -7.883982 9.431654 0.689759
v -6.463310 9.265822 0.565466
v -5.290740 9.198835 0.462880
v -4.241154 9.129927 0.371053
v -3.274857 9.031966 0.286513
v -2.378471 8.910482 0.208089
v -1.540584 8.770461 0.134784
v -0.750978 8.616507 0.065702
v -0.000000 8.452900 0.000000
v -0.000000 -6.290000 0.000000
v -0.492434 -5.628550 0.000000
v -0.905888 -5.137545 0.000000
v -1.325425 -4.946554 0.000000
v -1.801967 -4.950865 0.000000
v -2.371860 -5.086471 0.000000
v -3.093100 -5.357406 0.000000
v -3.805278 -5.434500 0.000000
v -4.309634 -5.136022 0.000000
v -5.116837 -5.116837 0.000000
v -6.527618 -5.477322 0.000000
v -8.578611 -6.006808 0.000000
v -12.045114 -6.954250 0.000000
v -16.304658 -7.602987 0.000000
v -19.660531 -7.155848 0.000000
v -23.195646 -6.215255 0.000000
v -25.978047 -4.580631 0.000000
v -27.540350 -2.409468 0.000000
v -28.343000 0.000000 0.000000
v -25.716567 2.249908 0.000000
v -23.878634 4.210447 0.000000
v -22.125883 5.928613 0.000000
v -20.655477 7.517979 0.000000
v -18.631422 8.687975 0.000000
v -15.956864 9.212700 0.000000
v -13.351851 9.349066 0.000000
v -11.242851 9.433872 0.000000
v -9.746548 9.746548 0.000000
v -8.021025 9.559086 0.000000
v -6.530942 9.327152 0.000000
v -5.299300 9.178657 0.000000
v -4.248226 9.110351 0.000000
v -3.280975 9.014404 0.000000
v -2.383698 8.896080 0.000000
v -1.544652 8.760159 0.000000
v -0.753370 8.611060 0.000000
v -0.000000 8.452900 0.000000
v -0.000000 -6.290000 -0.000000
v -0.486627 -5.583422 -0.042574
v -0.889328 -5.062897 -0.077806
v -1.285774 -4.816903 -0.112491
v -1.730169 -4.771759 -0.151370
v -2.271918 -4.890754 -0.198767
v -2.939795 -5.111325 -0.257199
v -3.608952 -5.173805 -0.315742
v -4.123384 -4.932828 -0.360749
v -4.848936 -4.867458 -0.424227
v -5.849616 -4.927160 -0.511775
v -7.784708 -5.471733 -0.681074
v -11.447736 -6.634600 -1.001547
v -16.188849 -7.577820 -1.416341
v -21.121416 -7.716932 -1.847884
v -25.788401 -6.936376 -2.256193
v -28.263120 -5.002587 -2.472703
v -29.495762 -2.590402 -2.580545
v -29.984066 0.000000 -2.623266
v -27.444850 2.410285 -2.401113
v -24.892933 4.406062 -2.177849
v -22.427483 6.032381 -1.962150
v -20.843811 7.615506 -1.823597
v -18.719897 8.762575 -1.637779
v -15.881434 9.204175 -1.389445
v -13.267626 9.325579 -1.160767
v -11.102274 9.351499 -0.971323
v -9.719744 9.756871 -0.850367
v -8.058955 9.640976 -0.705067
v -6.523649 9.352324 -0.570745
v -5.295721 9.207495 -0.463316
v -4.266739 9.185003 -0.373291
v -3.300031 9.101393 -0.288715
v -2.419767 9.065190 -0.211702
v -1.571288 8.945255 -0.137470
v -0.755860 8.672522 -0.066129
v -0.000000 8.452900 -0.000000
v -0.000000 -6.290000 -0.000000
v -0.477795 -5.545467 -0.084248
v -0.867756 -4.997210 -0.153009
v -1.238254 -4.692516 -0.218338
v -1.645925 -4.591902 -0.290221
v -2.154031 -4.690596 -0.379814
v -2.777847 -4.885596 -0.489809
v -3.409030 -4.943705 -0.601104
v -3.982976 -4.819952 -0.702306
v -4.605788 -4.676840 -0.812125
v -5.495399 -4.682322 -0.968987
v -7.463373 -5.306528 -1.315994
v -11.037398 -6.470750 -1.946191
v -16.092298 -7.619723 -2.837506
v -22.652347 -8.371969 -3.994220
v -27.721506 -7.542543 -4.888050
v -29.596218 -5.299117 -5.218612
v -30.347480 -2.696019 -5.351080
v -28.943204 0.000000 -5.103468
v -26.884632 2.388385 -4.740486
v -24.835630 4.446748 -4.379192
v -22.444107 6.106654 -3.957502
v -20.469104 7.565075 -3.609255
v -18.302314 8.666168 -3.227192
v -15.491504 9.082000 -2.731570
v -12.978428 9.227784 -2.288447
v -10.874468 9.265526 -1.917462
v -9.548616 9.695919 -1.683679
v -8.042168 9.732135 -1.418051
v -6.496625 9.421272 -1.145530
v -5.277289 9.281541 -0.930528
v -4.242824 9.239128 -0.748124
v -3.256584 9.085418 -0.574224
v -2.376732 9.006920 -0.419082
v -1.544700 8.895571 -0.272372
v -0.745310 8.650356 -0.131418
v -0.000000 8.452900 -0.000000
v -0.000000 -6.290000 -0.000000
v -0.466108 -5.515581 -0.124893
v -0.841709 -4.941962 -0.225535
v -1.186494 -4.584260 -0.317920
v -1.555578 -4.424684 -0.416816
v -2.020648 -4.486156 -0.541431
v -2.608555 -4.677533 -0.698960
v -3.224468 -4.767465 -0.863994
v -3.824653 -4.718834 -1.024813
v -4.453038 -4.610124 -1.193188
v -5.585416 -4.852050 -1.496608
v -8.013443 -5.809010 -2.147195
v -11.536564 -6.895600 -3.091213
v -16.007446 -7.727710 -4.289182
v -22.698914 -8.553171 -6.082156
v -27.176355 -7.538760 -7.281882
v -28.691973 -5.237637 -7.687991
v -29.280022 -2.652036 -7.845558
v -28.282212 0.000000 -7.578196
v -27.087179 2.453419 -7.257988
v -25.020333 4.567390 -6.704178
v -22.523720 6.248112 -6.035212
v -20.042336 7.552147 -5.370328
v -17.773207 8.580144 -4.762316
v -15.316153 9.154725 -4.103951
v -12.779082 9.263661 -3.424145
v -10.735043 9.325531 -2.876446
v -9.398562 9.730108 -2.518337
v -7.941276 9.797900 -2.127859
v -6.450598 9.537387 -1.728433
v -5.252680 9.418849 -1.407451
v -4.196684 9.317297 -1.124498
v -3.198092 9.096647 -0.856926
v -2.318631 8.958503 -0.621275
v -1.504558 8.833776 -0.403145
v -0.729015 8.626623 -0.195339
v -0.000000 8.452900 -0.000000
v -0.000000 -6.290000 -0.000000
v -0.451639 -5.493565 -0.164383
v -0.811653 -4.898532 -0.295418
v -1.132023 -4.495902 -0.412023
v -1.462856 -4.277105 -0.532436
v -1.876088 -4.281489 -0.682840
v -2.409795 -4.441758 -0.877094
v -3.003605 -4.564889 -1.093223
v -3.595446 -4.559880 -1.308635
v -4.265886 -4.539661 -1.552655
v -5.528204 -4.936416 -2.012102
v -8.200005 -6.110195 -2.984558
v -11.791440 -7.244700 -4.291733
v -15.300118 -7.592443 -5.568788
v -20.672257 -8.006965 -7.524086
v -24.604665 -7.015911 -8.955366
v -26.303763 -4.935724 -9.573787
v -26.965921 -2.510621 -9.814793
v -26.903776 0.000000 -9.792174
v -26.679750 2.483978 -9.710635
v -24.745177 4.643265 -9.006508
v -22.169241 6.321461 -8.068944
v -19.481236 7.545648 -7.090590
v -17.359495 8.614376 -6.318339
v -14.936036 9.176750 -5.436272
v -12.536937 9.341839 -4.563072
v -10.668986 9.526884 -3.883193
v -9.239325 9.832284 -3.362839
v -7.654901 9.708234 -2.786156
v -6.298801 9.572938 -2.292576
v -5.172115 9.533294 -1.882496
v -4.116524 9.394469 -1.498292
v -3.116813 9.112951 -1.134427
v -2.244041 8.912355 -0.816764
v -1.453408 8.771683 -0.528997
v -0.707187 8.601942 -0.257395
v -0.000000 8.452900 -0.000000
v -0.000000 -6.290000 -0.000000
v -0.434543 -5.480316 -0.202631
v -0.778104 -4.869037 -0.362836
v -1.075631 -4.429301 -0.501575
v -1.371425 -4.157482 -0.639506
v -1.726463 -4.085160 -0.805063
v -2.174844 -4.156359 -1.014146
v -2.697927 -4.251358 -1.258064
v -3.239169 -4.259360 -1.510449
v -3.846260 -4.243878 -1.793540
v -4.901630 -4.538145 -2.285668
v -7.204696 -5.566301 -3.359605
v -10.389844 -6.618700 -4.844864
v -13.827918 -7.114652 -6.448064
v -18.096301 -7.267415 -8.438444
v -21.616021 -6.390760 -10.079716
v -23.062046 -4.486843 -10.754009
v -23.896331 -2.306786 -11.143042
v -24.483860 0.000000 -11.417011
v -25.331335 2.445311 -11.812195
v -24.152773 4.699050 -11.262623
v -21.391098 6.324261 -9.974833
v -18.770169 7.538038 -8.752674
v -16.632420 8.557606 -7.755825
v -14.102902 8.984050 -6.576291
v -11.819701 9.131824 -5.511617
v -10.242630 9.483078 -4.776217
v -8.815313 9.726621 -4.110648
v -7.304704 9.605355 -3.406240
v -6.061988 9.552402 -2.826752
v -5.023166 9.599805 -2.342341
v -3.998894 9.462189 -1.864715
v -3.011459 9.129256 -1.404266
v -2.153192 8.866547 -1.004050
v -1.392274 8.712250 -0.649228
v -0.680070 8.576812 -0.317122
v -0.000000 8.452900 -0.000000
v -0.000000 -6.290000 -0.000000
v -0.414822 -5.474937 -0.239497
v -0.741076 -4.853034 -0.427860
v -1.016616 -4.381005 -0.586943
v -1.280731 -4.063137 -0.739430
v -1.573847 -3.897259 -0.908661
v -1.894301 -3.788601 -1.093675
v -2.259831 -3.726650 -1.304714
v -2.675859 -3.682299 -1.544908
v -3.126345 -3.609992 -1.804996
v -3.835063 -3.715827 -2.214175
v -5.506342 -4.452043 -3.179088
v -8.175525 -5.450350 -4.720142
v -11.387865 -6.131747 -6.574787
v -15.418048 -6.479845 -8.901614
v -19.001342 -5.879036 -10.970430
v -20.740910 -4.222950 -11.974770
v -21.998750 -2.222384 -12.700984
v -22.723034 0.000000 -13.119150
v -23.279257 2.351745 -13.440285
v -22.278547 4.536020 -12.862525
v -19.727815 6.103807 -11.389859
v -17.462796 7.339205 -10.082150
v -15.222345 8.196406 -8.788625
v -12.683550 8.455700 -7.322851
v -10.865199 8.784839 -6.273025
v -9.489274 9.194241 -5.478635
v -8.231541 9.504965 -4.752482
v -6.898983 9.493819 -3.983130
v -5.792041 9.551559 -3.344037
v -4.832811 9.665623 -2.790225
v -3.845872 9.523392 -2.220415
v -2.883045 9.146498 -1.664527
v -2.047778 8.824698 -1.182285
v -1.322084 8.657839 -0.763305
v -0.647943 8.551734 -0.374090
v -0.000000 8.452900 -0.000000
v -0.000000 -6.290000 -0.000000
v -0.392582 -5.477900 -0.274889
v -0.700816 -4.852000 -0.490717
v -0.955708 -4.354200 -0.669194
v -1.189279 -3.988901 -0.832742
v -1.424081 -3.728188 -0.997153
v -1.637260 -3.461893 -1.146422
v -1.855799 -3.235487 -1.299444
v -2.114246 -3.075937 -1.480411
v -2.413165 -2.945931 -1.689716
v -2.862027 -2.931722 -2.004013
v -3.767822 -3.220718 -2.638258
v -5.894317 -4.154400 -4.127245
v -8.551750 -4.868140 -5.988000
v -11.769803 -5.229625 -8.241305
v -14.966702 -4.895692 -10.479798
v -17.286890 -3.721098 -12.104411
v -18.554774 -1.981723 -12.992192
v -18.987494 0.000000 -13.295186
v -18.674347 1.994494 -13.075919
v -17.777731 3.826754 -12.448101
v -16.336260 5.343682 -11.438772
v -14.803623 6.577629 -10.365608
v -12.887203 7.336125 -9.023717
v -10.942524 7.712450 -7.662038
v -9.687527 8.280855 -6.783279
v -8.629600 8.839744 -6.042511
v -7.576186 9.248815 -5.304903
v -6.459550 9.397757 -4.523025
v -5.489684 9.570972 -3.843918
v -4.589361 9.703945 -3.213505
v -3.653657 9.565127 -2.558318
v -2.731077 9.160172 -1.912321
v -1.929157 8.789226 -1.350810
v -1.243883 8.611848 -0.870977
v -0.611126 8.527352 -0.427915
v -0.000000 8.452900 -0.000000
v -0.000000 -6.290000 -0.000000
v -0.367816 -5.488136 -0.308634
v -0.657223 -4.865640 -0.551475
v -0.893510 -4.353041 -0.749744
v -1.102848 -3.955448 -0.925399
v -1.293326 -3.620609 -1.085230
v -1.450275 -3.279119 -1.216926
v -1.598615 -2.980321 -1.341397
v -1.744685 -2.714249 -1.463965
v -1.945724 -2.539963 -1.632657
v -2.296595 -2.515614 -1.927072
v -2.858011 -2.612383 -2.398156
v -3.940480 -2.969850 -3.306455
v -5.936998 -3.613978 -4.981733
v -8.497498 -4.037411 -7.130247
v -11.111193 -3.886504 -9.323398
v -12.847845 -2.957298 -10.780622
v -13.641129 -1.557931 -11.446266
v -13.877661 0.000000 -11.644740
v -13.704125 1.565125 -11.499127
v -13.426022 3.090382 -11.265770
v -12.674801 4.433428 -10.635421
v -11.705277 5.561521 -9.821894
v -10.575881 6.437765 -8.874218
v -9.466519 7.134700 -7.943353
v -8.568355 7.831957 -7.189704
v -7.752122 8.491417 -6.504803
v -6.881198 8.982766 -5.774011
v -5.923816 9.215821 -4.970671
v -5.089924 9.489221 -4.270954
v -4.278894 9.674716 -3.590419
v -3.419906 9.573873 -2.869642
v -2.554473 9.161815 -2.143458
v -1.797983 8.759498 -1.508687
v -1.158291 8.575214 -0.971922
v -0.569937 8.503965 -0.478234
v -0.000000 8.452900 -0.000000
v -0.000000 -6.290000 -0.000000
v -0.340600 -5.505644 -0.340600
v -0.610366 -4.895381 -0.610366
v -0.830594 -4.383806 -0.830594
v -1.022641 -3.973490 -1.022641
v -1.183339 -3.588820 -1.183339
v -1.313168 -3.216592 -1.313168
v -1.428472 -2.885094 -1.428472
v -1.526572 -2.572875 -1.526572
v -1.688763 -2.388271 -1.688762
v -1.990467 -2.362019 -1.990467
v -2.439795 -2.415990 -2.439795
v -3.029039 -2.473200 -3.029039
v -4.046736 -2.668655 -4.046736
v -5.897608 -3.035685 -5.897608
v -8.039572 -3.046494 -8.039572
v -9.825421 -2.450106 -9.825421
v -10.678327 -1.321204 -10.678327
v -10.907228 0.000000 -10.907228
v -10.796916 1.335877 -10.796916
v -10.691106 2.665977 -10.691106
v -10.225329 3.874759 -10.225329
v -9.637239 4.960592 -9.637239
v -9.019989 5.948310 -9.019989
v -8.332827 6.803725 -8.332827
v -7.604365 7.530170 -7.604365
v -6.930139 8.223760 -6.930139
v -6.194160 8.759865 -6.194160
v -5.367830 9.046908 -5.367830
v -4.644984 9.381503 -4.644984
v -3.924513 9.613055 -3.924513
v -3.145138 9.538545 -3.145138
v -2.352920 9.142316 -2.352920
v -1.655226 8.736147 -1.655226
v -1.065823 8.548329 -1.065823
v -0.524741 8.482199 -0.524741
v -0.000000 8.452900 -0.000000
v -0.000000 -6.290000 -0.000000
v -0.310942 -5.529179 -0.370567
v -0.559925 -4.940190 -0.667293
v -0.765573 -4.444949 -0.912375
v -0.944240 -4.035980 -1.125301
v -1.084686 -3.618796 -1.292679
v -1.194878 -3.219709 -1.424000
v -1.288877 -2.863633 -1.536024
v -1.373231 -2.546025 -1.636554
v -1.519345 -2.363681 -1.810685
v -1.790774 -2.337690 -2.134162
v -2.191805 -2.387598 -2.612091
v -2.617520 -2.351050 -3.119439
v -3.087586 -2.239877 -3.679642
v -3.976644 -2.251724 -4.739180
v -5.563597 -2.319213 -6.630437
v -7.166824 -1.965975 -8.541089
v -8.345860 -1.135940 -9.946209
v -8.892581 0.000000 -10.597765
v -9.034900 1.229724 -10.767374
v -8.927228 2.448882 -10.639055
v -8.612546 3.590183 -10.264033
v -8.252944 4.673124 -9.835476
v -7.807253 5.663740 -9.304322
v -7.301178 6.557900 -8.701205
v -6.724242 7.324915 -8.013639
v -6.163222 8.045515 -7.345042
v -5.534479 8.610121 -6.595735
v -4.821969 8.940122 -5.746599
v -4.184293 9.296679 -4.986647
v -3.534625 9.524374 -4.212402
v -2.833756 9.454150 -3.377139
v -2.129014 9.100077 -2.537260
v -1.501766 8.719316 -1.789735
v -0.966698 8.529125 -1.152066
v -0.475876 8.462026 -0.567127
v -0.000000 8.452900 -0.000000
v -0.000000 -6.290000 -0.000000
v -0.278929 -5.558418 -0.398352
v -0.505741 -5.000558 -0.722274
v -0.697842 -4.540600 -0.996621
v -0.865248 -4.144608 -1.235702
v -0.991880 -3.708476 -1.416552
v -1.089724 -3.290680 -1.556286
v -1.172717 -2.919949 -1.674814
v -1.249925 -2.597044 -1.785079
v -1.382703 -2.410668 -1.974704
v -1.622495 -2.373590 -2.317163
v -1.980743 -2.418041 -2.828794
v -2.332354 -2.347700 -3.330947
v -2.609204 -2.121237 -3.726329
v -2.993526 -1.899580 -4.275198
v -3.776769 -1.764337 -5.393785
v -4.893178 -1.504245 -6.988183
v -5.817063 -0.887287 -8.307627
v -6.584451 0.000000 -9.403571
v -6.736584 1.027544 -9.620840
v -6.775588 2.082929 -9.676543
v -6.677568 3.119461 -9.536556
v -6.786464 4.306437 -9.692075
v -6.628309 5.388700 -9.466206
v -6.275312 6.316600 -8.962074
v -5.841961 7.131717 -8.343185
v -5.393122 7.889736 -7.702176
v -4.873487 8.496666 -6.960061
v -4.266271 8.864283 -6.092867
v -3.699860 9.212282 -5.283948
v -3.110261 9.392175 -4.441913
v -2.491553 9.315503 -3.558307
v -1.886455 9.036271 -2.694137
v -1.338663 8.710188 -1.911809
v -0.861340 8.516567 -1.230121
v -0.423721 8.443771 -0.605136
v -0.000000 8.452900 -0.000000
v -0.000000 -6.290000 -0.000000
v -0.244627 -5.592189 -0.423706
v -0.447205 -5.072449 -0.774581
v -0.625307 -4.667354 -1.083063
v -0.782799 -4.301443 -1.355847
v -0.897863 -3.850947 -1.555144
v -0.986425 -3.417076 -1.708538
v -1.060715 -3.029716 -1.837212
v -1.127514 -2.687437 -1.952911
v -1.243324 -2.486647 -2.153500
v -1.439283 -2.415403 -2.492911
v -1.738384 -2.434459 -3.010969
v -2.033081 -2.347600 -3.521400
v -2.213090 -2.063962 -3.833185
v -2.435072 -1.772588 -4.217669
v -2.859358 -1.532325 -4.952553
v -3.578348 -1.261919 -6.197881
v -4.233827 -0.740824 -7.333204
v -4.561579 0.000000 -7.900887
v -4.822490 0.843826 -8.352797
v -5.018654 1.769848 -8.692564
v -5.048102 2.705270 -8.743570
v -5.218061 3.798438 -9.037948
v -5.446298 5.079301 -9.433265
v -5.253440 6.066150 -9.099225
v -4.954027 6.937694 -8.580626
v -4.617907 7.749769 -7.998450
v -4.205624 8.411247 -7.284354
v -3.710459 8.843906 -6.426704
v -3.187493 9.104424 -5.520900
v -2.658375 9.208881 -4.604441
v -2.131327 9.141292 -3.691567
v -1.630991 8.962224 -2.824960
v -1.166698 8.708354 -2.020780
v -0.750134 8.508444 -1.299270
v -0.368647 8.427309 -0.638515
v -0.000000 8.452900 -0.000000
v -0.000000 -6.290000 -0.000000
v -0.208169 -5.630094 -0.446419
v -0.383982 -5.152810 -0.823453
v -0.545519 -4.817362 -1.169870
v -0.691021 -4.492389 -1.481900
v -0.796789 -4.043175 -1.708720
v -0.874915 -3.585735 -1.876261
v -0.940582 -3.178494 -2.017084
v -0.996915 -2.811230 -2.137891
v -1.094084 -2.588824 -2.346271
v -1.244991 -2.471904 -2.669893
v -1.467511 -2.431419 -3.147087
v -1.679346 -2.294200 -3.601369
v -1.834782 -2.024458 -3.934702
v -2.027832 -1.746423 -4.348699
v -2.337068 -1.481752 -5.011858
v -2.825046 -1.178680 -6.058331
v -3.283879 -0.679815 -7.042300
v -3.502513 0.000000 -7.511163
v -3.612586 0.747862 -7.747216
v -3.829019 1.597563 -8.211358
v -3.918892 2.484663 -8.404091
v -4.169878 3.591212 -8.942333
v -4.365182 4.816445 -9.361162
v -4.268344 5.831100 -9.153492
v -4.078465 6.757333 -8.746297
v -3.838054 7.620376 -8.230734
v -3.516750 8.321339 -7.541694
v -3.126002 8.815103 -6.703732
v -2.649167 8.952292 -5.681156
v -2.194054 8.992072 -4.705165
v -1.765406 8.958263 -3.785926
v -1.366938 8.886579 -2.931407
v -0.986557 8.712071 -2.115678
v -0.633615 8.502732 -1.358792
v -0.311055 8.412740 -0.667060
v -0.000000 8.452900 -0.000000
v -0.000000 -6.290000 -0.000000
v -0.169700 -5.671237 -0.466246
v -0.315777 -5.236124 -0.867590
v -0.455659 -4.972055 -1.251913
v -0.583988 -4.691227 -1.604494
v -0.679624 -4.261323 -1.867252
v -0.746185 -3.778815 -2.050127
v -0.805062 -3.361636 -2.211889
v -0.854477 -2.977385 -2.347655
v -0.936665 -2.738625 -2.573465
v -1.058255 -2.596283 -2.907531
v -1.197852 -2.452326 -3.291071
v -1.317163 -2.223450 -3.618877
v -1.447973 -1.974156 -3.978274
v -1.624774 -1.729049 -4.464031
v -1.886126 -1.477650 -5.182089
v -2.302226 -1.186903 -6.325315
v -2.555390 -0.653668 -7.020876
v -2.736161 0.000000 -7.517541
v -2.930180 0.749539 -8.050605
v -3.031417 1.562834 -8.328749
v -3.105441 2.432899 -8.532130
v -3.203329 3.408911 -8.801073
v -3.396262 4.630438 -9.331154
v -3.334450 5.628750 -9.161327
v -3.228457 6.609522 -8.870112
v -3.054505 7.493811 -8.392184
v -2.805012 8.201307 -7.706708
v -2.484703 8.657834 -6.826665
v -2.090850 8.730604 -5.744562
v -1.733769 8.780112 -4.763490
v -1.402662 8.794856 -3.853782
v -1.097263 8.814411 -3.014706
v -0.798639 8.714583 -2.194244
v -0.512451 8.497315 -1.407947
v -0.251351 8.399965 -0.690582
v -0.000000 8.452900 -0.000000
v -0.000000 -6.290000 -0.000000
v -0.129425 -5.715717 -0.483021
v -0.242708 -5.318257 -0.905799
v -0.354736 -5.115133 -1.323894
v -0.458757 -4.869910 -1.712106
v -0.540490 -4.478361 -2.017137
v -0.596533 -3.992074 -2.226290
v -0.649257 -3.582561 -2.423060
v -0.697064 -3.209688 -2.601478
v -0.767075 -2.963750 -2.862762
v -0.856186 -2.775782 -3.195329
v -0.927680 -2.509741 -3.462150
v -0.991400 -2.211525 -3.699953
v -1.082135 -1.949654 -4.038581
v -1.216648 -1.710939 -4.540591
v -1.413762 -1.463635 -5.276233
v -1.746333 -1.189733 -6.517403
v -2.011106 -0.679815 -7.505551
v -2.057611 0.000000 -7.679110
v -2.062673 0.697246 -7.698001
v -2.137306 1.456093 -7.976533
v -2.207437 2.285307 -8.238268
v -2.371301 3.334696 -8.849815
v -2.457054 4.426812 -9.169852
v -2.454353 5.474950 -9.159770
v -2.410896 6.522424 -8.997587
v -2.276104 7.379202 -8.494535
v -2.054839 7.939289 -7.668764
v -1.805117 8.311812 -6.736790
v -1.544292 8.521311 -5.763376
v -1.288026 8.619637 -4.806978
v -1.046829 8.673751 -3.906819
v -0.824479 8.752203 -3.076997
v -0.603755 8.705866 -2.253244
v -0.387458 8.490028 -1.446011
v -0.189958 8.388980 -0.708932
v -0.000000 8.452900 -0.000000
v -0.000000 -6.290000 -0.000000
v -0.087556 -5.763186 -0.496553
v -0.165643 -5.409844 -0.939410
v -0.243794 -5.239616 -1.382622
v -0.318022 -5.031772 -1.803592
v -0.379704 -4.689236 -2.153407
v -0.423458 -4.223779 -2.401552
v -0.466987 -3.840676 -2.648414
v -0.514775 -3.532920 -2.919435
v -0.567918 -3.270510 -3.220824
v -0.616478 -2.978935 -3.496222
v -0.653171 -2.633806 -3.704319
v -0.689164 -2.291350 -3.908441
v -0.749799 -2.013480 -4.252323
v -0.834596 -1.749330 -4.733228
v -0.961444 -1.483564 -5.452620
v -1.180089 -1.198294 -6.692618
v -1.349302 -0.679815 -7.652270
v -1.441280 0.000000 -8.173904
v -1.470393 0.740824 -8.339012
v -1.496945 1.520038 -8.489599
v -1.508541 2.327767 -8.555363
v -1.543089 3.234348 -8.751294
v -1.580051 4.243003 -8.960912
v -1.607061 5.343200 -9.114094
v -1.595127 6.432086 -9.046415
v -1.498030 7.238753 -8.495749
v -1.325415 7.632758 -7.516799
v -1.158939 7.953839 -6.572670
v -1.008614 8.295225 -5.720137
v -0.849270 8.471027 -4.816449
v -0.693965 8.570272 -3.935669
v -0.548923 8.685109 -3.113097
v -0.403747 8.677346 -2.289765
v -0.259647 8.479983 -1.472534
v -0.127301 8.379342 -0.721960
v -0.000000 8.452900 -0.000000
v -0.000000 -6.290000 -0.000000
v -0.044333 -5.814016 -0.506725
v -0.084553 -5.501924 -0.966446
v -0.125042 -5.354344 -1.429233
v -0.164479 -5.184989 -1.880000
v -0.199377 -4.905753 -2.278885
v -0.226089 -4.493070 -2.584204
v -0.253026 -4.146118 -2.892095
v -0.286802 -3.921688 -3.278165
v -0.313344 -3.595214 -3.581533
v -0.332471 -3.200889 -3.800156
v -0.353205 -2.837640 -4.037149
v -0.376210 -2.492150 -4.300105
v -0.409136 -2.188994 -4.676449
v -0.452475 -1.889576 -5.171811
v -0.524481 -1.612449 -5.994843
v -0.627893 -1.270306 -7.176848
v -0.727345 -0.730123 -8.313591
v -0.758255 0.000000 -8.666894
v -0.772734 0.775686 -8.832395
v -0.773056 1.563988 -8.836066
v -0.765133 2.352303 -8.745507
v -0.773349 3.229577 -8.839423
v -0.787628 4.214032 -9.002633
v -0.798784 5.291425 -9.130141
v -0.782043 6.282916 -8.938789
v -0.723648 6.966982 -8.271331
v -0.640221 7.345708 -7.317755
v -0.559464 7.650027 -6.394708
v -0.490697 8.040633 -5.608687
v -0.416796 8.283013 -4.764002
v -0.342957 8.438609 -3.920014
v -0.272371 8.586158 -3.113214
v -0.201432 8.625404 -2.302375
v -0.130120 8.466983 -1.487276
v -0.063831 8.371173 -0.729596
v -0.000000 8.452900 -0.000000
v -0.000000 -6.290000 -0.000000
v -0.000000 -5.868234 -0.513404
v -0.000000 -5.592822 -0.986165
v -0.000000 -5.480470 -1.468487
v -0.000000 -5.368088 -1.953824
v -0.000000 -5.162057 -2.407107
v -0.000000 -4.833634 -2.790700
v -0.000000 -4.510210 -3.158083
v -0.000000 -4.280963 -3.592154
v -0.000000 -3.912669 -3.912669
v -0.000000 -3.540217 -4.219066
v -0.000000 -3.212860 -4.588439
v -0.000000 -2.832850 -4.906640
v -0.000000 -2.518488 -5.400915
v -0.000000 -2.200865 -6.046828
v -0.000000 -1.861789 -6.948291
v -0.000000 -1.409485 -7.993586
v -0.000000 -0.777246 -8.883965
v -0.000000 0.000000 -9.445900
v -0.000000 0.831579 -9.504992
v -0.000000 1.638909 -9.294714
v -0.000000 2.454912 -9.161855
v -0.000000 3.344923 -9.190100
v -0.000000 4.295323 -9.211350
v -0.000000 5.272400 -9.132065
v -0.000000 6.126169 -8.749076
v -0.000000 6.721437 -8.010297
v -0.000000 7.085599 -7.085599
v -0.000000 7.413625 -6.220770
v -0.000000 7.817823 -5.474099
v -0.000000 8.091189 -4.671450
v -0.000000 8.285511 -3.863597
v -0.000000 8.468416 -3.082251
v -0.000000 8.561967 -2.294172
v -0.000000 8.451719 -1.490266
v -0.000000 8.364001 -0.731755
v -0.000000 8.452900 -0.000000
v 0.000000 -6.290000 -0.000000
v 0.045193 -5.926835 -0.516558
v 0.087402 -5.687314 -0.999011
v 0.131187 -5.617487 -1.499473
v 0.177701 -5.601790 -2.031126
v 0.223760 -5.505707 -2.557584
v 0.266740 -5.300941 -3.048854
v 0.302316 -4.953802 -3.455490
v 0.341116 -4.664368 -3.898976
v 0.394209 -4.523044 -4.505832
v 0.457328 -4.402967 -5.227284
v 0.505697 -4.062757 -5.780139
v 0.541423 -3.586575 -6.188491
v 0.602261 -3.222264 -6.883871
v 0.681581 -2.846343 -7.790504
v 0.755016 -2.321199 -8.629869
v 0.819559 -1.658071 -9.367605
v 0.862137 -0.865430 -9.854273
v 0.880744 0.000000 -10.066946
v 0.876613 0.879962 -10.019736
v 0.848961 1.717554 -9.703668
v 0.837074 2.573477 -9.567799
v 0.842092 3.516651 -9.625153
v 0.825101 4.414522 -9.430949
v 0.789692 5.231200 -9.026225
v 0.736034 5.913286 -8.412912
v 0.674038 6.489359 -7.704287
v 0.597525 6.855825 -6.829737
v 0.526932 7.205184 -6.022861
v 0.466039 7.636586 -5.326847
v 0.399077 7.930887 -4.561476
v 0.331199 8.149294 -3.785618
v 0.265196 8.359975 -3.031204
v 0.198488 8.499350 -2.268728
v 0.129628 8.434977 -1.481654
v 0.063731 8.358024 -0.728450
v 0.000000 8.452900 -0.000000
v 0.000000 -6.290000 -0.000000
v 0.091004 -5.990169 -0.516110
v 0.177286 -5.790079 -1.005437
v 0.268885 -5.778893 -1.524925
v 0.371694 -5.880972 -2.107980
v 0.473991 -5.853661 -2.688138
v 0.570981 -5.695243 -3.238196
v 0.644719 -5.302412 -3.656383
v 0.754722 -5.179686 -4.280243
v 0.934827 -5.383451 -5.301665
v 1.125541 -5.438819 -6.383260
v 1.230285 -4.960920 -6.977292
v 1.317437 -4.380250 -7.471555
v 1.486308 -3.991270 -8.429272
v 1.700489 -3.564260 -9.643951
v 1.847350 -2.850568 -10.476843
v 1.915689 -1.945242 -10.864412
v 1.920255 -0.967477 -10.890308
v 1.876251 0.000000 -10.640749
v 1.838190 0.926130 -10.424894
v 1.788081 1.815665 -10.140713
v 1.761229 2.717678 -9.988423
v 1.754631 3.677743 -9.951004
v 1.685093 4.525079 -9.556638
v 1.566141 5.207150 -8.882029
v 1.425259 5.747121 -8.083046
v 1.308393 6.322395 -7.420267
v 1.167153 6.721367 -6.619255
v 1.033390 7.092193 -5.860646
v 0.915807 7.531939 -5.193798
v 0.784134 7.821335 -4.447047
v 0.651613 8.047243 -3.695482
v 0.522809 8.271926 -2.964995
v 0.392817 8.442433 -2.227776
v 0.257745 8.417841 -1.461743
v 0.126899 8.352893 -0.719681
v 0.000000 8.452900 -0.000000
v 0.000000 -6.290000 -0.000000
v 0.137206 -6.059329 -0.512059
v 0.269589 -5.907271 -1.006119
v 0.414196 -5.972513 -1.545800
v 0.578124 -6.137039 -2.157588
v 0.752425 -6.234401 -2.808090
v 0.901072 -6.030092 -3.362847
v 1.029310 -5.679673 -3.841438
v 1.244756 -5.731583 -4.645494
v 1.592695 -6.153703 -5.944020
v 1.907793 -6.185127 -7.119982
v 2.127143 -5.754761 -7.938607
v 2.357377 -5.258625 -8.797851
v 2.609623 -4.701692 -9.739247
v 2.881021 -4.051502 -10.752117
v 3.089263 -3.198240 -11.529285
v 3.152646 -2.147820 -11.765836
v 3.115500 -1.053133 -11.627206
v 2.963413 0.000000 -11.059609
v 2.860624 0.966977 -10.675993
v 2.825206 1.924742 -10.543811
v 2.797230 2.895906 -10.439404
v 2.626441 3.693493 -9.802010
v 2.443590 4.402554 -9.119603
v 2.277929 5.081400 -8.501348
v 2.093784 5.664512 -7.814109
v 1.913702 6.204282 -7.142032
v 1.714747 6.625272 -6.399522
v 1.534707 7.066683 -5.727603
v 1.355527 7.479718 -5.058897
v 1.158675 7.754002 -4.324233
v 0.962909 7.978409 -3.593624
v 0.772928 8.204973 -2.884608
v 0.582056 8.392979 -2.172263
v 0.383395 8.401001 -1.430848
v 0.189043 8.348585 -0.705519
v 0.000000 8.452900 -0.000000
v 0.000000 -6.290000 -0.000000
v 0.183579 -6.135065 -0.504379
v 0.364377 -6.041993 -1.001117
v 0.563899 -6.153141 -1.549299
v 0.801076 -6.435109 -2.200937
v 1.042632 -6.537425 -2.864607
v 1.269083 -6.426861 -3.486776
v 1.487544 -6.211425 -4.086993
v 1.826725 -6.365140 -5.018886
v 2.326583 -6.802473 -6.392234
v 2.724225 -6.683513 -7.484746
v 3.097087 -6.340572 -8.509175
v 3.508289 -5.922200 -9.638945
v 3.881668 -5.292237 -10.664796
v 4.187536 -4.456283 -11.505161
v 4.401335 -3.448143 -12.092569
v 4.510613 -2.325427 -12.392809
v 4.468849 -1.143130 -12.278061
v 4.225864 0.000000 -11.610466
v 4.014705 1.026960 -11.030311
v 3.904027 2.012704 -10.726226
v 3.786128 2.966170 -10.402300
v 3.463211 3.685472 -9.515094
v 3.182782 4.339381 -8.744622
v 2.951674 4.982600 -8.109657
v 2.724969 5.578748 -7.486792
v 2.509304 6.156234 -6.894256
v 2.259822 6.607276 -6.208809
v 2.032787 7.083153 -5.585036
v 1.787652 7.464564 -4.911533
v 1.523512 7.715334 -4.185814
v 1.265114 7.932414 -3.475872
v 1.015051 8.153995 -2.788830
v 0.765347 8.351299 -2.102773
v 0.505692 8.385244 -1.389378
v 0.249706 8.344974 -0.686061
v 0.000000 8.452900 -0.000000
v 0.000000 -6.290000 -0.000000
v 0.229926 -6.218546 -0.493079
v 0.460217 -6.175828 -0.986938
v 0.718987 -6.349224 -1.541874
v 1.033063 -6.716030 -2.215411
v 1.345083 -6.825404 -2.884540
v 1.673230 -6.857536 -3.588254
v 2.004304 -6.773118 -4.298245
v 2.432469 -6.859392 -5.216448
v 3.027779 -7.164335 -6.493093
v 3.604084 -7.155833 -7.728984
v 4.128742 -6.840633 -8.854117
v 4.632018 -6.327925 -9.933394
v 5.137669 -5.668790 -11.017766
v 5.520283 -4.754217 -11.838286
v 5.818003 -3.688741 -12.476748
v 6.053742 -2.525774 -12.982291
v 6.005246 -1.243181 -12.878291
v 5.615625 0.000000 -12.042746
v 5.155268 1.067222 -11.055509
v 4.820340 2.011167 -10.337252
v 4.566844 2.895479 -9.793628
v 4.206494 3.622746 -9.020855
v 3.915663 4.320456 -8.397166
v 3.644372 4.978675 -7.815380
v 3.367515 5.579407 -7.221659
v 3.104401 6.163723 -6.657409
v 2.824376 6.683043 -6.056894
v 2.533728 7.144935 -5.433598
v 2.214444 7.483240 -4.748891
v 1.879964 7.704811 -4.031596
v 1.558397 7.907830 -3.341993
v 1.248802 8.118569 -2.678065
v 0.941962 8.318263 -2.020044
v 0.623818 8.371261 -1.337782
v 0.308446 8.342184 -0.661466
v 0.000000 8.452900 -0.000000
v 0.000000 -6.290000 -0.000000
v 0.275835 -6.305614 -0.477760
v 0.555744 -6.303557 -0.962576
v 0.880884 -6.575009 -1.525736
v 1.259506 -6.920930 -2.181529
v 1.661080 -7.124395 -2.877075
v 2.089650 -7.238760 -3.619380
v 2.518918 -7.194775 -4.362894
v 3.016892 -7.190783 -5.225409
v 3.737819 -7.475639 -6.474093
v 4.481360 -7.520615 -7.761943
v 5.037785 -7.054990 -8.725700
v 5.629165 -6.500000 -9.750000
v 6.117578 -5.705347 -10.595955
v 6.577848 -4.788282 -11.393168
v 7.002962 -3.752876 -12.129486
v 7.336818 -2.587358 -12.707741
v 7.371841 -1.289905 -12.768403
v 6.993050 0.000000 -12.112318
v 6.170081 1.079624 -10.686894
v 5.622464 1.982784 -9.738394
v 5.362458 2.873733 -9.288050
v 5.077206 3.695904 -8.793979
v 4.754105 4.433752 -8.234352
v 4.394776 5.074650 -7.611975
v 4.071329 5.701550 -7.051748
v 3.726147 6.253217 -6.453876
v 3.364597 6.729194 -5.827653
v 2.991583 7.130460 -5.181574
v 2.611462 7.459108 -4.523184
v 2.228000 7.718018 -3.859009
v 1.842193 7.901191 -3.190772
v 1.473389 8.096204 -2.551984
v 1.110987 8.292522 -1.924287
v 0.737006 8.359541 -1.276532
v 0.364827 8.339993 -0.631900
v 0.000000 8.452900 -0.000000
v 0.000000 -6.290000 -0.000000
v 0.320453 -6.385882 -0.457654
v 0.653021 -6.456794 -0.932610
v 1.047967 -6.818736 -1.496652
v 1.497519 -7.173238 -2.138679
v 1.990591 -7.442487 -2.842858
v 2.510286 -7.580407 -3.585060
v 3.069057 -7.641644 -4.383067
v 3.636221 -7.555190 -5.193061
v 4.368674 -7.616551 -6.239113
v 5.259966 -7.694939 -7.512010
v 6.061558 -7.399796 -8.656802
v 6.840518 -6.885525 -9.769272
v 7.601485 -6.179875 -10.856046
v 8.515972 -5.403918 -12.162068
v 9.141533 -4.270514 -13.055462
v 9.624269 -2.958661 -13.744880
v 9.572143 -1.460057 -13.670437
v 8.795537 0.000000 -12.561328
v 7.368180 1.123882 -10.522852
v 6.741775 2.072534 -9.628253
v 6.315968 2.950537 -9.020137
v 5.874942 3.728020 -8.390287
v 5.458286 4.437492 -7.795241
v 5.055468 5.088730 -7.219956
v 4.683639 5.717667 -6.688929
v 4.287020 6.271591 -6.122499
v 3.872318 6.751180 -5.530243
v 3.445350 7.158606 -4.920469
v 3.010976 7.497029 -4.300119
v 2.573129 7.770177 -3.674809
v 2.116131 7.911862 -3.022148
v 1.688230 8.086760 -2.411043
v 1.271670 8.274290 -1.816133
v 0.844533 8.350382 -1.206118
v 0.418437 8.338473 -0.597589
v 0.000000 8.452900 -0.000000
v 0.000000 -6.290000 -0.000000
v 0.363710 -6.467495 -0.433453
v 0.752099 -6.635733 -0.896317
v 1.214619 -7.052128 -1.447527
v 1.747295 -7.468489 -2.082345
v 2.333397 -7.784821 -2.780835
v 2.946988 -7.940933 -3.512084
v 3.645419 -8.099407 -4.344442
v 4.320911 -8.011140 -5.149461
v 4.978102 -7.744552 -5.932671
v 5.886935 -7.684847 -7.015775
v 7.000202 -7.625527 -8.342516
v 8.063816 -7.242900 -9.610082
v 9.238728 -6.702197 -11.010287
v 10.508245 -5.950159 -12.523238
v 11.436394 -4.767317 -13.629364
v 11.968425 -3.283131 -14.263413
v 12.032755 -1.637757 -14.340079
v 11.653932 0.000000 -13.888616
v 8.644612 1.176603 -10.302247
v 7.722871 2.118508 -9.203759
v 7.140179 2.976419 -8.509334
v 6.644251 3.762222 -7.918309
v 6.175172 4.479754 -7.359284
v 5.714789 5.133010 -6.810621
v 5.288491 5.760910 -6.302579
v 4.836036 6.312997 -5.763364
v 4.365657 6.791757 -5.202788
v 3.883973 7.201040 -4.628739
v 3.396071 7.545403 -4.047279
v 2.905668 7.829591 -3.462840
v 2.378736 7.936084 -2.834868
v 1.892195 8.087840 -2.255030
v 1.423192 8.263109 -1.696094
v 0.945646 8.343390 -1.126978
v 0.468881 8.337652 -0.558791
v 0.000000 8.452900 -0.000000
v 0.000000 -6.290000 -0.000000
v 0.405398 -6.553068 -0.405398
v 0.853394 -6.844562 -0.853394
v 1.378937 -7.277913 -1.378937
v 2.003902 -7.786199 -2.003902
v 2.687815 -8.151581 -2.687815
v 3.413805 -8.362081 -3.413805
v 4.268687 -8.621493 -4.268687
v 5.082028 -8.565220 -5.082028
v 5.811685 -8.218964 -5.811685
v 6.806745 -8.077333 -6.806745
v 8.109464 -8.030340 -8.109464
v 9.758492 -7.967775 -9.758492
v 11.269447 -7.431734 -11.269447
v 12.570145 -6.470252 -12.570145
v 13.873607 -5.257228 -13.873607
v 14.650215 -3.653236 -14.650215
v 14.899364 -1.843463 -14.899364
v 14.825590 0.000000 -14.825590
v 13.724011 1.698040 -13.724011
v 10.445464 2.604723 -10.445464
v 8.401056 3.183474 -8.401056
v 7.641325 3.933232 -7.641325
v 6.921249 4.564277 -6.921249
v 6.379721 5.209020 -6.379721
v 5.888744 5.831288 -5.888744
v 5.373242 6.376244 -5.373242
v 4.842942 6.848954 -4.842942
v 4.304905 7.255462 -4.304905
v 3.763897 7.601967 -3.763897
v 3.222828 7.894283 -3.222828
v 2.628466 7.971589 -2.628466
v 2.084206 8.098224 -2.084206
v 1.564855 8.259174 -1.564855
v 1.039706 8.338860 -1.039706
v 0.515793 8.337552 -0.515793
v 0.000000 8.452900 -0.000000
v 0.000000 -6.290000 -0.000000
v 0.445304 -6.644320 -0.373654
v 0.953397 -7.058314 -0.799995
v 1.542685 -7.515724 -1.294466
v 2.258122 -8.098929 -1.894789
v 3.048070 -8.532934 -2.557634
v 3.906673 -8.833113 -3.278088
v 4.890224 -9.116917 -4.103385
v 5.810661 -9.039784 -4.875724
v 6.595681 -8.610050 -5.534434
v 7.650250 -8.379829 -6.419322
v 9.322211 -8.521023 -7.822264
v 11.353998 -8.557250 -9.527136
v 12.991288 -7.908075 -10.900985
v 14.321990 -6.804799 -12.017577
v 15.981751 -5.590142 -13.410281
v 16.801689 -3.867388 -14.098291
v 17.200784 -1.964473 -14.433172
v 17.338114 0.000000 -14.548405
v 17.280226 1.973546 -14.499831
v 15.687732 3.610979 -13.163570
v 9.619247 3.364648 -8.071507
v 8.350217 3.967434 -7.006664
v 7.636992 4.648801 -6.408198
v 7.055374 5.317475 -5.920162
v 6.485033 5.927683 -5.441588
v 5.896608 6.458948 -4.947842
v 5.300841 6.919756 -4.447934
v 4.704406 7.318756 -3.947465
v 4.110833 7.663887 -3.449398
v 3.521366 7.961921 -2.954777
v 2.862062 8.012214 -2.401555
v 2.262576 8.114904 -1.898527
v 1.695658 8.260984 -1.422826
v 1.126007 8.336201 -0.944832
v 0.558831 8.338249 -0.468915
v 0.000000 8.452900 -0.000000
v 0.000000 -6.290000 -0.000000
v 0.483122 -6.741250 -0.338286
v 1.050630 -7.273889 -0.735659
v 1.702458 -7.756384 -1.192074
v 2.502125 -8.392254 -1.752007
v 3.403926 -8.911339 -2.383454
v 4.398621 -9.300637 -3.079948
v 5.464242 -9.526615 -3.826104
v 6.432485 -9.358382 -4.504075
v 7.264718 -8.868583 -5.086810
v 8.425786 -8.630966 -5.899799
v 10.475306 -8.954245 -7.334888
v 12.714728 -8.961525 -8.902948
v 14.538681 -8.276239 -10.180094
v 15.971797 -7.096679 -11.183573
v 17.583080 -5.751523 -12.311805
v 18.680316 -4.021041 -13.080098
v 19.272158 -2.058342 -13.494510
v 19.666079 0.000000 -13.770337
v 19.347348 2.066373 -13.547159
v 18.296162 3.938349 -12.811110
v 13.451082 4.399924 -9.418549
v 9.621889 4.275252 -6.737319
v 8.537645 4.860110 -5.978123
v 7.743044 5.457410 -5.421738
v 7.074359 6.047130 -4.953519
v 6.401160 6.557038 -4.482140
v 5.733902 6.999802 -4.014922
v 5.077356 7.386855 -3.555203
v 4.432438 7.727719 -3.103626
v 3.797606 8.029823 -2.659112
v 3.076613 8.054448 -2.154267
v 2.425976 8.136845 -1.698686
v 1.814829 8.268348 -1.270757
v 1.203941 8.335314 -0.843009
v 0.597693 8.339918 -0.418509
v 0.000000 8.452900 -0.000000
v 0.000000 -6.290000 -0.000000
v 0.518443 -6.842563 -0.299323
v 1.137412 -7.448495 -0.656685
v 1.857525 -8.004821 -1.072443
v 2.733435 -8.671859 -1.578149
v 3.742972 -9.268583 -2.161006
v 4.859788 -9.719576 -2.805800
v 5.959887 -9.828350 -3.440942
v 6.993673 -9.624123 -4.037799
v 7.782176 -8.986083 -4.493041
v 8.993286 -8.713674 -5.192276
v 11.344594 -9.172445 -6.549805
v 13.533975 -9.022650 -7.813844
v 15.908375 -8.565796 -9.184704
v 17.770819 -7.468660 -10.259987
v 19.242301 -5.953589 -11.109548
v 20.433451 -4.160350 -11.797258
v 21.078433 -2.129411 -12.169639
v 21.711776 0.000000 -12.535300
v 21.396392 2.161532 -12.353213
v 20.412982 4.156182 -11.785441
v 18.339114 5.674142 -10.588093
v 10.579370 4.446262 -6.108002
v 9.261650 4.986895 -5.347216
v 8.437260 5.624840 -4.871254
v 7.648225 6.183819 -4.415705
v 6.878030 6.664184 -3.971033
v 6.134165 7.083124 -3.541562
v 5.417168 7.454666 -3.127604
v 4.723497 7.789440 -2.727112
v 4.047513 8.095026 -2.336833
v 3.270358 8.098268 -1.888142
v 2.573073 8.163110 -1.485564
v 1.921316 8.279723 -1.109273
v 1.272983 8.336299 -0.734957
v 0.632103 8.342682 -0.364945
v 0.000000 8.452900 -0.000000
v 0.000000 -6.290000 -0.000000
v 0.550740 -6.945743 -0.256814
v 1.219945 -7.633885 -0.568869
v 2.010685 -8.279723 -0.937598
v 2.957492 -8.965654 -1.379101
v 4.061863 -9.611186 -1.894078
v 5.281758 -10.094002 -2.462924
v 6.416579 -10.111162 -2.992100
v 7.467618 -9.819579 -3.482208
v 8.230576 -9.081436 -3.837981
v 9.517130 -8.811378 -4.437910
v 11.736307 -9.067395 -5.472730
v 14.468816 -9.217150 -6.746920
v 17.164379 -8.831306 -8.003881
v 19.362748 -7.776016 -9.028998
v 20.902855 -6.179913 -9.747162
v 22.294328 -4.337480 -10.396016
v 23.067325 -2.226760 -10.756471
v 23.337244 0.000000 -10.882336
v 23.096054 2.229533 -10.769867
v 22.161965 4.311728 -10.334294
v 20.414893 6.035647 -9.519621
v 15.329713 6.156363 -7.148363
v 10.678119 5.494037 -4.979289
v 9.121846 5.810940 -4.253587
v 8.190697 6.328080 -3.819385
v 7.313663 6.771311 -3.410417
v 6.491016 7.162044 -3.026811
v 5.715884 7.516129 -2.665361
v 4.978180 7.844551 -2.321363
v 4.266830 8.154367 -1.989656
v 3.441474 8.143221 -1.604786
v 2.702522 8.192710 -1.260207
v 2.014291 8.294574 -0.939279
v 1.332644 8.339107 -0.621422
v 0.661827 8.346742 -0.308615
v 0.000000 8.452900 -0.000000
v 0.000000 -6.290000 -0.000000
v 0.578952 -7.042150 -0.210721
v 1.297444 -7.830403 -0.472231
v 2.162347 -8.587902 -0.787030
v 3.180385 -9.298822 -1.157565
v 4.368623 -9.969793 -1.590049
v 5.685187 -10.478994 -2.069239
v 6.919820 -10.516765 -2.518608
v 8.008436 -10.156600 -2.914832
v 8.668777 -9.225120 -3.155177
v 10.005986 -8.934857 -3.641881
v 12.441688 -9.270865 -4.528404
v 15.302082 -9.401650 -5.569502
v 17.964167 -8.914435 -6.538422
v 20.256706 -7.846010 -7.372838
v 21.994741 -6.271703 -8.005431
v 23.608765 -4.430025 -8.592888
v 24.751958 -2.304494 -9.008976
v 25.362868 0.000000 -9.231329
v 25.036818 2.331015 -9.112657
v 23.850391 4.475365 -8.680833
v 21.928073 6.252693 -7.981166
v 18.738791 7.258078 -6.820362
v 11.497285 5.705347 -4.184670
v 9.765572 6.000000 -3.554378
v 8.676819 6.465491 -3.158104
v 7.689607 6.866444 -2.798788
v 6.791417 7.227275 -2.471874
v 5.964519 7.564428 -2.170907
v 5.190319 7.888264 -1.889122
v 4.451277 8.204638 -1.620132
v 3.587902 8.188083 -1.305890
v 2.812581 8.223438 -1.023696
v 2.092801 8.311695 -0.761717
v 1.382541 8.343981 -0.503204
v 0.686650 8.352146 -0.249920
v 0.000000 8.452900 -0.000000
v 0.000000 -6.290000 -0.000000
v 0.602896 -7.134223 -0.161545
v 1.367203 -8.027316 -0.366341
v 2.305725 -8.908637 -0.617817
v 3.392579 -9.649844 -0.909039
v 4.656746 -10.338706 -1.247771
v 6.078885 -10.900359 -1.628832
v 7.448449 -11.012737 -1.995806
v 8.606089 -10.618142 -2.305995
v 9.100509 -9.421540 -2.438474
v 10.518218 -9.137174 -2.818348
v 13.001104 -9.424606 -3.483635
v 16.042375 -9.588800 -4.298541
v 18.381952 -8.874020 -4.925429
v 20.610721 -7.766320 -5.522626
v 22.514371 -6.245518 -6.032707
v 24.399452 -4.454050 -6.537813
v 26.099035 -2.363918 -6.993215
v 27.050270 0.000000 -7.248098
v 26.510859 2.401219 -7.103563
v 24.859572 4.538043 -6.661102
v 22.812552 6.328234 -6.112605
v 19.680719 7.415886 -5.273433
v 14.006818 6.761892 -3.753115
v 10.709500 6.401250 -2.869602
v 9.382359 6.801349 -2.513996
v 8.217531 7.138568 -2.201881
v 7.185724 7.439209 -1.925409
v 6.257051 7.719912 -1.676572
v 5.404494 7.990693 -1.448130
v 4.604724 8.256966 -1.233832
v 3.708241 8.232877 -0.993620
v 2.902068 8.254636 -0.777607
v 2.156275 8.331207 -0.577772
v 1.422361 8.351170 -0.381121
v 0.706411 8.359144 -0.189282
v 0.000000 8.452900 -0.000000
v 0.000000 -6.290000 -0.000000
v 0.622228 -7.221814 -0.109716
v 1.426310 -8.213789 -0.251497
v 2.427531 -9.199430 -0.428039
v 3.568685 -9.956137 -0.629255
v 4.895193 -10.659720 -0.863155
v 6.405190 -11.265258 -1.129408
v 7.864694 -11.405218 -1.386758
v 9.087414 -10.997028 -1.602356
v 9.761495 -9.912081 -1.721215
v 11.316098 -9.641814 -1.995333
v 13.839814 -9.840237 -2.440333
v 16.517590 -9.683550 -2.912497
v 18.652680 -8.832067 -3.288971
v 20.762369 -7.673461 -3.660966
v 22.689482 -6.173417 -4.000768
v 24.710326 -4.424312 -4.357097
v 26.801144 -2.380969 -4.725765
v 27.500166 0.000000 -4.849021
v 26.193524 2.326989 -4.618625
v 24.474072 4.382012 -4.315439
v 22.406628 6.096457 -3.950893
v 19.602544 7.244807 -3.456457
v 16.016879 7.584011 -2.824208
v 11.513725 6.750000 -2.030180
v 9.680487 6.882917 -1.706931
v 8.648350 7.368776 -1.524937
v 7.501020 7.616735 -1.322632
v 6.485458 7.848302 -1.143561
v 5.566628 8.072609 -0.981547
v 4.716047 8.294445 -0.831566
v 3.799803 8.274410 -0.670008
v 2.970250 8.286585 -0.523735
v 2.204122 8.352794 -0.388646
v 1.451790 8.360525 -0.255990
v 0.720964 8.367786 -0.127125
v 0.000000 8.452900 -0.000000
v 0.000000 -6.290000 -0.000000
v 0.636451 -7.302456 -0.055682
v 1.471872 -8.379286 -0.128772
v 2.517602 -9.431708 -0.220262
v 3.690545 -10.178422 -0.322881
v 5.054015 -10.879772 -0.442169
v 6.618070 -11.506620 -0.579006
v 8.112735 -11.630444 -0.709772
v 9.368038 -11.207039 -0.819597
v 10.268033 -10.307255 -0.898336
v 11.974073 -10.085820 -1.047596
v 14.316582 -10.062871 -1.252539
v 16.669064 -9.660650 -1.458354
v 18.775089 -8.788410 -1.642607
v 20.811749 -7.603792 -1.820792
v 22.712184 -6.108958 -1.987059
v 24.589147 -4.352292 -2.151272
v 26.384496 -2.317162 -2.308344
v 26.495492 0.000000 -2.318055
v 25.042716 2.199323 -2.190954
v 23.583659 4.174320 -2.063303
v 21.715851 5.840971 -1.899891
v 19.649232 7.179054 -1.719085
v 17.033862 7.973361 -1.490270
v 12.940949 7.500000 -1.132186
v 10.200437 7.169705 -0.892423
v 8.972784 7.557820 -0.785017
v 7.740483 7.770050 -0.677204
v 6.660244 7.967690 -0.582696
v 5.691303 8.159071 -0.497925
v 4.801657 8.348482 -0.420091
v 3.867483 8.325525 -0.338361
v 3.017745 8.322858 -0.264018
v 2.236035 8.376871 -0.195628
v 1.470704 8.372640 -0.128670
v 0.730202 8.378123 -0.063884
v 0.000000 8.452900 -0.000000
f 1 39 38
f 1 2 39
f 2 40 39
f 2 3 40
f 3 41 40
f 3 4 41
f 4 42 41
f 4 5 42
f 5 43 42
f 5 6 43
f 6 44 43
f 6 7 44
f 7 45 44
f 7 8 45
f 8 46 45
f 8 9 46
f 9 47 46
f 9 10 47
f 10 48 47
f 10 11 48
f 11 49 48
f 11 12 49
f 12 50 49
f 12 13 50
f 13 51 50
f 13 14 51
f 14 52 51
f 14 15 52
f 15 53 52
f 15 16 53
f 16 54 53
f 16 17 54
f 17 55 54
f 17 18 55
f 18 56 55
f 18 19 56
f 19 57 56
f 19 20 57
f 20 58 57
f 20 21 58
f 21 59 58
f 21 22 59
f 22 60 59
f 22 23 60
f 23 61 60
f 23 24 61
f 24 62 61
f 24 25 62
f 25 63 62
f 25 26 63
f 26 64 63
f 26 27 64
f 27 65 64
f 27 28 65
f 28 66 65
f 28 29 66
f 29 67 66
f 29 30 67
f 30 68 67
f 30 31 68
f 31 69 68
f 31 32 69
f 32 70 69
f 32 33 70
f 33 71 70
f 33 34 71
f 34 72 71
f 34 35 72
f 35 73 72
f 35 36 73
f 36 74 73
f 36 37 74
f 38 76 75
f 38 39 76
f 39 77 76
f 39 40 77
f 40 78 77
f 40 41 78
f 41 79 78
f 41 42 79
f 42 80 79
f 42 43 80
f 43 81 80
f 43 44 81
f 44 82 81
f 44 45 82
f 45 83 82
f 45 46 83
f 46 84 83
f 46 47 84
f 47 85 84
f 47 48 85
f 48 86 85
f 48 49 86
f 49 87 86
f 49 50 87
f 50 88 87
f 50 51 88
f 51 89 88
f 51 52 89
f 52 90 89
f 52 53 90
f 53 91 90
f 53 54 91
f 54 92 91
f 54 55 92
f 55 93 92
f 55 56 93
f 56 94 93
f 56 57 94
f 57 95 94
f 57 58 95
f 58 96 95
f 58 59 96
f 59 97 96
f 59 60 97
f 60 98 97
f 60 61 98
f 61 99 98
f 61 62 99
f 62 100 99
f 62 63 100
f 63 101 100
f 63 64 101
f 64 102 101
f 64 65 102
f 65 103 102
f 65 66 103
f 66 104 103
f 66 67 104
f 67 105 104
f 67 68 105
f 68 106 105
f 68 69 106
f 69 107 106
f 69 70 107
f 70 108 107
f 70 71 108
f 71 109 108
f 71 72 109
f 72 110 109
f 72 73 110
f 73 111 110
f 73 74 111
f 75 113 112
f 75 76 113
f 76 114 113
f 76 77 114
f 77 115 114
f 77 78 115
f 78 116 115
f 78 79 116
f 79 117 116
f 79 80 117
f 80 118 117
f 80 81 118
f 81 119 118
f 81 82 119
f 82 120 119
f 82 83 120
f 83 121 120
f 83 84 121
f 84 122 121
f 84 85 122
f 85 123 122
f 85 86 123
f 86 124 123
f 86 87 124
f 87 125 124
f 87 88 125
f 88 126 125
f 88 89 126
f 89 127 126
f 89 90 127
f 90 128 127
f 90 91 128
f 91 129 128
f 91 92 129
f 92 130 129
f 92 93 130
f 93 131 130
f 93 94 131
f 94 132 131
f 94 95 132
f 95 133 132
f 95 96 133
f 96 134 133
f 96 97 134
f 97 135 134
f 97 98 135
f 98 136 135
f 98 99 136
f 99 137 136
f 99 100 137
f 100 138 137
f 100 101 138
f 101 139 138
f 101 102 139
f 102 140 139
f 102 103 140
f 103 141 140
f 103 104 141
f 104 142 141
f 104 105 142
f 105 143 142
f 105 106 143
f 106 144 143
f 106 107 144
f 107 145 144
f 107 108 145
f 108 146 145
f 108 109 146
f 109 147 146
f 109 110 147
f 110 148 147
f 110 111 148
f 112 150 149
f 112 113 150
f 113 151 150
f 113 114 151
f 114 152 151
f 114 115 152
f 115 153 152
f 115 116 153
f 116 154 153
f 116 117 154
f 117 155 154
f 117 118 155
f 118 156 155
f 118 119 156
f 119 157 156
f 119 120 157
f 120 158 157
f 120 121 158
f 121 159 158
f 121 122 159
f 122 160 159
f 122 123 160
f 123 161 160
f 123 124 161
f 124 162 161
f 124 125 162
f 125 163 162
f 125 126 163
f 126 164 163
f 126 127 164
f 127 165 164
f 127 128 165
f 128 166 165
f 128 129 166
f 129 167 166
f 129 130 167
f 130 168 167
f 130 131 168
f 131 169 168
f 131 132 169
f 132 170 169
f 132 133 170
f 133 171 170
f 133 134 171
f 134 172 171
f 134 135 172
f 135 173 172
f 135 136 173
f 136 174 173
f 136 137 174
f 137 175 174
f 137 138 175
f 138 176 175
f 138 139 176
f 139 177 176
f 139 140 177
f 140 178 177
f 140 141 178
f 141 179 178
f 141 142 179
f 142 180 179
f 142 143 180
f 143 181 180
f 143 144 181
f 144 182 181
f 144 145 182
f 145 183 182
f 145 146 183
f 146 184 183
f 146 147 184
f 147 185 184
f 147 148 185
f 149 187 186
f 149 150 187
f 150 188 187
f 150 151 188
f 151 189 188
f 151 152 189
f 152 190 189
f 152 153 190
f 153 191 190
f 153 154 191
f 154 192 191
f 154 155 192
f 155 193 192
f 155 156 193
f 156 194 193
f 156 157 194
f 157 195 194
f 157 158 195
f 158 196 195
f 158 159 196
f 159 197 196
f 159 160 197
f 160 198 197
f 160 161 198
f 161 199 198
f 161 162 199
f 162 200 199
f 162 163 200
f 163 201 200
f 163 164 201
f 164 202 201
f 164 165 202
f 165 203 202
f 165 166 203
f 166 204 203
f 166 167 204
f 167 205 204
f 167 168 205
f 168 206 205
f 168 169 206
f 169 207 206
f 169 170 207
f 170 208 207
f 170 171 208
f 171 209 208
f 171 172 209
f 172 210 209
f 172 173 210
f 173 211 210
f 173 174 211
f 174 212 211
f 174 175 212
f 175 213 212
f 175 176 213
f 176 214 213
f 176 177 214
f 177 215 214
f 177 178 215
f 178 216 215
f 178 179 216
f 179 217 216
f 179 180 217
f 180 218 217
f 180 181 218
f 181 219 218
f 181 182 219
f 182 220 219
f 182 183 220
f 183 221 220
f 183 184 221
f 184 222 221
f 184 185 222
f 186 224 223
f 186 187 224
f 187 225 224
f 187 188 225
f 188 226 225
f 188 189 226
f 189 227 226
f 189 190 227
f 190 228 227
f 190 191 228
f 191 229 228
f 191 192 229
f 192 230 229
f 192 193 230
f 193 231 230
f 193 194 231
f 194 232 231
f 194 195 232
f 195 233 232
f 195 196 233
f 196 234 233
f 196 197 234
f 197 235 234
f 197 198 235
f 198 236 235
f 198 199 236
f 199 237 236
f 199 200 237
f 200 238 237
f 200 201 238
f 201 239 238
f 201 202 239
f 202 240 239
f 202 203 240
f 203 241 240
f 203 204 241
f 204 242 241
f 204 205 242
f 205 243 242
f 205 206 243
f 206 244 243
f 206 207 244
f 207 245 244
f 207 208 245
f 208 246 245
f 208 209 246
f 209 247 246
f 209 210 247
f 210 248 247
f 210 211 248
f 211 249 248
f 211 212 249
f 212 250 249
f 212 213 250
f 213 251 250
f 213 214 251
f 214 252 251
f 214 215 252
f 215 253 252
f 215 216 253
f 216 254 253
f 216 217 254
f 217 255 254
f 217 218 255
f 218 256 255
f 218 219 256
f 219 257 256
f 219 220 257
f 220 258 257
f 220 221 258
f 221 259 258
f 221 222 259
f 223 261 260
f 223 224 261
f 224 262 261
f 224 225 262
f 225 263 262
f 225 226 263
f 226 264 263
f 226 227 264
f 227 265 264
f 227 228 265
f 228 266 265
f 228 229 266
f 229 267 266
f 229 230 267
f 230 268 267
f 230 231 268
f 231 269 268
f 231 232 269
f 232 270 269
f 232 233 270
f 233 271 270
f 233 234 271
f 234 272 271
f 234 235 272
f 235 273 272
f 235 236 273
f 236 274 273
f 236 237 274
f 237 275 274
f 237 238 275
f 238 276 275
f 238 239 276
f 239 277 276
f 239 240 277
f 240 278 277
f 240 241 278
f 241 279 278
f 241 242 279
f 242 280 279
f 242 243 280
f 243 281 280
f 243 244 281
f 244 282 281
f 244 245 282
f 245 283 282
f 245 246 283
f 246 284 283
f 246 247 284
f 247 285 284
f 247 248 285
f 248 286 285
f 248 249 286
f 249 287 286
f 249 250 287
f 250 288 287
f 250 251 288
f 251 289 288
f 251 252 289
f 252 290 289
f 252 253 290
f 253 291 290
f 253 254 291
f 254 292 291
f 254 255 292
f 255 293 292
f 255 256 293
f 256 294 293
f 256 257 294
f 257 295 294
f 257 258 295
f 258 296 295
f 258 259 296
f 260 298 297
f 260 261 298
f 261 299 298
f 261 262 299
f 262 300 299
f 262 263 300
f 263 301 300
f 263 264 301
f 264 302 301
f 264 265 302
f 265 303 302
f 265 266 303
f 266 304 303
f 266 267 304
f 267 305 304
f 267 268 305
f 268 306 305
f 268 269 306
f 269 307 306
f 269 270 307
f 270 308 307
f 270 271 308
f 271 309 308
f 271 272 309
f 272 310 309
f 272 273 310
f 273 311 310
f 273 274 311
f 274 312 311
f 274 275 312
f 275 313 312
f 275 276 313
f 276 314 313
f 276 277 314
f 277 315 314
f 277 278 315
f 278 316 315
f 278 279 316
f 279 317 316
f 279 280 317
f 280 318 317
f 280 281 318
f 281 319 318
f 281 282 319
f 282 320 319
f 282 283 320
f 283 321 320
f 283 284 321
f 284 322 321
f 284 285 322
f 285 323 322
f 285 286 323
f 286 324 323
f 286 287 324
f 287 325 324
f 287 288 325
f 288 326 325
f 288 289 326
f 289 327 326
f 289 290 327
f 290 328 327
f 290 291 328
f 291 329 328
f 291 292 329
f 292 330 329
f 292 293 330
f 293 331 330
f 293 294 331
f 294 332 331
f 294 295 332
f 295 333 332
f 295 296 333
f 297 335 334
f 297 298 335
f 298 336 335
f 298 299 336
f 299 337 336
f 299 300 337
f 300 338 337
f 300 301 338
f 301 339 338
f 301 302 339
f 302 340 339
f 302 303 340
f 303 341 340
f 303 304 341
f 304 342 341
f 304 305 342
f 305 343 342
f 305 306 343
f 306 344 343
f 306 307 344
f 307 345 344
f 307 308 345
f 308 346 345
f 308 309 346
f 309 347 346
f 309 310 347
f 310 348 347
f 310 311 348
f 311 349 348
f 311 312 349
f 312 350 349
f 312 313 350
f 313 351 350
f 313 314 351
f 314 352 351
f 314 315 352
f 315 353 352
f 315 316 353
f 316 354 353
f 316 317 354
f 317 355 354
f 317 318 355
f 318 356 355
f 318 319 356
f 319 357 356
f 319 320 357
f 320 358 357
f 320 321 358
f 321 359 358
f 321 322 359
f 322 360 359
f 322 323 360
f 323 361 360
f 323 324 361
f 324 362 361
f 324 325 362
f 325 363 362
f 325 326 363
f 326 364 363
f 326 327 364
f 327 365 364
f 327 328 365
f 328 366 365
f 328 329 366
f 329 367 366
f 329 330 367
f 330 368 367
f 330 331 368
f 331 369 368
f 331 332 369
f 332 370 369
f 332 333 370
f 334 372 371
f 334 335 372
f 335 373 372
f 335 336 373
f 336 374 373
f 336 337 374
f 337 375 374
f 337 338 375
f 338 376 375
f 338 339 376
f 339 377 376
f 339 340 377
f 340 378 377
f 340 341 378
f 341 379 378
f 341 342 379
f 342 380 379
f 342 343 380
f 343 381 380
f 343 344 381
f 344 382 381
f 344 345 382
f 345 383 382
f 345 346 383
f 346 384 383
f 346 347 384
f 347 385 384
f 347 348 385
f 348 386 385
f 348 349 386
f 349 387 386
f 349 350 387
f 350 388 387
f 350 351 388
f 351 389 388
f 351 352 389
f 352 390 389
f 352 353 390
f 353 391 390
f 353 354 391
f 354 392 391
f 354 355 392
f 355 393 392
f 355 356 393
f 356 394 393
f 356 357 394
f 357 395 394
f 357 358 395
f 358 396 395
f 358 359 396
f 359 397 396
f 359 360 397
f 360 398 397
f 360 361 398
f 361 399 398
f 361 362 399
f 362 400 399
f 362 363 400
f 363 401 400
f 363 364 401
f 364 402 401
f 364 365 402
f 365 403 402
f 365 366 403
f 366 404 403
f 366 367 404
f 367 405 404
f 367 368 405
f 368 406 405
f 368 369 406
f 369 407 406
f 369 370 407
f 371 409 408
f 371 372 409
f 372 410 409
f 372 373 410
f 373 411 410
f 373 374 411
f 374 412 411
f 374 375 412
f 375 413 412
f 375 376 413
f 376 414 413
f 376 377 414
f 377 415 414
f 377 378 415
f 378 416 415
f 378 379 416
f 379 417 416
f 379 380 417
f 380 418 417
f 380 381 418
f 381 419 418
f 381 382 419
f 382 420 419
f 382 383 420
f 383 421 420
f 383 384 421
f 384 422 421
f 384 385 422
f 385 423 422
f 385 386 423
f 386 424 423
f 386 387 424
f 387 425 424
f 387 388 425
f 388 426 425
f 388 389 426
f 389 427 426
f 389 390 427
f 390 428 427
f 390 391 428
f 391 429 428
f 391 392 429
f 392 430 429
f 392 393 430
f 393 431 430
f 393 394 431
f 394 432 431
f 394 395 432
f 395 433 432
f 395 396 433
f 396 434 433
f 396 397 434
f 397 435 434
f 397 398 435
f 398 436 435
f 398 399 436
f 399 437 436
f 399 400 437
f 400 438 437
f 400 401 438
f 401 439 438
f 401 402 439
f 402 440 439
f 402 403 440
f 403 441 440
f 403 404 441
f 404 442 441
f 404 405 442
f 405 443 442
f 405 406 443
f 406 444 443
f 406 407 444
f 408 446 445
f 408 409 446
f 409 447 446
f 409 410 447
f 410 448 447
f 410 411 448
f 411 449 448
f 411 412 449
f 412 450 449
f 412 413 450
f 413 451 450
f 413 414 451
f 414 452 451
f 414 415 452
f 415 453 452
f 415 416 453
f 416 454 453
f 416 417 454
f 417 455 454
f 417 418 455
f 418 456 455
f 418 419 456
f 419 457 456
f 419 420 457
f 420 458 457
f 420 421 458
f 421 459 458
f 421 422 459
f 422 460 459
f 422 423 460
f 423 461 460
f 423 424 461
f 424 462 461
f 424 425 462
f 425 463 462
f 425 426 463
f 426 464 463
f 426 427 464
f 427 465 464
f 427 428 465
f 428 466 465
f 428 429 466
f 429 467 466
f 429 430 467
f 430 468 467
f 430 431 468
f 431 469 468
f 431 432 469
f 432 470 469
f 432 433 470
f 433 471 470
f 433 434 471
f 434 472 471
f 434 435 472
f 435 473 472
f 435 436 473
f 436 474 473
f 436 437 474
f 437 475 474
f 437 438 475
f 438 476 475
f 438 439 476
f 439 477 476
f 439 440 477
f 440 478 477
f 440 441 478
f 441 479 478
f 441 442 479
f 442 480 479
f 442 443 480
f 443 481 480
f 443 444 481
f 445 483 482
f 445 446 483
f 446 484 483
f 446 447 484
f 447 485 484
f 447 448 485
f 448 486 485
f 448 449 486
f 449 487 486
f 449 450 487
f 450 488 487
f 450 451 488
f 451 489 488
f 451 452 489
f 452 490 489
f 452 453 490
f 453 491 490
f 453 454 491
f 454 492 491
f 454 455 492
f 455 493 492
f 455 456 493
f 456 494 493
f 456 457 494
f 457 495 494
f 457 458 495
f 458 496 495
f 458 459 496
f 459 497 496
f 459 460 497
f 460 498 497
f 460 461 498
f 461 499 498
f 461 462 499
f 462 500 499
f 462 463 500
f 463 501 500
f 463 464 501
f 464 502 501
f 464 465 502
f 465 503 502
f 465 466 503
f 466 504 503
f 466 467 504
f 467 505 504
f 467 468 505
f 468 506 505
f 468 469 506
f 469 507 506
f 469 470 507
f 470 508 507
f 470 471 508
f 471 509 508
f 471 472 509
f 472 510 509
f 472 473 510
f 473 511 510
f 473 474 511
f 474 512 511
f 474 475 512
f 475 513 512
f 475 476 513
f 476 514 513
f 476 477 514
f 477 515 514
f 477 478 515
f 478 516 515
f 478 479 516
f 479 517 516
f 479 480 517
f 480 518 517
f 480 481 518
f 482 520 519
f 482 483 520
f 483 521 520
f 483 484 521
f 484 522 521
f 484 485 522
f 485 523 522
f 485 486 523
f 486 524 523
f 486 487 524
f 487 525 524
f 487 488 525
f 488 526 525
f 488 489 526
f 489 527 526
f 489 490 527
f 490 528 527
f 490 491 528
f 491 529 528
f 491 492 529
f 492 530 529
f 492 493 530
f 493 531 530
f 493 494 531
f 494 532 531
f 494 495 532
f 495 533 532
f 495 496 533
f 496 534 533
f 496 497 534
f 497 535 534
f 497 498 535
f 498 536 535
f 498 499 536
f 499 537 536
f 499 500 537
f 500 538 537
f 500 501 538
f 501 539 538
f 501 502 539
f 502 540 539
f 502 503 540
f 503 541 540
f 503 504 541
f 504 542 541
f 504 505 542
f 505 543 542
f 505 506 543
f 506 544 543
f 506 507 544
f 507 545 544
f 507 508 545
f 508 546 545
f 508 509 546
f 509 547 546
f 509 510 547
f 510 548 547
f 510 511 548
f 511 549 548
f 511 512 549
f 512 550 549
f 512 513 550
f 513 551 550
f 513 514 551
f 514 552 551
f 514 515 552
f 515 553 552
f 515 516 553
f 516 554 553
f 516 517 554
f 517 555 554
f 517 518 555
f 519 557 556
f 519 520 557
f 520 558 557
f 520 521 558
f 521 559 558
f 521 522 559
f 522 560 559
f 522 523 560
f 523 561 560
f 523 524 561
f 524 562 561
f 524 525 562
f 525 563 562
f 525 526 563
f 526 564 563
f 526 527 564
f 527 565 564
f 527 528 565
f 528 566 565
f 528 529 566
f 529 567 566
f 529 530 567
f 530 568 567
f 530 531 568
f 531 569 568
f 531 532 569
f 532 570 569
f 532 533 570
f 533 571 570
f 533 534 571
f 534 572 571
f 534 535 572
f 535 573 572
f 535 536 573
f 536 574 573
f 536 537 574
f 537 575 574
f 537 538 575
f 538 576 575
f 538 539 576
f 539 577 576
f 539 540 577
f 540 578 577
f 540 541 578
f 541 579 578
f 541 542 579
f 542 580 579
f 542 543 580
f 543 581 580
f 543 544 581
f 544 582 581
f 544 545 582
f 545 583 582
f 545 546 583
f 546 584 583
f 546 547 584
f 547 585 584
f 547 548 585
f 548 586 585
f 548 549 586
f 549 587 586
f 549 550 587
f 550 588 587
f 550 551 588
f 551 589 588
f 551 552 589
f 552 590 589
f 552 553 590
f 553 591 590
f 553 554 591
f 554 592 591
f 554 555 592
f 556 594 593
f 556 557 594
f 557 595 594
f 557 558 595
f 558 596 595
f 558 559 596
f 559 597 596
f 559 560 597
f 560 598 597
f 560 561 598
f 561 599 598
f 561 562 599
f 562 600 599
f 562 563 600
f 563 601 600
f 563 564 601
f 564 602 601
f 564 565 602
f 565 603 602
f 565 566 603
f 566 604 603
f 566 567 604
f 567 605 604
f 567 568 605
f 568 606 605
f 568 569 606
f 569 607 606
f 569 570 607
f 570 608 607
f 570 571 608
f 571 609 608
f 571 572 609
f 572 610 609
f 572 573 610
f 573 611 610
f 573 574 611
f 574 612 611
f 574 575 612
f 575 613 612
f 575 576 613
f 576 614 613
f 576 577 614
f 577 615 614
f 577 578 615
f 578 616 615
f 578 579 616
f 579 617 616
f 579 580 617
f 580 618 617
f 580 581 618
f 581 619 618
f 581 582 619
f 582 620 619
f 582 583 620
f 583 621 620
f 583 584 621
f 584 622 621
f 584 585 622
f 585 623 622
f 585 586 623
f 586 624 623
f 586 587 624
f 587 625 624
f 587 588 625
f 588 626 625
f 588 589 626
f 589 627 626
f 589 590 627
f 590 628 627
f 590 591 628
f 591 629 628
f 591 592 629
f 593 631 630
f 593 594 631
f 594 632 631
f 594 595 632
f 595 633 632
f 595 596 633
f 596 634 633
f 596 597 634
f 597 635 634
f 597 598 635
f 598 636 635
f 598 599 636
f 599 637 636
f 599 600 637
f 600 638 637
f 600 601 638
f 601 639 638
f 601 602 639
f 602 640 639
f 602 603 640
f 603 641 640
f 603 604 641
f 604 642 641
f 604 605 642
f 605 643 642
f 605 606 643
f 606 644 643
f 606 607 644
f 607 645 644
f 607 608 645
f 608 646 645
f 608 609 646
f 609 647 646
f 609 610 647
f 610 648 647
f 610 611 648
f 611 649 648
f 611 612 649
f 612 650 649
f 612 613 650
f 613 651 650
f 613 614 651
f 614 652 651
f 614 615 652
f 615 653 652
f 615 616 653
f 616 654 653
f 616 617 654
f 617 655 654
f 617 618 655
f 618 656 655
f 618 619 656
f 619 657 656
f 619 620 657
f 620 658 657
f 620 621 658
f 621 659 658
f 621 622 659
f 622 660 659
f 622 623 660
f 623 661 660
f 623 624 661
f 624 662 661
f 624 625 662
f 625 663 662
f 625 626 663
f 626 664 663
f 626 627 664
f 627 665 664
f 627 628 665
f 628 666 665
f 628 629 666
f 630 668 667
f 630 631 668
f 631 669 668
f 631 632 669
f 632 670 669
f 632 633 670
f 633 671 670
f 633 634 671
f 634 672 671
f 634 635 672
f 635 673 672
f 635 636 673
f 636 674 673
f 636 637 674
f 637 675 674
f 637 638 675
f 638 676 675
f 638 639 676
f 639 677 676
f 639 640 677
f 640 678 677
f 640 641 678
f 641 679 678
f 641 642 679
f 642 680 679
f 642 643 680
f 643 681 680
f 643 644 681
f 644 682 681
f 644 645 682
f 645 683 682
f 645 646 683
f 646 684 683
f 646 647 684
f 647 685 684
f 647 648 685
f 648 686 685
f 648 649 686
f 649 687 686
f 649 650 687
f 650 688 687
f 650 651 688
f 651 689 688
f 651 652 689
f 652 690 689
f 652 653 690
f 653 691 690
f 653 654 691
f 654 692 691
f 654 655 692
f 655 693 692
f 655 656 693
f 656 694 693
f 656 657 694
f 657 695 694
f 657 658 695
f 658 696 695
f 658 659 696
f 659 697 696
f 659 660 697
f 660 698 697
f 660 661 698
f 661 699 698
f 661 662 699
f 662 700 699
f 662 663 700
f 663 701 700
f 663 664 701
f 664 702 701
f 664 665 702
f 665 703 702
f 665 666 703
f 667 705 704
f 667 668 705
f 668 706 705
f 668 669 706
f 669 707 706
f 669 670 707
f 670 708 707
f 670 671 708
f 671 709 708
f 671 672 709
f 672 710 709
f 672 673 710
f 673 711 710
f 673 674 711
f 674 712 711
f 674 675 712
f 675 713 712
f 675 676 713
f 676 714 713
f 676 677 714
f 677 715 714
f 677 678 715
f 678 716 715
f 678 679 716
f 679 717 716
f 679 680 717
f 680 718 717
f 680 681 718
f 681 719 718
f 681 682 719
f 682 720 719
f 682 683 720
f 683 721 720
f 683 684 721
f 684 722 721
f 684 685 722
f 685 723 722
f 685 686 723
f 686 724 723
f 686 687 724
f 687 725 724
f 687 688 725
f 688 726 725
f 688 689 726
f 689 727 726
f 689 690 727
f 690 728 727
f 690 691 728
f 691 729 728
f 691 692 729
f 692 730 729
f 692 693 730
f 693 731 730
f 693 694 731
f 694 732 731
f 694 695 732
f 695 733 732
f 695 696 733
f 696 734 733
f 696 697 734
f 697 735 734
f 697 698 735
f 698 736 735
f 698 699 736
f 699 737 736
f 699 700 737
f 700 738 737
f 700 701 738
f 701 739 738
f 701 702 739
f 702 740 739
f 702 703 740
f 704 742 741
f 704 705 742
f 705 743 742
f 705 706 743
f 706 744 743
f 706 707 744
f 707 745 744
f 707 708 745
f 708 746 745
f 708 709 746
f 709 747 746
f 709 710 747
f 710 748 747
f 710 711 748
f 711 749 748
f 711 712 749
f 712 750 749
f 712 713 750
f 713 751 750
f 713 714 751
f 714 752 751
f 714 715 752
f 715 753 752
f 715 716 753
f 716 754 753
f 716 717 754
f 717 755 754
f 717 718 755
f 718 756 755
f 718 719 756
f 719 757 756
f 719 720 757
f 720 758 757
f 720 721 758
f 721 759 758
f 721 722 759
f 722 760 759
f 722 723 760
f 723 761 760
f 723 724 761
f 724 762 761
f 724 725 762
f 725 763 762
f 725 726 763
f 726 764 763
f 726 727 764
f 727 765 764
f 727 728 765
f 728 766 765
f 728 729 766
f 729 767 766
f 729 730 767
f 730 768 767
f 730 731 768
f 731 769 768
f 731 732 769
f 732 770 769
f 732 733 770
f 733 771 770
f 733 734 771
f 734 772 771
f 734 735 772
f 735 773 772
f 735 736 773
f 736 774 773
f 736 737 774
f 737 775 774
f 737 738 775
f 738 776 775
f 738 739 776
f 739 777 776
f 739 740 777
f 741 779 778
f 741 742 779
f 742 780 779
f 742 743 780
f 743 781 780
f 743 744 781
f 744 782 781
f 744 745 782
f 745 783 782
f 745 746 783
f 746 784 783
f 746 747 784
f 747 785 784
f 747 748 785
f 748 786 785
f 748 749 786
f 749 787 786
f 749 750 787
f 750 788 787
f 750 751 788
f 751 789 788
f 751 752 789
f 752 790 789
f 752 753 790
f 753 791 790
f 753 754 791
f 754 792 791
f 754 755 792
f 755 793 792
f 755 756 793
f 756 794 793
f 756 757 794
f 757 795 794
f 757 758 795
f 758 796 795
f 758 759 796
f 759 797 796
f 759 760 797
f 760 798 797
f 760 761 798
f 761 799 798
f 761 762 799
f 762 800 799
f 762 763 800
f 763 801 800
f 763 764 801
f 764 802 801
f 764 765 802
f 765 803 802
f 765 766 803
f 766 804 803
f 766 767 804
f 767 805 804
f 767 768 805
f 768 806 805
f 768 769 806
f 769 807 806
f 769 770 807
f 770 808 807
f 770 771 808
f 771 809 808
f 771 772 809
f 772 810 809
f 772 773 810
f 773 811 810
f 773 774 811
f 774 812 811
f 774 775 812
f 775 813 812
f 775 776 813
f 776 814 813
f 776 777 814
f 778 816 815
f 778 779 816
f 779 817 816
f 779 780 817
f 780 818 817
f 780 781 818
f 781 819 818
f 781 782 819
f 782 820 819
f 782 783 820
f 783 821 820
f 783 784 821
f 784 822 821
f 784 785 822
f 785 823 822
f 785 786 823
f 786 824 823
f 786 787 824
f 787 825 824
f 787 788 825
f 788 826 825
f 788 789 826
f 789 827 826
f 789 790 827
f 790 828 827
f 790 791 828
f 791 829 828
f 791 792 829
f 792 830 829
f 792 793 830
f 793 831 830
f 793 794 831
f 794 832 831
f 794 795 832
f 795 833 832
f 795 796 833
f 796 834 833
f 796 797 834
f 797 835 834
f 797 798 835
f 798 836 835
f 798 799 836
f 799 837 836
f 799 800 837
f 800 838 837
f 800 801 838
f 801 839 838
f 801 802 839
f 802 840 839
f 802 803 840
f 803 841 840
f 803 804 841
f 804 842 841
f 804 805 842
f 805 843 842
f 805 806 843
f 806 844 843
f 806 807 844
f 807 845 844
f 807 808 845
f 808 846 845
f 808 809 846
f 809 847 846
f 809 810 847
f 810 848 847
f 810 811 848
f 811 849 848
f 811 812 849
f 812 850 849
f 812 813 850
f 813 851 850
f 813 814 851
f 815 853 852
f 815 816 853
f 816 854 853
f 816 817 854
f 817 855 854
f 817 818 855
f 818 856 855
f 818 819 856
f 819 857 856
f 819 820 857
f 820 858 857
f 820 821 858
f 821 859 858
f 821 822 859
f 822 860 859
f 822 823 860
f 823 861 860
f 823 824 861
f 824 862 861
f 824 825 862
f 825 863 862
f 825 826 863
f 826 864 863
f 826 827 864
f 827 865 864
f 827 828 865
f 828 866 865
f 828 829 866
f 829 867 866
f 829 830 867
f 830 868 867
f 830 831 868
f 831 869 868
f 831 832 869
f 832 870 869
f 832 833 870
f 833 871 870
f 833 834 871
f 834 872 871
f 834 835 872
f 835 873 872
f 835 836 873
f 836 874 873
f 836 837 874
f 837 875 874
f 837 838 875
f 838 876 875
f 838 839 876
f 839 877 876
f 839 840 877
f 840 878 877
f 840 841 878
f 841 879 878
f 841 842 879
f 842 880 879
f 842 843 880
f 843 881 880
f 843 844 881
f 844 882 881
f 844 845 882
f 845 883 882
f 845 846 883
f 846 884 883
f 846 847 884
f 847 885 884
f 847 848 885
f 848 886 885
f 848 849 886
f 849 887 886
f 849 850 887
f 850 888 887
f 850 851 888
f 852 890 889
f 852 853 890
f 853 891 890
f 853 854 891
f 854 892 891
f 854 855 892
f 855 893 892
f 855 856 893
f 856 894 893
f 856 857 894
f 857 895 894
f 857 858 895
f 858 896 895
f 858 859 896
f 859 897 896
f 859 860 897
f 860 898 897
f 860 861 898
f 861 899 898
f 861 862 899
f 862 900 899
f 862 863 900
f 863 901 900
f 863 864 901
f 864 902 901
f 864 865 902
f 865 903 902
f 865 866 903
f 866 904 903
f 866 867 904
f 867 905 904
f 867 868 905
f 868 906 905
f 868 869 906
f 869 907 906
f 869 870 907
f 870 908 907
f 870 871 908
f 871 909 908
f 871 872 909
f 872 910 909
f 872 873 910
f 873 911 910
f 873 874 911
f 874 912 911
f 874 875 912
f 875 913 912
f 875 876 913
f 876 914 913
f 876 877 914
f 877 915 914
f 877 878 915
f 878 916 915
f 878 879 916
f 879 917 916
f 879 880 917
f 880 918 917
f 880 881 918
f 881 919 918
f 881 882 919
f 882 920 919
f 882 883 920
f 883 921 920
f 883 884 921
f 884 922 921
f 884 885 922
f 885 923 922
f 885 886 923
f 886 924 923
f 886 887 924
f 887 925 924
f 887 888 925
f 889 927 926
f 889 890 927
f 890 928 927
f 890 891 928
f 891 929 928
f 891 892 929
f 892 930 929
f 892 893 930
f 893 931 930
f 893 894 931
f 894 932 931
f 894 895 932
f 895 933 932
f 895 896 933
f 896 934 933
f 896 897 934
f 897 935 934
f 897 898 935
f 898 936 935
f 898 899 936
f 899 937 936
f 899 900 937
f 900 938 937
f 900 901 938
f 901 939 938
f 901 902 939
f 902 940 939
f 902 903 940
f 903 941 940
f 903 904 941
f 904 942 941
f 904 905 942
f 905 943 942
f 905 906 943
f 906 944 943
f 906 907 944
f 907 945 944
f 907 908 945
f 908 946 945
f 908 909 946
f 909 947 946
f 909 910 947
f 910 948 947
f 910 911 948
f 911 949 948
f 911 912 949
f 912 950 949
f 912 913 950
f 913 951 950
f 913 914 951
f 914 952 951
f 914 915 952
f 915 953 952
f 915 916 953
f 916 954 953
f 916 917 954
f 917 955 954
f 917 918 955
f 918 956 955
f 918 919 956
f 919 957 956
f 919 920 957
f 920 958 957
f 920 921 958
f 921 959 958
f 921 922 959
f 922 960 959
f 922 923 960
f 923 961 960
f 923 924 961
f 924 962 961
f 924 925 962
f 926 964 963
f 926 927 964
f 927 965 964
f 927 928 965
f 928 966 965
f 928 929 966
f 929 967 966
f 929 930 967
f 930 968 967
f 930 931 968
f 931 969 968
f 931 932 969
f 932 970 969
f 932 933 970
f 933 971 970
f 933 934 971
f 934 972 971
f 934 935 972
f 935 973 972
f 935 936 973
f 936 974 973
f 936 937 974
f 937 975 974
f 937 938 975
f 938 976 975
f 938 939 976
f 939 977 976
f 939 940 977
f 940 978 977
f 940 941 978
f 941 979 978
f 941 942 979
f 942 980 979
f 942 943 980
f 943 981 980
f 943 944 981
f 944 982 981
f 944 945 982
f 945 983 982
f 945 946 983
f 946 984 983
f 946 947 984
f 947 985 984
f 947 948 985
f 948 986 985
f 948 949 986
f 949 987 986
f 949 950 987
f 950 988 987
f 950 951 988
f 951 989 988
f 951 952 989
f 952 990 989
f 952 953 990
f 953 991 990
f 953 954 991
f 954 992 991
f 954 955 992
f 955 993 992
f 955 956 993
f 956 994 993
f 956 957 994
f 957 995 994
f 957 958 995
f 958 996 995
f 958 959 996
f 959 997 996
f 959 960 997
f 960 998 997
f 960 961 998
f 961 999 998
f 961 962 999
f 963 1001 1000
f 963 964 1001
f 964 1002 1001
f 964 965 1002
f 965 1003 1002
f 965 966 1003
f 966 1004 1003
f 966 967 1004
f 967 1005 1004
f 967 968 1005
f 968 1006 1005
f 968 969 1006
f 969 1007 1006
f 969 970 1007
f 970 1008 1007
f 970 971 1008
f 971 1009 1008
f 971 972 1009
f 972 1010 1009
f 972 973 1010
f 973 1011 1010
f 973 974 1011
f 974 1012 1011
f 974 975 1012
f 975 1013 1012
f 975 976 1013
f 976 1014 1013
f 976 977 1014
f 977 1015 1014
f 977 978 1015
f 978 1016 1015
f 978 979 1016
f 979 1017 1016
f 979 980 1017
f 980 1018 1017
f 980 981 1018
f 981 1019 1018
f 981 982 1019
f 982 1020 1019
f 982 983 1020
f 983 1021 1020
f 983 984 1021
f 984 1022 1021
f 984 985 1022
f 985 1023 1022
f 985 986 1023
f 986 1024 1023
f 986 987 1024
f 987 1025 1024
f 987 988 1025
f 988 1026 1025
f 988 989 1026
f 989 1027 1026
f 989 990 1027
f 990 1028 1027
f 990 991 1028
f 991 1029 1028
f 991 992 1029
f 992 1030 1029
f 992 993 1030
f 993 1031 1030
f 993 994 1031
f 994 1032 1031
f 994 995 1032
f 995 1033 1032
f 995 996 1033
f 996 1034 1033
f 996 997 1034
f 997 1035 1034
f 997 998 1035
f 998 1036 1035
f 998 999 1036
f 1000 1038 1037
f 1000 1001 1038
f 1001 1039 1038
f 1001 1002 1039
f 1002 1040 1039
f 1002 1003 1040
f 1003 1041 1040
f 1003 1004 1041
f 1004 1042 1041
f 1004 1005 1042
f 1005 1043 1042
f 1005 1006 1043
f 1006 1044 1043
f 1006 1007 1044
f 1007 1045 1044
f 1007 1008 1045
f 1008 1046 1045
f 1008 1009 1046
f 1009 1047 1046
f 1009 1010 1047
f 1010 1048 1047
f 1010 1011 1048
f 1011 1049 1048
f 1011 1012 1049
f 1012 1050 1049
f 1012 1013 1050
f 1013 1051 1050
f 1013 1014 1051
f 1014 1052 1051
f 1014 1015 1052
f 1015 1053 1052
f 1015 1016 1053
f 1016 1054 1053
f 1016 1017 1054
f 1017 1055 1054
f 1017 1018 1055
f 1018 1056 1055
f 1018 1019 1056
f 1019 1057 1056
f 1019 1020 1057
f 1020 1058 1057
f 1020 1021 1058
f 1021 1059 1058
f 1021 1022 1059
f 1022 1060 1059
f 1022 1023 1060
f 1023 1061 1060
f 1023 1024 1061
f 1024 1062 1061
f 1024 1025 1062
f 1025 1063 1062
f 1025 1026 1063
f 1026 1064 1063
f 1026 1027 1064
f 1027 1065 1064
f 1027 1028 1065
f 1028 1066 1065
f 1028 1029 1066
f 1029 1067 1066
f 1029 1030 1067
f 1030 1068 1067
f 1030 1031 1068
f 1031 1069 1068
f 1031 1032 1069
f 1032 1070 1069
f 1032 1033 1070
f 1033 1071 1070
f 1033 1034 1071
f 1034 1072 1071
f 1034 1035 1072
f 1035 1073 1072
f 1035 1036 1073
f 1037 1075 1074
f 1037 1038 1075
f 1038 1076 1075
f 1038 1039 1076
f 1039 1077 1076
f 1039 1040 1077
f 1040 1078 1077
f 1040 1041 1078
f 1041 1079 1078
f 1041 1042 1079
f 1042 1080 1079
f 1042 1043 1080
f 1043 1081 1080
f 1043 1044 1081
f 1044 1082 1081
f 1044 1045 1082
f 1045 1083 1082
f 1045 1046 1083
f 1046 1084 1083
f 1046 1047 1084
f 1047 1085 1084
f 1047 1048 1085
f 1048 1086 1085
f 1048 1049 1086
f 1049 1087 1086
f 1049 1050 1087
f 1050 1088 1087
f 1050 1051 1088
f 1051 1089 1088
f 1051 1052 1089
f 1052 1090 1089
f 1052 1053 1090
f 1053 1091 1090
f 1053 1054 1091
f 1054 1092 1091
f 1054 1055 1092
f 1055 1093 1092
f 1055 1056 1093
f 1056 1094 1093
f 1056 1057 1094
f 1057 1095 1094
f 1057 1058 1095
f 1058 1096 1095
f 1058 1059 1096
f 1059 1097 1096
f 1059 1060 1097
f 1060 1098 1097
f 1060 1061 1098
f 1061 1099 1098
f 1061 1062 1099
f 1062 1100 1099
f 1062 1063 1100
f 1063 1101 1100
f 1063 1064 1101
f 1064 1102 1101
f 1064 1065 1102
f 1065 1103 1102
f 1065 1066 1103
f 1066 1104 1103
f 1066 1067 1104
f 1067 1105 1104
f 1067 1068 1105
f 1068 1106 1105
f 1068 1069 1106
f 1069 1107 1106
f 1069 1070 1107
f 1070 1108 1107
f 1070 1071 1108
f 1071 1109 1108
f 1071 1072 1109
f 1072 1110 1109
f 1072 1073 1110
f 1074 1112 1111
f 1074 1075 1112
f 1075 1113 1112
f 1075 1076 1113
f 1076 1114 1113
f 1076 1077 1114
f 1077 1115 1114
f 1077 1078 1115
f 1078 1116 1115
f 1078 1079 1116
f 1079 1117 1116
f 1079 1080 1117
f 1080 1118 1117
f 1080 1081 1118
f 1081 1119 1118
f 1081 1082 1119
f 1082 1120 1119
f 1082 1083 1120
f 1083 1121 1120
f 1083 1084 1121
f 1084 1122 1121
f 1084 1085 1122
f 1085 1123 1122
f 1085 1086 1123
f 1086 1124 1123
f 1086 1087 1124
f 1087 1125 1124
f 1087 1088 1125
f 1088 1126 1125
f 1088 1089 1126
f 1089 1127 1126
f 1089 1090 1127
f 1090 1128 1127
f 1090 1091 1128
f 1091 1129 1128
f 1091 1092 1129
f 1092 1130 1129
f 1092 1093 1130
f 1093 1131 1130
f 1093 1094 1131
f 1094 1132 1131
f 1094 1095 1132
f 1095 1133 1132
f 1095 1096 1133
f 1096 1134 1133
f 1096 1097 1134
f 1097 1135 1134
f 1097 1098 1135
f 1098 1136 1135
f 1098 1099 1136
f 1099 1137 1136
f 1099 1100 1137
f 1100 1138 1137
f 1100 1101 1138
f 1101 1139 1138
f 1101 1102 1139
f 1102 1140 1139
f 1102 1103 1140
f 1103 1141 1140
f 1103 1104 1141
f 1104 1142 1141
f 1104 1105 1142
f 1105 1143 1142
f 1105 1106 1143
f 1106 1144 1143
f 1106 1107 1144
f 1107 1145 1144
f 1107 1108 1145
f 1108 1146 1145
f 1108 1109 1146
f 1109 1147 1146
f 1109 1110 1147
f 1111 1149 1148
f 1111 1112 1149
f 1112 1150 1149
f 1112 1113 1150
f 1113 1151 1150
f 1113 1114 1151
f 1114 1152 1151
f 1114 1115 1152
f 1115 1153 1152
f 1115 1116 1153
f 1116 1154 1153
f 1116 1117 1154
f 1117 1155 1154
f 1117 1118 1155
f 1118 1156 1155
f 1118 1119 1156
f 1119 1157 1156
f 1119 1120 1157
f 1120 1158 1157
f 1120 1121 1158
f 1121 1159 1158
f 1121 1122 1159
f 1122 1160 1159
f 1122 1123 1160
f 1123 1161 1160
f 1123 1124 1161
f 1124 1162 1161
f 1124 1125 1162
f 1125 1163 1162
f 1125 1126 1163
f 1126 1164 1163
f 1126 1127 1164
f 1127 1165 1164
f 1127 1128 1165
f 1128 1166 1165
f 1128 1129 1166
f 1129 1167 1166
f 1129 1130 1167
f 1130 1168 1167
f 1130 1131 1168
f 1131 1169 1168
f 1131 1132 1169
f 1132 1170 1169
f 1132 1133 1170
f 1133 1171 1170
f 1133 1134 1171
f 1134 1172 1171
f 1134 1135 1172
f 1135 1173 1172
f 1135 1136 1173
f 1136 1174 1173
f 1136 1137 1174
f 1137 1175 1174
f 1137 1138 1175
f 1138 1176 1175
f 1138 1139 1176
f 1139 1177 1176
f 1139 1140 1177
f 1140 1178 1177
f 1140 1141 1178
f 1141 1179 1178
f 1141 1142 1179
f 1142 1180 1179
f 1142 1143 1180
f 1143 1181 1180
f 1143 1144 1181
f 1144 1182 1181
f 1144 1145 1182
f 1145 1183 1182
f 1145 1146 1183
f 1146 1184 1183
f 1146 1147 1184
f 1148 1186 1185
f 1148 1149 1186
f 1149 1187 1186
f 1149 1150 1187
f 1150 1188 1187
f 1150 1151 1188
f 1151 1189 1188
f 1151 1152 1189
f 1152 1190 1189
f 1152 1153 1190
f 1153 1191 1190
f 1153 1154 1191
f 1154 1192 1191
f 1154 1155 1192
f 1155 1193 1192
f 1155 1156 1193
f 1156 1194 1193
f 1156 1157 1194
f 1157 1195 1194
f 1157 1158 1195
f 1158 1196 1195
f 1158 1159 1196
f 1159 1197 1196
f 1159 1160 1197
f 1160 1198 1197
f 1160 1161 1198
f 1161 1199 1198
f 1161 1162 1199
f 1162 1200 1199
f 1162 1163 1200
f 1163 1201 1200
f 1163 1164 1201
f 1164 1202 1201
f 1164 1165 1202
f 1165 1203 1202
f 1165 1166 1203
f 1166 1204 1203
f 1166 1167 1204
f 1167 1205 1204
f 1167 1168 1205
f 1168 1206 1205
f 1168 1169 1206
f 1169 1207 1206
f 1169 1170 1207
f 1170 1208 1207
f 1170 1171 1208
f 1171 1209 1208
f 1171 1172 1209
f 1172 1210 1209
f 1172 1173 1210
f 1173 1211 1210
f 1173 1174 1211
f 1174 1212 1211
f 1174 1175 1212
f 1175 1213 1212
f 1175 1176 1213
f 1176 1214 1213
f 1176 1177 1214
f 1177 1215 1214
f 1177 1178 1215
f 1178 1216 1215
f 1178 1179 1216
f 1179 1217 1216
f 1179 1180 1217
f 1180 1218 1217
f 1180 1181 1218
f 1181 1219 1218
f 1181 1182 1219
f 1182 1220 1219
f 1182 1183 1220
f 1183 1221 1220
f 1183 1184 1221
f 1185 1223 1222
f 1185 1186 1223
f 1186 1224 1223
f 1186 1187 1224
f 1187 1225 1224
f 1187 1188 1225
f 1188 1226 1225
f 1188 1189 1226
f 1189 1227 1226
f 1189 1190 1227
f 1190 1228 1227
f 1190 1191 1228
f 1191 1229 1228
f 1191 1192 1229
f 1192 1230 1229
f 1192 1193 1230
f 1193 1231 1230
f 1193 1194 1231
f 1194 1232 1231
f 1194 1195 1232
f 1195 1233 1232
f 1195 1196 1233
f 1196 1234 1233
f 1196 1197 1234
f 1197 1235 1234
f 1197 1198 1235
f 1198 1236 1235
f 1198 1199 1236
f 1199 1237 1236
f 1199 1200 1237
f 1200 1238 1237
f 1200 1201 1238
f 1201 1239 1238
f 1201 1202 1239
f 1202 1240 1239
f 1202 1203 1240
f 1203 1241 1240
f 1203 1204 1241
f 1204 1242 1241
f 1204 1205 1242
f 1205 1243 1242
f 1205 1206 1243
f 1206 1244 1243
f 1206 1207 1244
f 1207 1245 1244
f 1207 1208 1245
f 1208 1246 1245
f 1208 1209 1246
f 1209 1247 1246
f 1209 1210 1247
f 1210 1248 1247
f 1210 1211 1248
f 1211 1249 1248
f 1211 1212 1249
f 1212 1250 1249
f 1212 1213 1250
f 1213 1251 1250
f 1213 1214 1251
f 1214 1252 1251
f 1214 1215 1252
f 1215 1253 1252
f 1215 1216 1253
f 1216 1254 1253
f 1216 1217 1254
f 1217 1255 1254
f 1217 1218 1255
f 1218 1256 1255
f 1218 1219 1256
f 1219 1257 1256
f 1219 1220 1257
f 1220 1258 1257
f 1220 1221 1258
f 1222 1260 1259
f 1222 1223 1260
f 1223 1261 1260
f 1223 1224 1261
f 1224 1262 1261
f 1224 1225 1262
f 1225 1263 1262
f 1225 1226 1263
f 1226 1264 1263
f 1226 1227 1264
f 1227 1265 1264
f 1227 1228 1265
f 1228 1266 1265
f 1228 1229 1266
f 1229 1267 1266
f 1229 1230 1267
f 1230 1268 1267
f 1230 1231 1268
f 1231 1269 1268
f 1231 1232 1269
f 1232 1270 1269
f 1232 1233 1270
f 1233 1271 1270
f 1233 1234 1271
f 1234 1272 1271
f 1234 1235 1272
f 1235 1273 1272
f 1235 1236 1273
f 1236 1274 1273
f 1236 1237 1274
f 1237 1275 1274
f 1237 1238 1275
f 1238 1276 1275
f 1238 1239 1276
f 1239 1277 1276
f 1239 1240 1277
f 1240 1278 1277
f 1240 1241 1278
f 1241 1279 1278
f 1241 1242 1279
f 1242 1280 1279
f 1242 1243 1280
f 1243 1281 1280
f 1243 1244 1281
f 1244 1282 1281
f 1244 1245 1282
f 1245 1283 1282
f 1245 1246 1283
f 1246 1284 1283
f 1246 1247 1284
f 1247 1285 1284
f 1247 1248 1285
f 1248 1286 1285
f 1248 1249 1286
f 1249 1287 1286
f 1249 1250 1287
f 1250 1288 1287
f 1250 1251 1288
f 1251 1289 1288
f 1251 1252 1289
f 1252 1290 1289
f 1252 1253 1290
f 1253 1291 1290
f 1253 1254 1291
f 1254 1292 1291
f 1254 1255 1292
f 1255 1293 1292
f 1255 1256 1293
f 1256 1294 1293
f 1256 1257 1294
f 1257 1295 1294
f 1257 1258 1295
f 1259 1297 1296
f 1259 1260 1297
f 1260 1298 1297
f 1260 1261 1298
f 1261 1299 1298
f 1261 1262 1299
f 1262 1300 1299
f 1262 1263 1300
f 1263 1301 1300
f 1263 1264 1301
f 1264 1302 1301
f 1264 1265 1302
f 1265 1303 1302
f 1265 1266 1303
f 1266 1304 1303
f 1266 1267 1304
f 1267 1305 1304
f 1267 1268 1305
f 1268 1306 1305
f 1268 1269 1306
f 1269 1307 1306
f 1269 1270 1307
f 1270 1308 1307
f 1270 1271 1308
f 1271 1309 1308
f 1271 1272 1309
f 1272 1310 1309
f 1272 1273 1310
f 1273 1311 1310
f 1273 1274 1311
f 1274 1312 1311
f 1274 1275 1312
f 1275 1313 1312
f 1275 1276 1313
f 1276 1314 1313
f 1276 1277 1314
f 1277 1315 1314
f 1277 1278 1315
f 1278 1316 1315
f 1278 1279 1316
f 1279 1317 1316
f 1279 1280 1317
f 1280 1318 1317
f 1280 1281 1318
f 1281 1319 1318
f 1281 1282 1319
f 1282 1320 1319
f 1282 1283 1320
f 1283 1321 1320
f 1283 1284 1321
f 1284 1322 1321
f 1284 1285 1322
f 1285 1323 1322
f 1285 1286 1323
f 1286 1324 1323
f 1286 1287 1324
f 1287 1325 1324
f 1287 1288 1325
f 1288 1326 1325
f 1288 1289 1326
f 1289 1327 1326
f 1289 1290 1327
f 1290 1328 1327
f 1290 1291 1328
f 1291 1329 1328
f 1291 1292 1329
f 1292 1330 1329
f 1292 1293 1330
f 1293 1331 1330
f 1293 1294 1331
f 1294 1332 1331
f 1294 1295 1332
f 1296 1334 1333
f 1296 1297 1334
f 1297 1335 1334
f 1297 1298 1335
f 1298 1336 1335
f 1298 1299 1336
f 1299 1337 1336
f 1299 1300 1337
f 1300 1338 1337
f 1300 1301 1338
f 1301 1339 1338
f 1301 1302 1339
f 1302 1340 1339
f 1302 1303 1340
f 1303 1341 1340
f 1303 1304 1341
f 1304 1342 1341
f 1304 1305 1342
f 1305 1343 1342
f 1305 1306 1343
f 1306 1344 1343
f 1306 1307 1344
f 1307 1345 1344
f 1307 1308 1345
f 1308 1346 1345
f 1308 1309 1346
f 1309 1347 1346
f 1309 1310 1347
f 1310 1348 1347
f 1310 1311 1348
f 1311 1349 1348
f 1311 1312 1349
f 1312 1350 1349
f 1312 1313 1350
f 1313 1351 1350
f 1313 1314 1351
f 1314 1352 1351
f 1314 1315 1352
f 1315 1353 1352
f 1315 1316 1353
f 1316 1354 1353
f 1316 1317 1354
f 1317 1355 1354
f 1317 1318 1355
f 1318 1356 1355
f 1318 1319 1356
f 1319 1357 1356
f 1319 1320 1357
f 1320 1358 1357
f 1320 1321 1358
f 1321 1359 1358
f 1321 1322 1359
f 1322 1360 1359
f 1322 1323 1360
f 1323 1361 1360
f 1323 1324 1361
f 1324 1362 1361
f 1324 1325 1362
f 1325 1363 1362
f 1325 1326 1363
f 1326 1364 1363
f 1326 1327 1364
f 1327 1365 1364
f 1327 1328 1365
f 1328 1366 1365
f 1328 1329 1366
f 1329 1367 1366
f 1329 1330 1367
f 1330 1368 1367
f 1330 1331 1368
f 1331 1369 1368
f 1331 1332 1369
f 1333 1371 1370
f 1333 1334 1371
f 1334 1372 1371
f 1334 1335 1372
f 1335 1373 1372
f 1335 1336 1373
f 1336 1374 1373
f 1336 1337 1374
f 1337 1375 1374
f 1337 1338 1375
f 1338 1376 1375
f 1338 1339 1376
f 1339 1377 1376
f 1339 1340 1377
f 1340 1378 1377
f 1340 1341 1378
f 1341 1379 1378
f 1341 1342 1379
f 1342 1380 1379
f 1342 1343 1380
f 1343 1381 1380
f 1343 1344 1381
f 1344 1382 1381
f 1344 1345 1382
f 1345 1383 1382
f 1345 1346 1383
f 1346 1384 1383
f 1346 1347 1384
f 1347 1385 1384
f 1347 1348 1385
f 1348 1386 1385
f 1348 1349 1386
f 1349 1387 1386
f 1349 1350 1387
f 1350 1388 1387
f 1350 1351 1388
f 1351 1389 1388
f 1351 1352 1389
f 1352 1390 1389
f 1352 1353 1390
f 1353 1391 1390
f 1353 1354 1391
f 1354 1392 1391
f 1354 1355 1392
f 1355 1393 1392
f 1355 1356 1393
f 1356 1394 1393
f 1356 1357 1394
f 1357 1395 1394
f 1357 1358 1395
f 1358 1396 1395
f 1358 1359 1396
f 1359 1397 1396
f 1359 1360 1397
f 1360 1398 1397
f 1360 1361 1398
f 1361 1399 1398
f 1361 1362 1399
f 1362 1400 1399
f 1362 1363 1400
f 1363 1401 1400
f 1363 1364 1401
f 1364 1402 1401
f 1364 1365 1402
f 1365 1403 1402
f 1365 1366 1403
f 1366 1404 1403
f 1366 1367 1404
f 1367 1405 1404
f 1367 1368 1405
f 1368 1406 1405
f 1368 1369 1406
f 1370 1408 1407
f 1370 1371 1408
f 1371 1409 1408
f 1371 1372 1409
f 1372 1410 1409
f 1372 1373 1410
f 1373 1411 1410
f 1373 1374 1411
f 1374 1412 1411
f 1374 1375 1412
f 1375 1413 1412
f 1375 1376 1413
f 1376 1414 1413
f 1376 1377 1414
f 1377 1415 1414
f 1377 1378 1415
f 1378 1416 1415
f 1378 1379 1416
f 1379 1417 1416
f 1379 1380 1417
f 1380 1418 1417
f 1380 1381 1418
f 1381 1419 1418
f 1381 1382 1419
f 1382 1420 1419
f 1382 1383 1420
f 1383 1421 1420
f 1383 1384 1421
f 1384 1422 1421
f 1384 1385 1422
f 1385 1423 1422
f 1385 1386 1423
f 1386 1424 1423
f 1386 1387 1424
f 1387 1425 1424
f 1387 1388 1425
f 1388 1426 1425
f 1388 1389 1426
f 1389 1427 1426
f 1389 1390 1427
f 1390 1428 1427
f 1390 1391 1428
f 1391 1429 1428
f 1391 1392 1429
f 1392 1430 1429
f 1392 1393 1430
f 1393 1431 1430
f 1393 1394 1431
f 1394 1432 1431
f 1394 1395 1432
f 1395 1433 1432
f 1395 1396 1433
f 1396 1434 1433
f 1396 1397 1434
f 1397 1435 1434
f 1397 1398 1435
f 1398 1436 1435
f 1398 1399 1436
f 1399 1437 1436
f 1399 1400 1437
f 1400 1438 1437
f 1400 1401 1438
f 1401 1439 1438
f 1401 1402 1439
f 1402 1440 1439
f 1402 1403 1440
f 1403 1441 1440
f 1403 1404 1441
f 1404 1442 1441
f 1404 1405 1442
f 1405 1443 1442
f 1405 1406 1443
f 1407 1445 1444
f 1407 1408 1445
f 1408 1446 1445
f 1408 1409 1446
f 1409 1447 1446
f 1409 1410 1447
f 1410 1448 1447
f 1410 1411 1448
f 1411 1449 1448
f 1411 1412 1449
f 1412 1450 1449
f 1412 1413 1450
f 1413 1451 1450
f 1413 1414 1451
f 1414 1452 1451
f 1414 1415 1452
f 1415 1453 1452
f 1415 1416 1453
f 1416 1454 1453
f 1416 1417 1454
f 1417 1455 1454
f 1417 1418 1455
f 1418 1456 1455
f 1418 1419 1456
f 1419 1457 1456
f 1419 1420 1457
f 1420 1458 1457
f 1420 1421 1458
f 1421 1459 1458
f 1421 1422 1459
f 1422 1460 1459
f 1422 1423 1460
f 1423 1461 1460
f 1423 1424 1461
f 1424 1462 1461
f 1424 1425 1462
f 1425 1463 1462
f 1425 1426 1463
f 1426 1464 1463
f 1426 1427 1464
f 1427 1465 1464
f 1427 1428 1465
f 1428 1466 1465
f 1428 1429 1466
f 1429 1467 1466
f 1429 1430 1467
f 1430 1468 1467
f 1430 1431 1468
f 1431 1469 1468
f 1431 1432 1469
f 1432 1470 1469
f 1432 1433 1470
f 1433 1471 1470
f 1433 1434 1471
f 1434 1472 1471
f 1434 1435 1472
f 1435 1473 1472
f 1435 1436 1473
f 1436 1474 1473
f 1436 1437 1474
f 1437 1475 1474
f 1437 1438 1475
f 1438 1476 1475
f 1438 1439 1476
f 1439 1477 1476
f 1439 1440 1477
f 1440 1478 1477
f 1440 1441 1478
f 1441 1479 1478
f 1441 1442 1479
f 1442 1480 1479
f 1442 1443 1480
f 1444 1482 1481
f 1444 1445 1482
f 1445 1483 1482
f 1445 1446 1483
f 1446 1484 1483
f 1446 1447 1484
f 1447 1485 1484
f 1447 1448 1485
f 1448 1486 1485
f 1448 1449 1486
f 1449 1487 1486
f 1449 1450 1487
f 1450 1488 1487
f 1450 1451 1488
f 1451 1489 1488
f 1451 1452 1489
f 1452 1490 1489
f 1452 1453 1490
f 1453 1491 1490
f 1453 1454 1491
f 1454 1492 1491
f 1454 1455 1492
f 1455 1493 1492
f 1455 1456 1493
f 1456 1494 1493
f 1456 1457 1494
f 1457 1495 1494
f 1457 1458 1495
f 1458 1496 1495
f 1458 1459 1496
f 1459 1497 1496
f 1459 1460 1497
f 1460 1498 1497
f 1460 1461 1498
f 1461 1499 1498
f 1461 1462 1499
f 1462 1500 1499
f 1462 1463 1500
f 1463 1501 1500
f 1463 1464 1501
f 1464 1502 1501
f 1464 1465 1502
f 1465 1503 1502
f 1465 1466 1503
f 1466 1504 1503
f 1466 1467 1504
f 1467 1505 1504
f 1467 1468 1505
f 1468 1506 1505
f 1468 1469 1506
f 1469 1507 1506
f 1469 1470 1507
f 1470 1508 1507
f 1470 1471 1508
f 1471 1509 1508
f 1471 1472 1509
f 1472 1510 1509
f 1472 1473 1510
f 1473 1511 1510
f 1473 1474 1511
f 1474 1512 1511
f 1474 1475 1512
f 1475 1513 1512
f 1475 1476 1513
f 1476 1514 1513
f 1476 1477 1514
f 1477 1515 1514
f 1477 1478 1515
f 1478 1516 1515
f 1478 1479 1516
f 1479 1517 1516
f 1479 1480 1517
f 1481 1519 1518
f 1481 1482 1519
f 1482 1520 1519
f 1482 1483 1520
f 1483 1521 1520
f 1483 1484 1521
f 1484 1522 1521
f 1484 1485 1522
f 1485 1523 1522
f 1485 1486 1523
f 1486 1524 1523
f 1486 1487 1524
f 1487 1525 1524
f 1487 1488 1525
f 1488 1526 1525
f 1488 1489 1526
f 1489 1527 1526
f 1489 1490 1527
f 1490 1528 1527
f 1490 1491 1528
f 1491 1529 1528
f 1491 1492 1529
f 1492 1530 1529
f 1492 1493 1530
f 1493 1531 1530
f 1493 1494 1531
f 1494 1532 1531
f 1494 1495 1532
f 1495 1533 1532
f 1495 1496 1533
f 1496 1534 1533
f 1496 1497 1534
f 1497 1535 1534
f 1497 1498 1535
f 1498 1536 1535
f 1498 1499 1536
f 1499 1537 1536
f 1499 1500 1537
f 1500 1538 1537
f 1500 1501 1538
f 1501 1539 1538
f 1501 1502 1539
f 1502 1540 1539
f 1502 1503 1540
f 1503 1541 1540
f 1503 1504 1541
f 1504 1542 1541
f 1504 1505 1542
f 1505 1543 1542
f 1505 1506 1543
f 1506 1544 1543
f 1506 1507 1544
f 1507 1545 1544
f 1507 1508 1545
f 1508 1546 1545
f 1508 1509 1546
f 1509 1547 1546
f 1509 1510 1547
f 1510 1548 1547
f 1510 1511 1548
f 1511 1549 1548
f 1511 1512 1549
f 1512 1550 1549
f 1512 1513 1550
f 1513 1551 1550
f 1513 1514 1551
f 1514 1552 1551
f 1514 1515 1552
f 1515 1553 1552
f 1515 1516 1553
f 1516 1554 1553
f 1516 1517 1554
f 1518 1556 1555
f 1518 1519 1556
f 1519 1557 1556
f 1519 1520 1557
f 1520 1558 1557
f 1520 1521 1558
f 1521 1559 1558
f 1521 1522 1559
f 1522 1560 1559
f 1522 1523 1560
f 1523 1561 1560
f 1523 1524 1561
f 1524 1562 1561
f 1524 1525 1562
f 1525 1563 1562
f 1525 1526 1563
f 1526 1564 1563
f 1526 1527 1564
f 1527 1565 1564
f 1527 1528 1565
f 1528 1566 1565
f 1528 1529 1566
f 1529 1567 1566
f 1529 1530 1567
f 1530 1568 1567
f 1530 1531 1568
f 1531 1569 1568
f 1531 1532 1569
f 1532 1570 1569
f 1532 1533 1570
f 1533 1571 1570
f 1533 1534 1571
f 1534 1572 1571
f 1534 1535 1572
f 1535 1573 1572
f 1535 1536 1573
f 1536 1574 1573
f 1536 1537 1574
f 1537 1575 1574
f 1537 1538 1575
f 1538 1576 1575
f 1538 1539 1576
f 1539 1577 1576
f 1539 1540 1577
f 1540 1578 1577
f 1540 1541 1578
f 1541 1579 1578
f 1541 1542 1579
f 1542 1580 1579
f 1542 1543 1580
f 1543 1581 1580
f 1543 1544 1581
f 1544 1582 1581
f 1544 1545 1582
f 1545 1583 1582
f 1545 1546 1583
f 1546 1584 1583
f 1546 1547 1584
f 1547 1585 1584
f 1547 1548 1585
f 1548 1586 1585
f 1548 1549 1586
f 1549 1587 1586
f 1549 1550 1587
f 1550 1588 1587
f 1550 1551 1588
f 1551 1589 1588
f 1551 1552 1589
f 1552 1590 1589
f 1552 1553 1590
f 1553 1591 1590
f 1553 1554 1591
f 1555 1593 1592
f 1555 1556 1593
f 1556 1594 1593
f 1556 1557 1594
f 1557 1595 1594
f 1557 1558 1595
f 1558 1596 1595
f 1558 1559 1596
f 1559 1597 1596
f 1559 1560 1597
f 1560 1598 1597
f 1560 1561 1598
f 1561 1599 1598
f 1561 1562 1599
f 1562 1600 1599
f 1562 1563 1600
f 1563 1601 1600
f 1563 1564 1601
f 1564 1602 1601
f 1564 1565 1602
f 1565 1603 1602
f 1565 1566 1603
f 1566 1604 1603
f 1566 1567 1604
f 1567 1605 1604
f 1567 1568 1605
f 1568 1606 1605
f 1568 1569 1606
f 1569 1607 1606
f 1569 1570 1607
f 1570 1608 1607
f 1570 1571 1608
f 1571 1609 1608
f 1571 1572 1609
f 1572 1610 1609
f 1572 1573 1610
f 1573 1611 1610
f 1573 1574 1611
f 1574 1612 1611
f 1574 1575 1612
f 1575 1613 1612
f 1575 1576 1613
f 1576 1614 1613
f 1576 1577 1614
f 1577 1615 1614
f 1577 1578 1615
f 1578 1616 1615
f 1578 1579 1616
f 1579 1617 1616
f 1579 1580 1617
f 1580 1618 1617
f 1580 1581 1618
f 1581 1619 1618
f 1581 1582 1619
f 1582 1620 1619
f 1582 1583 1620
f 1583 1621 1620
f 1583 1584 1621
f 1584 1622 1621
f 1584 1585 1622
f 1585 1623 1622
f 1585 1586 1623
f 1586 1624 1623
f 1586 1587 1624
f 1587 1625 1624
f 1587 1588 1625
f 1588 1626 1625
f 1588 1589 1626
f 1589 1627 1626
f 1589 1590 1627
f 1590 1628 1627
f 1590 1591 1628
f 1592 1630 1629
f 1592 1593 1630
f 1593 1631 1630
f 1593 1594 1631
f 1594 1632 1631
f 1594 1595 1632
f 1595 1633 1632
f 1595 1596 1633
f 1596 1634 1633
f 1596 1597 1634
f 1597 1635 1634
f 1597 1598 1635
f 1598 1636 1635
f 1598 1599 1636
f 1599 1637 1636
f 1599 1600 1637
f 1600 1638 1637
f 1600 1601 1638
f 1601 1639 1638
f 1601 1602 1639
f 1602 1640 1639
f 1602 1603 1640
f 1603 1641 1640
f 1603 1604 1641
f 1604 1642 1641
f 1604 1605 1642
f 1605 1643 1642
f 1605 1606 1643
f 1606 1644 1643
f 1606 1607 1644
f 1607 1645 1644
f 1607 1608 1645
f 1608 1646 1645
f 1608 1609 1646
f 1609 1647 1646
f 1609 1610 1647
f 1610 1648 1647
f 1610 1611 1648
f 1611 1649 1648
f 1611 1612 1649
f 1612 1650 1649
f 1612 1613 1650
f 1613 1651 1650
f 1613 1614 1651
f 1614 1652 1651
f 1614 1615 1652
f 1615 1653 1652
f 1615 1616 1653
f 1616 1654 1653
f 1616 1617 1654
f 1617 1655 1654
f 1617 1618 1655
f 1618 1656 1655
f 1618 1619 1656
f 1619 1657 1656
f 1619 1620 1657
f 1620 1658 1657
f 1620 1621 1658
f 1621 1659 1658
f 1621 1622 1659
f 1622 1660 1659
f 1622 1623 1660
f 1623 1661 1660
f 1623 1624 1661
f 1624 1662 1661
f 1624 1625 1662
f 1625 1663 1662
f 1625 1626 1663
f 1626 1664 1663
f 1626 1627 1664
f 1627 1665 1664
f 1627 1628 1665
f 1629 1667 1666
f 1629 1630 1667
f 1630 1668 1667
f 1630 1631 1668
f 1631 1669 1668
f 1631 1632 1669
f 1632 1670 1669
f 1632 1633 1670
f 1633 1671 1670
f 1633 1634 1671
f 1634 1672 1671
f 1634 1635 1672
f 1635 1673 1672
f 1635 1636 1673
f 1636 1674 1673
f 1636 1637 1674
f 1637 1675 1674
f 1637 1638 1675
f 1638 1676 1675
f 1638 1639 1676
f 1639 1677 1676
f 1639 1640 1677
f 1640 1678 1677
f 1640 1641 1678
f 1641 1679 1678
f 1641 1642 1679
f 1642 1680 1679
f 1642 1643 1680
f 1643 1681 1680
f 1643 1644 1681
f 1644 1682 1681
f 1644 1645 1682
f 1645 1683 1682
f 1645 1646 1683
f 1646 1684 1683
f 1646 1647 1684
f 1647 1685 1684
f 1647 1648 1685
f 1648 1686 1685
f 1648 1649 1686
f 1649 1687 1686
f 1649 1650 1687
f 1650 1688 1687
f 1650 1651 1688
f 1651 1689 1688
f 1651 1652 1689
f 1652 1690 1689
f 1652 1653 1690
f 1653 1691 1690
f 1653 1654 1691
f 1654 1692 1691
f 1654 1655 1692
f 1655 1693 1692
f 1655 1656 1693
f 1656 1694 1693
f 1656 1657 1694
f 1657 1695 1694
f 1657 1658 1695
f 1658 1696 1695
f 1658 1659 1696
f 1659 1697 1696
f 1659 1660 1697
f 1660 1698 1697
f 1660 1661 1698
f 1661 1699 1698
f 1661 1662 1699
f 1662 1700 1699
f 1662 1663 1700
f 1663 1701 1700
f 1663 1664 1701
f 1664 1702 1701
f 1664 1665 1702
f 1666 1704 1703
f 1666 1667 1704
f 1667 1705 1704
f 1667 1668 1705
f 1668 1706 1705
f 1668 1669 1706
f 1669 1707 1706
f 1669 1670 1707
f 1670 1708 1707
f 1670 1671 1708
f 1671 1709 1708
f 1671 1672 1709
f 1672 1710 1709
f 1672 1673 1710
f 1673 1711 1710
f 1673 1674 1711
f 1674 1712 1711
f 1674 1675 1712
f 1675 1713 1712
f 1675 1676 1713
f 1676 1714 1713
f 1676 1677 1714
f 1677 1715 1714
f 1677 1678 1715
f 1678 1716 1715
f 1678 1679 1716
f 1679 1717 1716
f 1679 1680 1717
f 1680 1718 1717
f 1680 1681 1718
f 1681 1719 1718
f 1681 1682 1719
f 1682 1720 1719
f 1682 1683 1720
f 1683 1721 1720
f 1683 1684 1721
f 1684 1722 1721
f 1684 1685 1722
f 1685 1723 1722
f 1685 1686 1723
f 1686 1724 1723
f 1686 1687 1724
f 1687 1725 1724
f 1687 1688 1725
f 1688 1726 1725
f 1688 1689 1726
f 1689 1727 1726
f 1689 1690 1727
f 1690 1728 1727
f 1690 1691 1728
f 1691 1729 1728
f 1691 1692 1729
f 1692 1730 1729
f 1692 1693 1730
f 1693 1731 1730
f 1693 1694 1731
f 1694 1732 1731
f 1694 1695 1732
f 1695 1733 1732
f 1695 1696 1733
f 1696 1734 1733
f 1696 1697 1734
f 1697 1735 1734
f 1697 1698 1735
f 1698 1736 1735
f 1698 1699 1736
f 1699 1737 1736
f 1699 1700 1737
f 1700 1738 1737
f 1700 1701 1738
f 1701 1739 1738
f 1701 1702 1739
f 1703 1741 1740
f 1703 1704 1741
f 1704 1742 1741
f 1704 1705 1742
f 1705 1743 1742
f 1705 1706 1743
f 1706 1744 1743
f 1706 1707 1744
f 1707 1745 1744
f 1707 1708 1745
f 1708 1746 1745
f 1708 1709 1746
f 1709 1747 1746
f 1709 1710 1747
f 1710 1748 1747
f 1710 1711 1748
f 1711 1749 1748
f 1711 1712 1749
f 1712 1750 1749
f 1712 1713 1750
f 1713 1751 1750
f 1713 1714 1751
f 1714 1752 1751
f 1714 1715 1752
f 1715 1753 1752
f 1715 1716 1753
f 1716 1754 1753
f 1716 1717 1754
f 1717 1755 1754
f 1717 1718 1755
f 1718 1756 1755
f 1718 1719 1756
f 1719 1757 1756
f 1719 1720 1757
f 1720 1758 1757
f 1720 1721 1758
f 1721 1759 1758
f 1721 1722 1759
f 1722 1760 1759
f 1722 1723 1760
f 1723 1761 1760
f 1723 1724 1761
f 1724 1762 1761
f 1724 1725 1762
f 1725 1763 1762
f 1725 1726 1763
f 1726 1764 1763
f 1726 1727 1764
f 1727 1765 1764
f 1727 1728 1765
f 1728 1766 1765
f 1728 1729 1766
f 1729 1767 1766
f 1729 1730 1767
f 1730 1768 1767
f 1730 1731 1768
f 1731 1769 1768
f 1731 1732 1769
f 1732 1770 1769
f 1732 1733 1770
f 1733 1771 1770
f 1733 1734 1771
f 1734 1772 1771
f 1734 1735 1772
f 1735 1773 1772
f 1735 1736 1773
f 1736 1774 1773
f 1736 1737 1774
f 1737 1775 1774
f 1737 1738 1775
f 1738 1776 1775
f 1738 1739 1776
f 1740 1778 1777
f 1740 1741 1778
f 1741 1779 1778
f 1741 1742 1779
f 1742 1780 1779
f 1742 1743 1780
f 1743 1781 1780
f 1743 1744 1781
f 1744 1782 1781
f 1744 1745 1782
f 1745 1783 1782
f 1745 1746 1783
f 1746 1784 1783
f 1746 1747 1784
f 1747 1785 1784
f 1747 1748 1785
f 1748 1786 1785
f 1748 1749 1786
f 1749 1787 1786
f 1749 1750 1787
f 1750 1788 1787
f 1750 1751 1788
f 1751 1789 1788
f 1751 1752 1789
f 1752 1790 1789
f 1752 1753 1790
f 1753 1791 1790
f 1753 1754 1791
f 1754 1792 1791
f 1754 1755 1792
f 1755 1793 1792
f 1755 1756 1793
f 1756 1794 1793
f 1756 1757 1794
f 1757 1795 1794
f 1757 1758 1795
f 1758 1796 1795
f 1758 1759 1796
f 1759 1797 1796
f 1759 1760 1797
f 1760 1798 1797
f 1760 1761 1798
f 1761 1799 1798
f 1761 1762 1799
f 1762 1800 1799
f 1762 1763 1800
f 1763 1801 1800
f 1763 1764 1801
f 1764 1802 1801
f 1764 1765 1802
f 1765 1803 1802
f 1765 1766 1803
f 1766 1804 1803
f 1766 1767 1804
f 1767 1805 1804
f 1767 1768 1805
f 1768 1806 1805
f 1768 1769 1806
f 1769 1807 1806
f 1769 1770 1807
f 1770 1808 1807
f 1770 1771 1808
f 1771 1809 1808
f 1771 1772 1809
f 1772 1810 1809
f 1772 1773 1810
f 1773 1811 1810
f 1773 1774 1811
f 1774 1812 1811
f 1774 1775 1812
f 1775 1813 1812
f 1775 1776 1813
f 1777 1815 1814
f 1777 1778 1815
f 1778 1816 1815
f 1778 1779 1816
f 1779 1817 1816
f 1779 1780 1817
f 1780 1818 1817
f 1780 1781 1818
f 1781 1819 1818
f 1781 1782 1819
f 1782 1820 1819
f 1782 1783 1820
f 1783 1821 1820
f 1783 1784 1821
f 1784 1822 1821
f 1784 1785 1822
f 1785 1823 1822
f 1785 1786 1823
f 1786 1824 1823
f 1786 1787 1824
f 1787 1825 1824
f 1787 1788 1825
f 1788 1826 1825
f 1788 1789 1826
f 1789 1827 1826
f 1789 1790 1827
f 1790 1828 1827
f 1790 1791 1828
f 1791 1829 1828
f 1791 1792 1829
f 1792 1830 1829
f 1792 1793 1830
f 1793 1831 1830
f 1793 1794 1831
f 1794 1832 1831
f 1794 1795 1832
f 1795 1833 1832
f 1795 1796 1833
f 1796 1834 1833
f 1796 1797 1834
f 1797 1835 1834
f 1797 1798 1835
f 1798 1836 1835
f 1798 1799 1836
f 1799 1837 1836
f 1799 1800 1837
f 1800 1838 1837
f 1800 1801 1838
f 1801 1839 1838
f 1801 1802 1839
f 1802 1840 1839
f 1802 1803 1840
f 1803 1841 1840
f 1803 1804 1841
f 1804 1842 1841
f 1804 1805 1842
f 1805 1843 1842
f 1805 1806 1843
f 1806 1844 1843
f 1806 1807 1844
f 1807 1845 1844
f 1807 1808 1845
f 1808 1846 1845
f 1808 1809 1846
f 1809 1847 1846
f 1809 1810 1847
f 1810 1848 1847
f 1810 1811 1848
f 1811 1849 1848
f 1811 1812 1849
f 1812 1850 1849
f 1812 1813 1850
f 1814 1852 1851
f 1814 1815 1852
f 1815 1853 1852
f 1815 1816 1853
f 1816 1854 1853
f 1816 1817 1854
f 1817 1855 1854
f 1817 1818 1855
f 1818 1856 1855
f 1818 1819 1856
f 1819 1857 1856
f 1819 1820 1857
f 1820 1858 1857
f 1820 1821 1858
f 1821 1859 1858
f 1821 1822 1859
f 1822 1860 1859
f 1822 1823 1860
f 1823 1861 1860
f 1823 1824 1861
f 1824 1862 1861
f 1824 1825 1862
f 1825 1863 1862
f 1825 1826 1863
f 1826 1864 1863
f 1826 1827 1864
f 1827 1865 1864
f 1827 1828 1865
f 1828 1866 1865
f 1828 1829 1866
f 1829 1867 1866
f 1829 1830 1867
f 1830 1868 1867
f 1830 1831 1868
f 1831 1869 1868
f 1831 1832 1869
f 1832 1870 1869
f 1832 1833 1870
f 1833 1871 1870
f 1833 1834 1871
f 1834 1872 1871
f 1834 1835 1872
f 1835 1873 1872
f 1835 1836 1873
f 1836 1874 1873
f 1836 1837 1874
f 1837 1875 1874
f 1837 1838 1875
f 1838 1876 1875
f 1838 1839 1876
f 1839 1877 1876
f 1839 1840 1877
f 1840 1878 1877
f 1840 1841 1878
f 1841 1879 1878
f 1841 1842 1879
f 1842 1880 1879
f 1842 1843 1880
f 1843 1881 1880
f 1843 1844 1881
f 1844 1882 1881
f 1844 1845 1882
f 1845 1883 1882
f 1845 1846 1883
f 1846 1884 1883
f 1846 1847 1884
f 1847 1885 1884
f 1847 1848 1885
f 1848 1886 1885
f 1848 1849 1886
f 1849 1887 1886
f 1849 1850 1887
f 1851 1889 1888
f 1851 1852 1889
f 1852 1890 1889
f 1852 1853 1890
f 1853 1891 1890
f 1853 1854 1891
f 1854 1892 1891
f 1854 1855 1892
f 1855 1893 1892
f 1855 1856 1893
f 1856 1894 1893
f 1856 1857 1894
f 1857 1895 1894
f 1857 1858 1895
f 1858 1896 1895
f 1858 1859 1896
f 1859 1897 1896
f 1859 1860 1897
f 1860 1898 1897
f 1860 1861 1898
f 1861 1899 1898
f 1861 1862 1899
f 1862 1900 1899
f 1862 1863 1900
f 1863 1901 1900
f 1863 1864 1901
f 1864 1902 1901
f 1864 1865 1902
f 1865 1903 1902
f 1865 1866 1903
f 1866 1904 1903
f 1866 1867 1904
f 1867 1905 1904
f 1867 1868 1905
f 1868 1906 1905
f 1868 1869 1906
f 1869 1907 1906
f 1869 1870 1907
f 1870 1908 1907
f 1870 1871 1908
f 1871 1909 1908
f 1871 1872 1909
f 1872 1910 1909
f 1872 1873 1910
f 1873 1911 1910
f 1873 1874 1911
f 1874 1912 1911
f 1874 1875 1912
f 1875 1913 1912
f 1875 1876 1913
f 1876 1914 1913
f 1876 1877 1914
f 1877 1915 1914
f 1877 1878 1915
f 1878 1916 1915
f 1878 1879 1916
f 1879 1917 1916
f 1879 1880 1917
f 1880 1918 1917
f 1880 1881 1918
f 1881 1919 1918
f 1881 1882 1919
f 1882 1920 1919
f 1882 1883 1920
f 1883 1921 1920
f 1883 1884 1921
f 1884 1922 1921
f 1884 1885 1922
f 1885 1923 1922
f 1885 1886 1923
f 1886 1924 1923
f 1886 1887 1924
f 1888 1926 1925
f 1888 1889 1926
f 1889 1927 1926
f 1889 1890 1927
f 1890 1928 1927
f 1890 1891 1928
f 1891 1929 1928
f 1891 1892 1929
f 1892 1930 1929
f 1892 1893 1930
f 1893 1931 1930
f 1893 1894 1931
f 1894 1932 1931
f 1894 1895 1932
f 1895 1933 1932
f 1895 1896 1933
f 1896 1934 1933
f 1896 1897 1934
f 1897 1935 1934
f 1897 1898 1935
f 1898 1936 1935
f 1898 1899 1936
f 1899 1937 1936
f 1899 1900 1937
f 1900 1938 1937
f 1900 1901 1938
f 1901 1939 1938
f 1901 1902 1939
f 1902 1940 1939
f 1902 1903 1940
f 1903 1941 1940
f 1903 1904 1941
f 1904 1942 1941
f 1904 1905 1942
f 1905 1943 1942
f 1905 1906 1943
f 1906 1944 1943
f 1906 1907 1944
f 1907 1945 1944
f 1907 1908 1945
f 1908 1946 1945
f 1908 1909 1946
f 1909 1947 1946
f 1909 1910 1947
f 1910 1948 1947
f 1910 1911 1948
f 1911 1949 1948
f 1911 1912 1949
f 1912 1950 1949
f 1912 1913 1950
f 1913 1951 1950
f 1913 1914 1951
f 1914 1952 1951
f 1914 1915 1952
f 1915 1953 1952
f 1915 1916 1953
f 1916 1954 1953
f 1916 1917 1954
f 1917 1955 1954
f 1917 1918 1955
f 1918 1956 1955
f 1918 1919 1956
f 1919 1957 1956
f 1919 1920 1957
f 1920 1958 1957
f 1920 1921 1958
f 1921 1959 1958
f 1921 1922 1959
f 1922 1960 1959
f 1922 1923 1960
f 1923 1961 1960
f 1923 1924 1961
f 1925 1963 1962
f 1925 1926 1963
f 1926 1964 1963
f 1926 1927 1964
f 1927 1965 1964
f 1927 1928 1965
f 1928 1966 1965
f 1928 1929 1966
f 1929 1967 1966
f 1929 1930 1967
f 1930 1968 1967
f 1930 1931 1968
f 1931 1969 1968
f 1931 1932 1969
f 1932 1970 1969
f 1932 1933 1970
f 1933 1971 1970
f 1933 1934 1971
f 1934 1972 1971
f 1934 1935 1972
f 1935 1973 1972
f 1935 1936 1973
f 1936 1974 1973
f 1936 1937 1974
f 1937 1975 1974
f 1937 1938 1975
f 1938 1976 1975
f 1938 1939 1976
f 1939 1977 1976
f 1939 1940 1977
f 1940 1978 1977
f 1940 1941 1978
f 1941 1979 1978
f 1941 1942 1979
f 1942 1980 1979
f 1942 1943 1980
f 1943 1981 1980
f 1943 1944 1981
f 1944 1982 1981
f 1944 1945 1982
f 1945 1983 1982
f 1945 1946 1983
f 1946 1984 1983
f 1946 1947 1984
f 1947 1985 1984
f 1947 1948 1985
f 1948 1986 1985
f 1948 1949 1986
f 1949 1987 1986
f 1949 1950 1987
f 1950 1988 1987
f 1950 1951 1988
f 1951 1989 1988
f 1951 1952 1989
f 1952 1990 1989
f 1952 1953 1990
f 1953 1991 1990
f 1953 1954 1991
f 1954 1992 1991
f 1954 1955 1992
f 1955 1993 1992
f 1955 1956 1993
f 1956 1994 1993
f 1956 1957 1994
f 1957 1995 1994
f 1957 1958 1995
f 1958 1996 1995
f 1958 1959 1996
f 1959 1997 1996
f 1959 1960 1997
f 1960 1998 1997
f 1960 1961 1998
f 1962 2000 1999
f 1962 1963 2000
f 1963 2001 2000
f 1963 1964 2001
f 1964 2002 2001
f 1964 1965 2002
f 1965 2003 2002
f 1965 1966 2003
f 1966 2004 2003
f 1966 1967 2004
f 1967 2005 2004
f 1967 1968 2005
f 1968 2006 2005
f 1968 1969 2006
f 1969 2007 2006
f 1969 1970 2007
f 1970 2008 2007
f 1970 1971 2008
f 1971 2009 2008
f 1971 1972 2009
f 1972 2010 2009
f 1972 1973 2010
f 1973 2011 2010
f 1973 1974 2011
f 1974 2012 2011
f 1974 1975 2012
f 1975 2013 2012
f 1975 1976 2013
f 1976 2014 2013
f 1976 1977 2014
f 1977 2015 2014
f 1977 1978 2015
f 1978 2016 2015
f 1978 1979 2016
f 1979 2017 2016
f 1979 1980 2017
f 1980 2018 2017
f 1980 1981 2018
f 1981 2019 2018
f 1981 1982 2019
f 1982 2020 2019
f 1982 1983 2020
f 1983 2021 2020
f 1983 1984 2021
f 1984 2022 2021
f 1984 1985 2022
f 1985 2023 2022
f 1985 1986 2023
f 1986 2024 2023
f 1986 1987 2024
f 1987 2025 2024
f 1987 1988 2025
f 1988 2026 2025
f 1988 1989 2026
f 1989 2027 2026
f 1989 1990 2027
f 1990 2028 2027
f 1990 1991 2028
f 1991 2029 2028
f 1991 1992 2029
f 1992 2030 2029
f 1992 1993 2030
f 1993 2031 2030
f 1993 1994 2031
f 1994 2032 2031
f 1994 1995 2032
f 1995 2033 2032
f 1995 1996 2033
f 1996 2034 2033
f 1996 1997 2034
f 1997 2035 2034
f 1997 1998 2035
f 1999 2037 2036
f 1999 2000 2037
f 2000 2038 2037
f 2000 2001 2038
f 2001 2039 2038
f 2001 2002 2039
f 2002 2040 2039
f 2002 2003 2040
f 2003 2041 2040
f 2003 2004 2041
f 2004 2042 2041
f 2004 2005 2042
f 2005 2043 2042
f 2005 2006 2043
f 2006 2044 2043
f 2006 2007 2044
f 2007 2045 2044
f 2007 2008 2045
f 2008 2046 2045
f 2008 2009 2046
f 2009 2047 2046
f 2009 2010 2047
f 2010 2048 2047
f 2010 2011 2048
f 2011 2049 2048
f 2011 2012 2049
f 2012 2050 2049
f 2012 2013 2050
f 2013 2051 2050
f 2013 2014 2051
f 2014 2052 2051
f 2014 2015 2052
f 2015 2053 2052
f 2015 2016 2053
f 2016 2054 2053
f 2016 2017 2054
f 2017 2055 2054
f 2017 2018 2055
f 2018 2056 2055
f 2018 2019 2056
f 2019 2057 2056
f 2019 2020 2057
f 2020 2058 2057
f 2020 2021 2058
f 2021 2059 2058
f 2021 2022 2059
f 2022 2060 2059
f 2022 2023 2060
f 2023 2061 2060
f 2023 2024 2061
f 2024 2062 2061
f 2024 2025 2062
f 2025 2063 2062
f 2025 2026 2063
f 2026 2064 2063
f 2026 2027 2064
f 2027 2065 2064
f 2027 2028 2065
f 2028 2066 2065
f 2028 2029 2066
f 2029 2067 2066
f 2029 2030 2067
f 2030 2068 2067
f 2030 2031 2068
f 2031 2069 2068
f 2031 2032 2069
f 2032 2070 2069
f 2032 2033 2070
f 2033 2071 2070
f 2033 2034 2071
f 2034 2072 2071
f 2034 2035 2072
f 2036 2074 2073
f 2036 2037 2074
f 2037 2075 2074
f 2037 2038 2075
f 2038 2076 2075
f 2038 2039 2076
f 2039 2077 2076
f 2039 2040 2077
f 2040 2078 2077
f 2040 2041 2078
f 2041 2079 2078
f 2041 2042 2079
f 2042 2080 2079
f 2042 2043 2080
f 2043 2081 2080
f 2043 2044 2081
f 2044 2082 2081
f 2044 2045 2082
f 2045 2083 2082
f 2045 2046 2083
f 2046 2084 2083
f 2046 2047 2084
f 2047 2085 2084
f 2047 2048 2085
f 2048 2086 2085
f 2048 2049 2086
f 2049 2087 2086
f 2049 2050 2087
f 2050 2088 2087
f 2050 2051 2088
f 2051 2089 2088
f 2051 2052 2089
f 2052 2090 2089
f 2052 2053 2090
f 2053 2091 2090
f 2053 2054 2091
f 2054 2092 2091
f 2054 2055 2092
f 2055 2093 2092
f 2055 2056 2093
f 2056 2094 2093
f 2056 2057 2094
f 2057 2095 2094
f 2057 2058 2095
f 2058 2096 2095
f 2058 2059 2096
f 2059 2097 2096
f 2059 2060 2097
f 2060 2098 2097
f 2060 2061 2098
f 2061 2099 2098
f 2061 2062 2099
f 2062 2100 2099
f 2062 2063 2100
f 2063 2101 2100
f 2063 2064 2101
f 2064 2102 2101
f 2064 2065 2102
f 2065 2103 2102
f 2065 2066 2103
f 2066 2104 2103
f 2066 2067 2104
f 2067 2105 2104
f 2067 2068 2105
f 2068 2106 2105
f 2068 2069 2106
f 2069 2107 2106
f 2069 2070 2107
f 2070 2108 2107
f 2070 2071 2108
f 2071 2109 2108
f 2071 2072 2109
f 2073 2111 2110
f 2073 2074 2111
f 2074 2112 2111
f 2074 2075 2112
f 2075 2113 2112
f 2075 2076 2113
f 2076 2114 2113
f 2076 2077 2114
f 2077 2115 2114
f 2077 2078 2115
f 2078 2116 2115
f 2078 2079 2116
f 2079 2117 2116
f 2079 2080 2117
f 2080 2118 2117
f 2080 2081 2118
f 2081 2119 2118
f 2081 2082 2119
f 2082 2120 2119
f 2082 2083 2120
f 2083 2121 2120
f 2083 2084 2121
f 2084 2122 2121
f 2084 2085 2122
f 2085 2123 2122
f 2085 2086 2123
f 2086 2124 2123
f 2086 2087 2124
f 2087 2125 2124
f 2087 2088 2125
f 2088 2126 2125
f 2088 2089 2126
f 2089 2127 2126
f 2089 2090 2127
f 2090 2128 2127
f 2090 2091 2128
f 2091 2129 2128
f 2091 2092 2129
f 2092 2130 2129
f 2092 2093 2130
f 2093 2131 2130
f 2093 2094 2131
f 2094 2132 2131
f 2094 2095 2132
f 2095 2133 2132
f 2095 2096 2133
f 2096 2134 2133
f 2096 2097 2134
f 2097 2135 2134
f 2097 2098 2135
f 2098 2136 2135
f 2098 2099 2136
f 2099 2137 2136
f 2099 2100 2137
f 2100 2138 2137
f 2100 2101 2138
f 2101 2139 2138
f 2101 2102 2139
f 2102 2140 2139
f 2102 2103 2140
f 2103 2141 2140
f 2103 2104 2141
f 2104 2142 2141
f 2104 2105 2142
f 2105 2143 2142
f 2105 2106 2143
f 2106 2144 2143
f 2106 2107 2144
f 2107 2145 2144
f 2107 2108 2145
f 2108 2146 2145
f 2108 2109 2146
f 2110 2148 2147
f 2110 2111 2148
f 2111 2149 2148
f 2111 2112 2149
f 2112 2150 2149
f 2112 2113 2150
f 2113 2151 2150
f 2113 2114 2151
f 2114 2152 2151
f 2114 2115 2152
f 2115 2153 2152
f 2115 2116 2153
f 2116 2154 2153
f 2116 2117 2154
f 2117 2155 2154
f 2117 2118 2155
f 2118 2156 2155
f 2118 2119 2156
f 2119 2157 2156
f 2119 2120 2157
f 2120 2158 2157
f 2120 2121 2158
f 2121 2159 2158
f 2121 2122 2159
f 2122 2160 2159
f 2122 2123 2160
f 2123 2161 2160
f 2123 2124 2161
f 2124 2162 2161
f 2124 2125 2162
f 2125 2163 2162
f 2125 2126 2163
f 2126 2164 2163
f 2126 2127 2164
f 2127 2165 2164
f 2127 2128 2165
f 2128 2166 2165
f 2128 2129 2166
f 2129 2167 2166
f 2129 2130 2167
f 2130 2168 2167
f 2130 2131 2168
f 2131 2169 2168
f 2131 2132 2169
f 2132 2170 2169
f 2132 2133 2170
f 2133 2171 2170
f 2133 2134 2171
f 2134 2172 2171
f 2134 2135 2172
f 2135 2173 2172
f 2135 2136 2173
f 2136 2174 2173
f 2136 2137 2174
f 2137 2175 2174
f 2137 2138 2175
f 2138 2176 2175
f 2138 2139 2176
f 2139 2177 2176
f 2139 2140 2177
f 2140 2178 2177
f 2140 2141 2178
f 2141 2179 2178
f 2141 2142 2179
f 2142 2180 2179
f 2142 2143 2180
f 2143 2181 2180
f 2143 2144 2181
f 2144 2182 2181
f 2144 2145 2182
f 2145 2183 2182
f 2145 2146 2183
f 2147 2185 2184
f 2147 2148 2185
f 2148 2186 2185
f 2148 2149 2186
f 2149 2187 2186
f 2149 2150 2187
f 2150 2188 2187
f 2150 2151 2188
f 2151 2189 2188
f 2151 2152 2189
f 2152 2190 2189
f 2152 2153 2190
f 2153 2191 2190
f 2153 2154 2191
f 2154 2192 2191
f 2154 2155 2192
f 2155 2193 2192
f 2155 2156 2193
f 2156 2194 2193
f 2156 2157 2194
f 2157 2195 2194
f 2157 2158 2195
f 2158 2196 2195
f 2158 2159 2196
f 2159 2197 2196
f 2159 2160 2197
f 2160 2198 2197
f 2160 2161 2198
f 2161 2199 2198
f 2161 2162 2199
f 2162 2200 2199
f 2162 2163 2200
f 2163 2201 2200
f 2163 2164 2201
f 2164 2202 2201
f 2164 2165 2202
f 2165 2203 2202
f 2165 2166 2203
f 2166 2204 2203
f 2166 2167 2204
f 2167 2205 2204
f 2167 2168 2205
f 2168 2206 2205
f 2168 2169 2206
f 2169 2207 2206
f 2169 2170 2207
f 2170 2208 2207
f 2170 2171 2208
f 2171 2209 2208
f 2171 2172 2209
f 2172 2210 2209
f 2172 2173 2210
f 2173 2211 2210
f 2173 2174 2211
f 2174 2212 2211
f 2174 2175 2212
f 2175 2213 2212
f 2175 2176 2213
f 2176 2214 2213
f 2176 2177 2214
f 2177 2215 2214
f 2177 2178 2215
f 2178 2216 2215
f 2178 2179 2216
f 2179 2217 2216
f 2179 2180 2217
f 2180 2218 2217
f 2180 2181 2218
f 2181 2219 2218
f 2181 2182 2219
f 2182 2220 2219
f 2182 2183 2220
f 2184 2222 2221
f 2184 2185 2222
f 2185 2223 2222
f 2185 2186 2223
f 2186 2224 2223
f 2186 2187 2224
f 2187 2225 2224
f 2187 2188 2225
f 2188 2226 2225
f 2188 2189 2226
f 2189 2227 2226
f 2189 2190 2227
f 2190 2228 2227
f 2190 2191 2228
f 2191 2229 2228
f 2191 2192 2229
f 2192 2230 2229
f 2192 2193 2230
f 2193 2231 2230
f 2193 2194 2231
f 2194 2232 2231
f 2194 2195 2232
f 2195 2233 2232
f 2195 2196 2233
f 2196 2234 2233
f 2196 2197 2234
f 2197 2235 2234
f 2197 2198 2235
f 2198 2236 2235
f 2198 2199 2236
f 2199 2237 2236
f 2199 2200 2237
f 2200 2238 2237
f 2200 2201 2238
f 2201 2239 2238
f 2201 2202 2239
f 2202 2240 2239
f 2202 2203 2240
f 2203 2241 2240
f 2203 2204 2241
f 2204 2242 2241
f 2204 2205 2242
f 2205 2243 2242
f 2205 2206 2243
f 2206 2244 2243
f 2206 2207 2244
f 2207 2245 2244
f 2207 2208 2245
f 2208 2246 2245
f 2208 2209 2246
f 2209 2247 2246
f 2209 2210 2247
f 2210 2248 2247
f 2210 2211 2248
f 2211 2249 2248
f 2211 2212 2249
f 2212 2250 2249
f 2212 2213 2250
f 2213 2251 2250
f 2213 2214 2251
f 2214 2252 2251
f 2214 2215 2252
f 2215 2253 2252
f 2215 2216 2253
f 2216 2254 2253
f 2216 2217 2254
f 2217 2255 2254
f 2217 2218 2255
f 2218 2256 2255
f 2218 2219 2256
f 2219 2257 2256
f 2219 2220 2257
f 2221 2259 2258
f 2221 2222 2259
f 2222 2260 2259
f 2222 2223 2260
f 2223 2261 2260
f 2223 2224 2261
f 2224 2262 2261
f 2224 2225 2262
f 2225 2263 2262
f 2225 2226 2263
f 2226 2264 2263
f 2226 2227 2264
f 2227 2265 2264
f 2227 2228 2265
f 2228 2266 2265
f 2228 2229 2266
f 2229 2267 2266
f 2229 2230 2267
f 2230 2268 2267
f 2230 2231 2268
f 2231 2269 2268
f 2231 2232 2269
f 2232 2270 2269
f 2232 2233 2270
f 2233 2271 2270
f 2233 2234 2271
f 2234 2272 2271
f 2234 2235 2272
f 2235 2273 2272
f 2235 2236 2273
f 2236 2274 2273
f 2236 2237 2274
f 2237 2275 2274
f 2237 2238 2275
f 2238 2276 2275
f 2238 2239 2276
f 2239 2277 2276
f 2239 2240 2277
f 2240 2278 2277
f 2240 2241 2278
f 2241 2279 2278
f 2241 2242 2279
f 2242 2280 2279
f 2242 2243 2280
f 2243 2281 2280
f 2243 2244 2281
f 2244 2282 2281
f 2244 2245 2282
f 2245 2283 2282
f 2245 2246 2283
f 2246 2284 2283
f 2246 2247 2284
f 2247 2285 2284
f 2247 2248 2285
f 2248 2286 2285
f 2248 2249 2286
f 2249 2287 2286
f 2249 2250 2287
f 2250 2288 2287
f 2250 2251 2288
f 2251 2289 2288
f 2251 2252 2289
f 2252 2290 2289
f 2252 2253 2290
f 2253 2291 2290
f 2253 2254 2291
f 2254 2292 2291
f 2254 2255 2292
f 2255 2293 2292
f 2255 2256 2293
f 2256 2294 2293
f 2256 2257 2294
f 2258 2296 2295
f 2258 2259 2296
f 2259 2297 2296
f 2259 2260 2297
f 2260 2298 2297
f 2260 2261 2298
f 2261 2299 2298
f 2261 2262 2299
f 2262 2300 2299
f 2262 2263 2300
f 2263 2301 2300
f 2263 2264 2301
f 2264 2302 2301
f 2264 2265 2302
f 2265 2303 2302
f 2265 2266 2303
f 2266 2304 2303
f 2266 2267 2304
f 2267 2305 2304
f 2267 2268 2305
f 2268 2306 2305
f 2268 2269 2306
f 2269 2307 2306
f 2269 2270 2307
f 2270 2308 2307
f 2270 2271 2308
f 2271 2309 2308
f 2271 2272 2309
f 2272 2310 2309
f 2272 2273 2310
f 2273 2311 2310
f 2273 2274 2311
f 2274 2312 2311
f 2274 2275 2312
f 2275 2313 2312
f 2275 2276 2313
f 2276 2314 2313
f 2276 2277 2314
f 2277 2315 2314
f 2277 2278 2315
f 2278 2316 2315
f 2278 2279 2316
f 2279 2317 2316
f 2279 2280 2317
f 2280 2318 2317
f 2280 2281 2318
f 2281 2319 2318
f 2281 2282 2319
f 2282 2320 2319
f 2282 2283 2320
f 2283 2321 2320
f 2283 2284 2321
f 2284 2322 2321
f 2284 2285 2322
f 2285 2323 2322
f 2285 2286 2323
f 2286 2324 2323
f 2286 2287 2324
f 2287 2325 2324
f 2287 2288 2325
f 2288 2326 2325
f 2288 2289 2326
f 2289 2327 2326
f 2289 2290 2327
f 2290 2328 2327
f 2290 2291 2328
f 2291 2329 2328
f 2291 2292 2329
f 2292 2330 2329
f 2292 2293 2330
f 2293 2331 2330
f 2293 2294 2331
f 2295 2333 2332
f 2295 2296 2333
f 2296 2334 2333
f 2296 2297 2334
f 2297 2335 2334
f 2297 2298 2335
f 2298 2336 2335
f 2298 2299 2336
f 2299 2337 2336
f 2299 2300 2337
f 2300 2338 2337
f 2300 2301 2338
f 2301 2339 2338
f 2301 2302 2339
f 2302 2340 2339
f 2302 2303 2340
f 2303 2341 2340
f 2303 2304 2341
f 2304 2342 2341
f 2304 2305 2342
f 2305 2343 2342
f 2305 2306 2343
f 2306 2344 2343
f 2306 2307 2344
f 2307 2345 2344
f 2307 2308 2345
f 2308 2346 2345
f 2308 2309 2346
f 2309 2347 2346
f 2309 2310 2347
f 2310 2348 2347
f 2310 2311 2348
f 2311 2349 2348
f 2311 2312 2349
f 2312 2350 2349
f 2312 2313 2350
f 2313 2351 2350
f 2313 2314 2351
f 2314 2352 2351
f 2314 2315 2352
f 2315 2353 2352
f 2315 2316 2353
f 2316 2354 2353
f 2316 2317 2354
f 2317 2355 2354
f 2317 2318 2355
f 2318 2356 2355
f 2318 2319 2356
f 2319 2357 2356
f 2319 2320 2357
f 2320 2358 2357
f 2320 2321 2358
f 2321 2359 2358
f 2321 2322 2359
f 2322 2360 2359
f 2322 2323 2360
f 2323 2361 2360
f 2323 2324 2361
f 2324 2362 2361
f 2324 2325 2362
f 2325 2363 2362
f 2325 2326 2363
f 2326 2364 2363
f 2326 2327 2364
f 2327 2365 2364
f 2327 2328 2365
f 2328 2366 2365
f 2328 2329 2366
f 2329 2367 2366
f 2329 2330 2367
f 2330 2368 2367
f 2330 2331 2368
f 2332 2370 2369
f 2332 2333 2370
f 2333 2371 2370
f 2333 2334 2371
f 2334 2372 2371
f 2334 2335 2372
f 2335 2373 2372
f 2335 2336 2373
f 2336 2374 2373
f 2336 2337 2374
f 2337 2375 2374
f 2337 2338 2375
f 2338 2376 2375
f 2338 2339 2376
f 2339 2377 2376
f 2339 2340 2377
f 2340 2378 2377
f 2340 2341 2378
f 2341 2379 2378
f 2341 2342 2379
f 2342 2380 2379
f 2342 2343 2380
f 2343 2381 2380
f 2343 2344 2381
f 2344 2382 2381
f 2344 2345 2382
f 2345 2383 2382
f 2345 2346 2383
f 2346 2384 2383
f 2346 2347 2384
f 2347 2385 2384
f 2347 2348 2385
f 2348 2386 2385
f 2348 2349 2386
f 2349 2387 2386
f 2349 2350 2387
f 2350 2388 2387
f 2350 2351 2388
f 2351 2389 2388
f 2351 2352 2389
f 2352 2390 2389
f 2352 2353 2390
f 2353 2391 2390
f 2353 2354 2391
f 2354 2392 2391
f 2354 2355 2392
f 2355 2393 2392
f 2355 2356 2393
f 2356 2394 2393
f 2356 2357 2394
f 2357 2395 2394
f 2357 2358 2395
f 2358 2396 2395
f 2358 2359 2396
f 2359 2397 2396
f 2359 2360 2397
f 2360 2398 2397
f 2360 2361 2398
f 2361 2399 2398
f 2361 2362 2399
f 2362 2400 2399
f 2362 2363 2400
f 2363 2401 2400
f 2363 2364 2401
f 2364 2402 2401
f 2364 2365 2402
f 2365 2403 2402
f 2365 2366 2403
f 2366 2404 2403
f 2366 2367 2404
f 2367 2405 2404
f 2367 2368 2405
f 2369 2407 2406
f 2369 2370 2407
f 2370 2408 2407
f 2370 2371 2408
f 2371 2409 2408
f 2371 2372 2409
f 2372 2410 2409
f 2372 2373 2410
f 2373 2411 2410
f 2373 2374 2411
f 2374 2412 2411
f 2374 2375 2412
f 2375 2413 2412
f 2375 2376 2413
f 2376 2414 2413
f 2376 2377 2414
f 2377 2415 2414
f 2377 2378 2415
f 2378 2416 2415
f 2378 2379 2416
f 2379 2417 2416
f 2379 2380 2417
f 2380 2418 2417
f 2380 2381 2418
f 2381 2419 2418
f 2381 2382 2419
f 2382 2420 2419
f 2382 2383 2420
f 2383 2421 2420
f 2383 2384 2421
f 2384 2422 2421
f 2384 2385 2422
f 2385 2423 2422
f 2385 2386 2423
f 2386 2424 2423
f 2386 2387 2424
f 2387 2425 2424
f 2387 2388 2425
f 2388 2426 2425
f 2388 2389 2426
f 2389 2427 2426
f 2389 2390 2427
f 2390 2428 2427
f 2390 2391 2428
f 2391 2429 2428
f 2391 2392 2429
f 2392 2430 2429
f 2392 2393 2430
f 2393 2431 2430
f 2393 2394 2431
f 2394 2432 2431
f 2394 2395 2432
f 2395 2433 2432
f 2395 2396 2433
f 2396 2434 2433
f 2396 2397 2434
f 2397 2435 2434
f 2397 2398 2435
f 2398 2436 2435
f 2398 2399 2436
f 2399 2437 2436
f 2399 2400 2437
f 2400 2438 2437
f 2400 2401 2438
f 2401 2439 2438
f 2401 2402 2439
f 2402 2440 2439
f 2402 2403 2440
f 2403 2441 2440
f 2403 2404 2441
f 2404 2442 2441
f 2404 2405 2442
f 2406 2444 2443
f 2406 2407 2444
f 2407 2445 2444
f 2407 2408 2445
f 2408 2446 2445
f 2408 2409 2446
f 2409 2447 2446
f 2409 2410 2447
f 2410 2448 2447
f 2410 2411 2448
f 2411 2449 2448
f 2411 2412 2449
f 2412 2450 2449
f 2412 2413 2450
f 2413 2451 2450
f 2413 2414 2451
f 2414 2452 2451
f 2414 2415 2452
f 2415 2453 2452
f 2415 2416 2453
f 2416 2454 2453
f 2416 2417 2454
f 2417 2455 2454
f 2417 2418 2455
f 2418 2456 2455
f 2418 2419 2456
f 2419 2457 2456
f 2419 2420 2457
f 2420 2458 2457
f 2420 2421 2458
f 2421 2459 2458
f 2421 2422 2459
f 2422 2460 2459
f 2422 2423 2460
f 2423 2461 2460
f 2423 2424 2461
f 2424 2462 2461
f 2424 2425 2462
f 2425 2463 2462
f 2425 2426 2463
f 2426 2464 2463
f 2426 2427 2464
f 2427 2465 2464
f 2427 2428 2465
f 2428 2466 2465
f 2428 2429 2466
f 2429 2467 2466
f 2429 2430 2467
f 2430 2468 2467
f 2430 2431 2468
f 2431 2469 2468
f 2431 2432 2469
f 2432 2470 2469
f 2432 2433 2470
f 2433 2471 2470
f 2433 2434 2471
f 2434 2472 2471
f 2434 2435 2472
f 2435 2473 2472
f 2435 2436 2473
f 2436 2474 2473
f 2436 2437 2474
f 2437 2475 2474
f 2437 2438 2475
f 2438 2476 2475
f 2438 2439 2476
f 2439 2477 2476
f 2439 2440 2477
f 2440 2478 2477
f 2440 2441 2478
f 2441 2479 2478
f 2441 2442 2479
f 2443 2481 2480
f 2443 2444 2481
f 2444 2482 2481
f 2444 2445 2482
f 2445 2483 2482
f 2445 2446 2483
f 2446 2484 2483
f 2446 2447 2484
f 2447 2485 2484
f 2447 2448 2485
f 2448 2486 2485
f 2448 2449 2486
f 2449 2487 2486
f 2449 2450 2487
f 2450 2488 2487
f 2450 2451 2488
f 2451 2489 2488
f 2451 2452 2489
f 2452 2490 2489
f 2452 2453 2490
f 2453 2491 2490
f 2453 2454 2491
f 2454 2492 2491
f 2454 2455 2492
f 2455 2493 2492
f 2455 2456 2493
f 2456 2494 2493
f 2456 2457 2494
f 2457 2495 2494
f 2457 2458 2495
f 2458 2496 2495
f 2458 2459 2496
f 2459 2497 2496
f 2459 2460 2497
f 2460 2498 2497
f 2460 2461 2498
f 2461 2499 2498
f 2461 2462 2499
f 2462 2500 2499
f 2462 2463 2500
f 2463 2501 2500
f 2463 2464 2501
f 2464 2502 2501
f 2464 2465 2502
f 2465 2503 2502
f 2465 2466 2503
f 2466 2504 2503
f 2466 2467 2504
f 2467 2505 2504
f 2467 2468 2505
f 2468 2506 2505
f 2468 2469 2506
f 2469 2507 2506
f 2469 2470 2507
f 2470 2508 2507
f 2470 2471 2508
f 2471 2509 2508
f 2471 2472 2509
f 2472 2510 2509
f 2472 2473 2510
f 2473 2511 2510
f 2473 2474 2511
f 2474 2512 2511
f 2474 2475 2512
f 2475 2513 2512
f 2475 2476 2513
f 2476 2514 2513
f 2476 2477 2514
f 2477 2515 2514
f 2477 2478 2515
f 2478 2516 2515
f 2478 2479 2516
f 2480 2518 2517
f 2480 2481 2518
f 2481 2519 2518
f 2481 2482 2519
f 2482 2520 2519
f 2482 2483 2520
f 2483 2521 2520
f 2483 2484 2521
f 2484 2522 2521
f 2484 2485 2522
f 2485 2523 2522
f 2485 2486 2523
f 2486 2524 2523
f 2486 2487 2524
f 2487 2525 2524
f 2487 2488 2525
f 2488 2526 2525
f 2488 2489 2526
f 2489 2527 2526
f 2489 2490 2527
f 2490 2528 2527
f 2490 2491 2528
f 2491 2529 2528
f 2491 2492 2529
f 2492 2530 2529
f 2492 2493 2530
f 2493 2531 2530
f 2493 2494 2531
f 2494 2532 2531
f 2494 2495 2532
f 2495 2533 2532
f 2495 2496 2533
f 2496 2534 2533
f 2496 2497 2534
f 2497 2535 2534
f 2497 2498 2535
f 2498 2536 2535
f 2498 2499 2536
f 2499 2537 2536
f 2499 2500 2537
f 2500 2538 2537
f 2500 2501 2538
f 2501 2539 2538
f 2501 2502 2539
f 2502 2540 2539
f 2502 2503 2540
f 2503 2541 2540
f 2503 2504 2541
f 2504 2542 2541
f 2504 2505 2542
f 2505 2543 2542
f 2505 2506 2543
f 2506 2544 2543
f 2506 2507 2544
f 2507 2545 2544
f 2507 2508 2545
f 2508 2546 2545
f 2508 2509 2546
f 2509 2547 2546
f 2509 2510 2547
f 2510 2548 2547
f 2510 2511 2548
f 2511 2549 2548
f 2511 2512 2549
f 2512 2550 2549
f 2512 2513 2550
f 2513 2551 2550
f 2513 2514 2551
f 2514 2552 2551
f 2514 2515 2552
f 2515 2553 2552
f 2515 2516 2553
f 2517 2555 2554
f 2517 2518 2555
f 2518 2556 2555
f 2518 2519 2556
f 2519 2557 2556
f 2519 2520 2557
f 2520 2558 2557
f 2520 2521 2558
f 2521 2559 2558
f 2521 2522 2559
f 2522 2560 2559
f 2522 2523 2560
f 2523 2561 2560
f 2523 2524 2561
f 2524 2562 2561
f 2524 2525 2562
f 2525 2563 2562
f 2525 2526 2563
f 2526 2564 2563
f 2526 2527 2564
f 2527 2565 2564
f 2527 2528 2565
f 2528 2566 2565
f 2528 2529 2566
f 2529 2567 2566
f 2529 2530 2567
f 2530 2568 2567
f 2530 2531 2568
f 2531 2569 2568
f 2531 2532 2569
f 2532 2570 2569
f 2532 2533 2570
f 2533 2571 2570
f 2533 2534 2571
f 2534 2572 2571
f 2534 2535 2572
f 2535 2573 2572
f 2535 2536 2573
f 2536 2574 2573
f 2536 2537 2574
f 2537 2575 2574
f 2537 2538 2575
f 2538 2576 2575
f 2538 2539 2576
f 2539 2577 2576
f 2539 2540 2577
f 2540 2578 2577
f 2540 2541 2578
f 2541 2579 2578
f 2541 2542 2579
f 2542 2580 2579
f 2542 2543 2580
f 2543 2581 2580
f 2543 2544 2581
f 2544 2582 2581
f 2544 2545 2582
f 2545 2583 2582
f 2545 2546 2583
f 2546 2584 2583
f 2546 2547 2584
f 2547 2585 2584
f 2547 2548 2585
f 2548 2586 2585
f 2548 2549 2586
f 2549 2587 2586
f 2549 2550 2587
f 2550 2588 2587
f 2550 2551 2588
f 2551 2589 2588
f 2551 2552 2589
f 2552 2590 2589
f 2552 2553 2590
f 2554 2592 2591
f 2554 2555 2592
f 2555 2593 2592
f 2555 2556 2593
f 2556 2594 2593
f 2556 2557 2594
f 2557 2595 2594
f 2557 2558 2595
f 2558 2596 2595
f 2558 2559 2596
f 2559 2597 2596
f 2559 2560 2597
f 2560 2598 2597
f 2560 2561 2598
f 2561 2599 2598
f 2561 2562 2599
f 2562 2600 2599
f 2562 2563 2600
f 2563 2601 2600
f 2563 2564 2601
f 2564 2602 2601
f 2564 2565 2602
f 2565 2603 2602
f 2565 2566 2603
f 2566 2604 2603
f 2566 2567 2604
f 2567 2605 2604
f 2567 2568 2605
f 2568 2606 2605
f 2568 2569 2606
f 2569 2607 2606
f 2569 2570 2607
f 2570 2608 2607
f 2570 2571 2608
f 2571 2609 2608
f 2571 2572 2609
f 2572 2610 2609
f 2572 2573 2610
f 2573 2611 2610
f 2573 2574 2611
f 2574 2612 2611
f 2574 2575 2612
f 2575 2613 2612
f 2575 2576 2613
f 2576 2614 2613
f 2576 2577 2614
f 2577 2615 2614
f 2577 2578 2615
f 2578 2616 2615
f 2578 2579 2616
f 2579 2617 2616
f 2579 2580 2617
f 2580 2618 2617
f 2580 2581 2618
f 2581 2619 2618
f 2581 2582 2619
f 2582 2620 2619
f 2582 2583 2620
f 2583 2621 2620
f 2583 2584 2621
f 2584 2622 2621
f 2584 2585 2622
f 2585 2623 2622
f 2585 2586 2623
f 2586 2624 2623
f 2586 2587 2624
f 2587 2625 2624
f 2587 2588 2625
f 2588 2626 2625
f 2588 2589 2626
f 2589 2627 2626
f 2589 2590 2627
f 2591 2629 2628
f 2591 2592 2629
f 2592 2630 2629
f 2592 2593 2630
f 2593 2631 2630
f 2593 2594 2631
f 2594 2632 2631
f 2594 2595 2632
f 2595 2633 2632
f 2595 2596 2633
f 2596 2634 2633
f 2596 2597 2634
f 2597 2635 2634
f 2597 2598 2635
f 2598 2636 2635
f 2598 2599 2636
f 2599 2637 2636
f 2599 2600 2637
f 2600 2638 2637
f 2600 2601 2638
f 2601 2639 2638
f 2601 2602 2639
f 2602 2640 2639
f 2602 2603 2640
f 2603 2641 2640
f 2603 2604 2641
f 2604 2642 2641
f 2604 2605 2642
f 2605 2643 2642
f 2605 2606 2643
f 2606 2644 2643
f 2606 2607 2644
f 2607 2645 2644
f 2607 2608 2645
f 2608 2646 2645
f 2608 2609 2646
f 2609 2647 2646
f 2609 2610 2647
f 2610 2648 2647
f 2610 2611 2648
f 2611 2649 2648
f 2611 2612 2649
f 2612 2650 2649
f 2612 2613 2650
f 2613 2651 2650
f 2613 2614 2651
f 2614 2652 2651
f 2614 2615 2652
f 2615 2653 2652
f 2615 2616 2653
f 2616 2654 2653
f 2616 2617 2654
f 2617 2655 2654
f 2617 2618 2655
f 2618 2656 2655
f 2618 2619 2656
f 2619 2657 2656
f 2619 2620 2657
f 2620 2658 2657
f 2620 2621 2658
f 2621 2659 2658
f 2621 2622 2659
f 2622 2660 2659
f 2622 2623 2660
f 2623 2661 2660
f 2623 2624 2661
f 2624 2662 2661
f 2624 2625 2662
f 2625 2663 2662
f 2625 2626 2663
f 2626 2664 2663
f 2626 2627 2664
f 2628 2 1
f 2628 2629 2
f 2629 3 2
f 2629 2630 3
f 2630 4 3
f 2630 2631 4
f 2631 5 4
f 2631 2632 5
f 2632 6 5
f 2632 2633 6
f 2633 7 6
f 2633 2634 7
f 2634 8 7
f 2634 2635 8
f 2635 9 8
f 2635 2636 9
f 2636 10 9
f 2636 2637 10
f 2637 11 10
f 2637 2638 11
f 2638 12 11
f 2638 2639 12
f 2639 13 12
f 2639 2640 13
f 2640 14 13
f 2640 2641 14
f 2641 15 14
f 2641 2642 15
f 2642 16 15
f 2642 2643 16
f 2643 17 16
f 2643 2644 17
f 2644 18 17
f 2644 2645 18
f 2645 19 18
f 2645 2646 19
f 2646 20 19
f 2646 2647 20
f 2647 21 20
f 2647 2648 21
f 2648 22 21
f 2648 2649 22
f 2649 23 22
f 2649 2650 23
f 2650 24 23
f 2650 2651 24
f 2651 25 24
f 2651 2652 25
f 2652 26 25
f 2652 2653 26
f 2653 27 26
f 2653 2654 27
f 2654 28 27
f 2654 2655 28
f 2655 29 28
f 2655 2656 29
f 2656 30 29
f 2656 2657 30
f 2657 31 30
f 2657 2658 31
f 2658 32 31
f 2658 2659 32
f 2659 33 32
f 2659 2660 33
f 2660 34 33
f 2660 2661 34
f 2661 35 34
f 2661 2662 35
f 2662 36 35
f 2662 2663 36
f 2663 37 36
f 2663 2664 37
